hash,evaluator_type,evaluator,score
006d9c4f67a65d9967fada5a33a7bee388e778ea,model,bicleaner_ai_score,0.694
00abec85374a10ea0f0733fc6ed83b63406705ac,model,bicleaner_ai_score,0.774
00d3e801d792ad63738f2bf5f115c2b6f6f72713,model,bicleaner_ai_score,0.479
014908466f9b88ef920f5a337b41691d42fdd7ee,model,bicleaner_ai_score,0.77
01a7e25c1b70aaf55be540de83462dc4ebfd90ce,model,bicleaner_ai_score,0.743
025220a191cd00746e235024098587096722ec86,model,bicleaner_ai_score,0.766
026a87203f9560006280d25991d7369845fd668b,model,bicleaner_ai_score,0.685
02702a4c04e3923f7300523b42d2171d6e82d01c,model,bicleaner_ai_score,0.441
02827f62db47315bf16b5144d7a1020d62bd80b3,model,bicleaner_ai_score,0
028285cd8ea3650c692b577128e5695bc695f65f,model,bicleaner_ai_score,0.746
0393f3d66e7f9459d0da23879d922857ab89f873,model,bicleaner_ai_score,0.775
03a86e325a4de9a461692f63214e93dd80e5815a,model,bicleaner_ai_score,0.44
03b5ffcdc1cb1dec54913773c14448b5bf978215,model,bicleaner_ai_score,0.759
0458ad4dfbde833d00f379bb93fffdae2e43067a,model,bicleaner_ai_score,0.722
0586c348039debf5d3cfe1ebfa23a7710b7f417f,model,bicleaner_ai_score,0.751
05ac137df4953aa61d8c54f20ee5868e468719ac,model,bicleaner_ai_score,0.771
060579c748deb692d1ff2fbd638d70074627f27f,model,bicleaner_ai_score,0.733
064f1c01742a7177ac067aed943880e979fe327e,model,bicleaner_ai_score,0
0682924fcecc79694dd556e943e50f5e197de52f,model,bicleaner_ai_score,0.514
068de6672b6e8811504da07ee73782171f09c778,model,bicleaner_ai_score,0.775
06aee728284a6f06a776848b0e14022ab7bffd85,model,bicleaner_ai_score,0.774
06e4e1392574db07353b1ac6e16970dc01196b33,model,bicleaner_ai_score,0.65
06fbe09c6be14d4aa2d8ac2e2bb6462bc578aba6,model,bicleaner_ai_score,0
0746ebc49d7a634888072e852c5e4fc28dd62b84,model,bicleaner_ai_score,0.766
0788ddede6418749303137efa2046f012b83ac99,model,bicleaner_ai_score,0.544
07d0763ce73e651b06156a36f39611c25c711610,model,bicleaner_ai_score,0.776
0897fb5380bb620907ddc7917fdc86552f1875ae,model,bicleaner_ai_score,0.774
08bbb49cd73c56f1befd84a3e78f42929423172f,model,bicleaner_ai_score,0.775
09a09abf254bebadf0414cdec09295097efd0a8e,model,bicleaner_ai_score,0
0a6bc2d06b3b45ad171710b3ae74518cc1d1d420,model,bicleaner_ai_score,0.73
0b0b4a5693ee14b3e726bc82460a764849bc63b7,model,bicleaner_ai_score,0.74
0b0dc91d76fb30e6accb8b5ad8725da615ad5b88,model,bicleaner_ai_score,0.765
0b83b9bb4a1d2aff77260d5e639be61729acb671,model,bicleaner_ai_score,0.462
0bf76c191f72ef7f084d2d9b836ad4e6246b740b,model,bicleaner_ai_score,0.674
0c19f87314fd7b1a58a2d0a47e81f98cac2771b4,model,bicleaner_ai_score,0.767
0c1b48e8b403d48f171995b5ff9a9a3817ba6249,model,bicleaner_ai_score,0.775
0c3f576c119b1301a995d1d0fc316277d026cbbb,model,bicleaner_ai_score,0.646
0c6bd822bf1e4a41f46fe8028ac548048f4d8185,model,bicleaner_ai_score,0.761
0ca3955c0c3b0b1306698a9008c1cedf1c213bb3,model,bicleaner_ai_score,0.773
0ce2ddff9d39d5b73f8f27cd027d1c48a55ac509,model,bicleaner_ai_score,0.754
0ce9fad1f1659b9c610c789b48b454167c70b3a0,model,bicleaner_ai_score,0
0d5f33e21768ee8cfad43f24e3c3feb93e59995a,model,bicleaner_ai_score,0.762
0d747bbc3c6dd43581116a2d2c874227cfadc466,model,bicleaner_ai_score,0.745
0e024aa9a3966aa08067505120a4aa4c81b274af,model,bicleaner_ai_score,0.444
0e6a99c6b6157eedb77ba651a3e7558cc17c6e1a,model,bicleaner_ai_score,0.771
0eb4dac1005758d358f9bedb9f05e6ff90608f2b,model,bicleaner_ai_score,0.506
0f5779e054b19d688b1e693fe3af0c2c9b386ba4,model,bicleaner_ai_score,0.673
10db625af733fd61b42bd98ffaffb7a2b5eeb400,model,bicleaner_ai_score,0.747
114b9e1ce5b5fb52d0d03cddef42f6a036bf5929,model,bicleaner_ai_score,0.709
114e6f0b468637736b5f15fafa80fc6922898c4c,model,bicleaner_ai_score,0.768
11eb3063228a052bedb7db6f24d08df0a3f04ba9,model,bicleaner_ai_score,0.488
11fe7d1a450dfc61f64de8b4c3d75b1dacd08e21,model,bicleaner_ai_score,0.74
129e11df90b0ad148cc98c909bad37be51ab236e,model,bicleaner_ai_score,0.774
12ac89c1b3f37c564bb8ebaedb3e82557c997767,model,bicleaner_ai_score,0.767
13a6fa0a4a0dffa8dbf29f6a82764e4a65bb9988,model,bicleaner_ai_score,0.453
1465894633f14090f27598b853f27396bee53f31,model,bicleaner_ai_score,0.555
14b3802353782424bf1b2b45d174eb8bc61b4f41,model,bicleaner_ai_score,0.77
14f3741f0bc1225948dcf2b94759dc543243b2fb,model,bicleaner_ai_score,0.775
15a8faa5126ffdd9a48a85510118a94ed95bdd32,model,bicleaner_ai_score,0.731
163f6630cd1f55d1416f2892030e72ba8e6636e6,model,bicleaner_ai_score,0.756
16a765535de47bf3b13ee7a9521c3e4d4bdcd7c6,model,bicleaner_ai_score,0.681
16acceed38021bcff1d518c48c0ed2cfeef30aef,model,bicleaner_ai_score,0.755
178fa37efafd58164a2f8e8ee860b580e6bcf7b3,model,bicleaner_ai_score,0.738
17fd4e47355b9916471304b0582b9069a4bbd920,model,bicleaner_ai_score,0.776
18169ccf5f408192f1adab97e8b208103b046064,model,bicleaner_ai_score,0.775
184ba6f68a9c465352b3c635da0b3ad6b5112861,model,bicleaner_ai_score,0.749
185438f65fc3d29e1dc92041b659cf8d8981ab85,model,bicleaner_ai_score,0.454
18cacfa79016389fde0afd28f2b03d60f2907ff3,model,bicleaner_ai_score,0.758
18fbe6e2cb0081293f50aede1a33b6891c8c4832,model,bicleaner_ai_score,0.438
19b74e815da3a183dca72fcbb579ee0ebbacf46c,model,bicleaner_ai_score,0.775
1a562a389efa0abaa01741fcb3f4db953d8606b9,model,bicleaner_ai_score,0.776
1abab6bc5ddf68a730eabd9f5f6f85658fc53b94,model,bicleaner_ai_score,0.697
1c2886437147b98082b6d622f464a5ad12424c32,model,bicleaner_ai_score,0.671
1ce15556a6ecd32e85dba5bb36dde4d76e1c5051,model,bicleaner_ai_score,0.772
1d1f9f47ab31a71e1727b6f109cf9b7cc33f626c,model,bicleaner_ai_score,0.628
1db3ca67955ba3523a1bc897aca84927657831c2,model,bicleaner_ai_score,0.725
1e18aa2502288f644f8ae414b02138929b6561e2,model,bicleaner_ai_score,0
1f302d3672cbabea5a46c02c6fd156c344891270,model,bicleaner_ai_score,0.715
202c412f9755b74a78ee5cf92fd091ed1ab06b31,model,bicleaner_ai_score,0.683
20af7bb6971f087b4f24782699aa158f0187514a,model,bicleaner_ai_score,0.443
20dce25879d07fc86300f9dfd1d44c08f9778dd6,model,bicleaner_ai_score,0
20f004b98f2a09152440a7d75b03d66ae45bdd60,model,bicleaner_ai_score,0.762
2127a9b574f5235d17c4e72abadcda893aeef03e,model,bicleaner_ai_score,0.775
21b213fcbda7666d29ba385cf4aaf9978767875e,model,bicleaner_ai_score,0.528
21b2c104690957655266bda53f61fe245c799e90,model,bicleaner_ai_score,0.634
21e7d94f86772b7d82e1dea493686e89c6cc1800,model,bicleaner_ai_score,0.744
21e8ed2d9a1562951d380cb25954615e29f7fec5,model,bicleaner_ai_score,0.743
225550de116d9d610b299bea4495606fd83a1b8e,model,bicleaner_ai_score,0.513
228277422277072584081acbfda85b2628830855,model,bicleaner_ai_score,0.751
2313b3a64feeb241357ad91bcd106fc99cdc5ee9,model,bicleaner_ai_score,0.776
234a86a6e06755fa59fa48587df22a9215e1035f,model,bicleaner_ai_score,0.772
246893396c4b46e9c2d82669a2fbaee53d35417a,model,bicleaner_ai_score,0.739
250d946079755b475b829caf89be1058f08705af,model,bicleaner_ai_score,0.776
2546339b78912e70d022c92e795d81cf2b2dbdf4,model,bicleaner_ai_score,0.767
2578e1942d0781637126efbb80d6dd19c624cd65,model,bicleaner_ai_score,0.776
257cd4572e0c4d111f954c54371f5eb912ba2c0c,model,bicleaner_ai_score,0.671
2618665100be076ad2a4bf4729218161d5e68775,model,bicleaner_ai_score,0.772
26e9aa666ef48b9084d39a6ef8ebce19aaa49e3d,model,bicleaner_ai_score,0.773
2722efee8b411f4470bd56639fbf1b3d6b464ed7,model,bicleaner_ai_score,0.771
283d585eb424d9034c4db6c3097593e815d7e9aa,model,bicleaner_ai_score,0.695
28b55c31554a5d612f56c017f2ec7f779529dd79,model,bicleaner_ai_score,0.773
28fa659fe0e8c092af37b3d50bedb16543b94ed9,model,bicleaner_ai_score,0.583
29be16c72d697002ad208c30bcbd1ee58a96f94a,model,bicleaner_ai_score,0.775
2a578b5d52de4ec9182884a99787ef3e881e5d12,model,bicleaner_ai_score,0.685
2aaf935f3d8bd47cdac4bc5ed082bafe494eaa33,model,bicleaner_ai_score,0.47
2af92ba457bcf166cd9f1bad78f0a04782f2978f,model,bicleaner_ai_score,0
2b0add218d00588b03b8d293aef1d11c64c642a6,model,bicleaner_ai_score,0.772
2b596bf42bf0a16b057c3f0500c5e3ae4b90dd20,model,bicleaner_ai_score,0.732
2be84ad895540667b4cfafae9051e74003c4dc32,model,bicleaner_ai_score,0.774
2c54683a48b1d8cd125f8e8bfe9830841296e227,model,bicleaner_ai_score,0.53
2c72574904aedcfa4fadf3fe4a186a146243e4fb,model,bicleaner_ai_score,0.753
2d67968ec039d92321bb0dd45edf5e40283422c8,model,bicleaner_ai_score,0.732
2dcacf10c6f6c733ec2a15228a0e36404c4751a4,model,bicleaner_ai_score,0.775
2e0aea39405bc544f7a26bac4e6104732dc77b99,model,bicleaner_ai_score,0.619
2e88c7d4f4730bfc06aff96e72bee74bfeee26ad,model,bicleaner_ai_score,0.76
2fbb1126373ab74cee5fe2add94a1cb1e753c326,model,bicleaner_ai_score,0.775
30097b1c6753307a317d856c3a00d793be1be0f0,model,bicleaner_ai_score,0.757
30201c2be158b57c386767db8ac8b74dca3dfb8e,model,bicleaner_ai_score,0.739
30965949e51d26353c9314c48f44f2f95c2ed265,model,bicleaner_ai_score,0.482
30e11c6fb100b0dc05637a45042ef61cbbb8e04f,model,bicleaner_ai_score,0.6
31109b5541f9ee8ea771e3c12833050efa9f8c9e,model,bicleaner_ai_score,0.762
3127ff82ab8c81ccf8abcb87c45e08822d51e8c9,model,bicleaner_ai_score,0.744
315a03bc6901df26611cea14c4d14f21dc3f4c0e,model,bicleaner_ai_score,0.459
319dadd2e601cc6543ab9eb9d546ffa0a29c421d,model,bicleaner_ai_score,0.761
31d66cc56000c37288bac1958271df27fa104c88,model,bicleaner_ai_score,0.759
32015317f880f41cfa2805e39f5425aaa55100e6,model,bicleaner_ai_score,0.764
321be8964f0cb22b988d015b6327200fc0336ff5,model,bicleaner_ai_score,0.769
3227f40af459a36c826a4cddeb69527879ab9035,model,bicleaner_ai_score,0.775
32371a0d21926a6332c579cba56c4f2c442f83b7,model,bicleaner_ai_score,0.773
3277d89fd4d722b13500775d32130eda8570883f,model,bicleaner_ai_score,0.65
33248398de2a6d36fcad0a2087278935677f5430,model,bicleaner_ai_score,0.46
333b3a84c35ff52f6ec3f3e6a9ce6ff8c609cfee,model,bicleaner_ai_score,0.701
33bc94ed3fab63832bcfe17543e87ffd0aaec99b,model,bicleaner_ai_score,0.72
33f9b845de65356a3b519fbad87ff62a27a4bd27,model,bicleaner_ai_score,0.766
34cbe32928bd514e1733df1caff2408ed9e51607,model,bicleaner_ai_score,0.453
34d6689ddb6793791a6c42c53d28eb05fe46b4aa,model,bicleaner_ai_score,0.606
35aaddac4ed1237bb4719b307b34768af97bb3e8,model,bicleaner_ai_score,0.76
35ab35243032bbfa0c8fb621b9632f6a38773f4c,model,bicleaner_ai_score,0.753
35ff77e72777fbbca61f67449ee40be4d0730c5f,model,bicleaner_ai_score,0.775
369bec129786b1b8b18779e1bdc580baa48d0287,model,bicleaner_ai_score,0.76
36fb4923b8fa8760d6781116003ae1e0292723d5,model,bicleaner_ai_score,0.711
3718dbca9baf6d962091532fe2cde7c955c53286,model,bicleaner_ai_score,0.769
37955953c5843da679ced3bf8abce78c61a82db6,model,bicleaner_ai_score,0.741
37ace8d5baf5a707c875ac396f337b3a096d8b12,model,bicleaner_ai_score,0.775
37b9ee3b0ee3879d8ee237564669d1d0eb9b2f04,model,bicleaner_ai_score,0.77
3848a94bab1d4aca408fca18b70c52d1f5b1dd6f,model,bicleaner_ai_score,0.759
38f9868a261e01e0d5055e52845eedfacf5b9dd5,model,bicleaner_ai_score,0.768
394f4f3f0dd124d36d16c644eaaeb2cdbb5ab548,model,bicleaner_ai_score,0.775
396fb8b82371181b1645dbf78b4a0f9ae6d672a0,model,bicleaner_ai_score,0.772
3982c1213bf3426dd26685adcab0cb3ed3ba99d4,model,bicleaner_ai_score,0.764
3a243d2b19f92827757c11d930f7af75d0cc6665,model,bicleaner_ai_score,0.742
3b1fc2b6201dfe2a15eaaf211768ca36df6b9a3d,model,bicleaner_ai_score,0.724
3beabab67aef1d01f3931edd9df24b1dbfcef619,model,bicleaner_ai_score,0.669
3c556b5664c60296d9a4023bf6d6bdb2f16c0e62,model,bicleaner_ai_score,0.764
3cbdcf582ef683217e40c284439cf2f27133f025,model,bicleaner_ai_score,0.767
3cd2bac553c7e63f5a0735c1fb39a0e27d2a0ca3,model,bicleaner_ai_score,0.753
3d60c8f8feca917160d787010bbfeebc28eb493c,model,bicleaner_ai_score,0.626
3dce7e14c7575c7328380fe10d8017951475c34e,model,bicleaner_ai_score,0.775
3e6631675e700837bc55fa46d80e3e2a100b563c,model,bicleaner_ai_score,0.774
3ea64cfbe523de55a74835a3d1b52a3da4eaab41,model,bicleaner_ai_score,0.7
3f300b02121b66537e4b3bb286f1515e0e2583ef,model,bicleaner_ai_score,0.756
3fc124f455111cfabfe4efd53c094b70445d44db,model,bicleaner_ai_score,0
409f2a86c6d099210e24616f3cc36af0d7d6258f,model,bicleaner_ai_score,0.774
40a02ef708479ff3bc45e44e0648fdaf0de040ae,model,bicleaner_ai_score,0.756
40bd0e7275a33375f7b4974d3f5a3d798793b746,model,bicleaner_ai_score,0.77
40daad4fb4d1d29364dbd57f8c316c2a60b3abd0,model,bicleaner_ai_score,0.77
418f03b62d50bd11e374c13d7a187a593302d8e3,model,bicleaner_ai_score,0.733
41f1856032999b9febf9bd4cac37294d162f2ac9,model,bicleaner_ai_score,0.764
41f3f9f350e9632b0c0bf639227a1226bb2cfa24,model,bicleaner_ai_score,0.654
42b2b494aa4eddb4f9cf1dccfe872a2071d61957,model,bicleaner_ai_score,0.768
42e6ff768062c19525334c8b2afedd18358802b0,model,bicleaner_ai_score,0.679
45489be87419c5cee7973f6546c9e3941a6ae6ae,model,bicleaner_ai_score,0.707
456e4668eed55444340674157fb259cc4fbcc1cf,model,bicleaner_ai_score,0.771
45cee2dfbf73b6b98d8e8ad82b1cf5fe6ba1cc93,model,bicleaner_ai_score,0.626
46173ca6c5c3b099d26b548b42fcb6ade10ae09e,model,bicleaner_ai_score,0.774
461f5851e021d9bdfb40a7a6ea7c7d2e8c73866f,model,bicleaner_ai_score,0.714
467e5d44de17d7763b64d0d2e2e92b364417c433,model,bicleaner_ai_score,0.774
46ce62ff3412bd42c5716f561a9f6002f4555041,model,bicleaner_ai_score,0.705
4773e1ba7746bccde9e600ac3abb715ab61868ac,model,bicleaner_ai_score,0.776
4796a109e8a51aaeafb3d47785f6f9349d9910ef,model,bicleaner_ai_score,0
481ab944a05bbc7733817885d7501eae1cd56b7d,model,bicleaner_ai_score,0.449
4825536698b944be7ba6c68452f8512ddd6690b7,model,bicleaner_ai_score,0.766
482de8da34b4dae89174f010f38ee7b3c3642645,model,bicleaner_ai_score,0.453
484fafebc0eed98dcc4c673caa2186a05a72854c,model,bicleaner_ai_score,0.67
48570132c8ddb3ac3b622279671d65ea2d9d6b5c,model,bicleaner_ai_score,0.686
4885067ac2f066cfa990fb117b64e2b355ebc126,model,bicleaner_ai_score,0.581
48dadebe5e23ed35da35419dd713243b649f4777,model,bicleaner_ai_score,0.698
493cbfe46e6a45f74bd008c444775736f32f73ba,model,bicleaner_ai_score,0.643
4947d3d498ed5765c61ca92ffb9913b262024eaf,model,bicleaner_ai_score,0.763
4967f321a1d0f3e70d2f69858ddfd3ecc18793de,model,bicleaner_ai_score,0.769
496a797dee79164d5c5f3d3c775d80b8baf055ca,model,bicleaner_ai_score,0.547
49a8cf3160b231cfbaee06f7c2467b3e819ddcd0,model,bicleaner_ai_score,0.489
4a5d896ece18de4ef4bba5df48ced5ad9afcc48a,model,bicleaner_ai_score,0.52
4b0c4e91ae833a6480a6bc86152c27265ec2befe,model,bicleaner_ai_score,0.771
4b4f6f99fbb9b990af7554e2c7a7cd75e646bc92,model,bicleaner_ai_score,0.685
4b83d51e743734641207228b650579a69588ff7e,model,bicleaner_ai_score,0.732
4d9eb93aa149a88da90f6cb9a17802827702ec07,model,bicleaner_ai_score,0.734
4f4de3f855740a74df2ac944967e9f7d6a47c874,model,bicleaner_ai_score,0
4f7a4d7429bc6bd6912128eb52a392b915701e79,model,bicleaner_ai_score,0.771
4fd807b6360addbb4ce55cdf773a0dfd10aee829,model,bicleaner_ai_score,0.775
4fde45543cf5852c810f649ada7ed3ceda6f86f7,model,bicleaner_ai_score,0.775
4feb51273ee0b31101848b5b60cd0925504f8b2b,model,bicleaner_ai_score,0.653
4ff080df6db87d5f67c65b8d235dd665c7d618eb,model,bicleaner_ai_score,0.774
505c9a01450dec3b6035bdbd4e70b1c2f779480f,model,bicleaner_ai_score,0.757
50e22042ea676a4ed7f8bbad8f871e8be6d490e0,model,bicleaner_ai_score,0.587
51df3b4fab40b799a9c752b3986e239e36d37d68,model,bicleaner_ai_score,0.772
524eda58d4acaa66c5c406a5e4b03a180f795b79,model,bicleaner_ai_score,0
52744b81b0de7b9bcb641c126f4e588ae21f5b77,model,bicleaner_ai_score,0.723
52755fa969d14c9da462da7a4ab72aeddf76677b,model,bicleaner_ai_score,0.775
540879588e27ef1210a76a6fe68cfd3b71562376,model,bicleaner_ai_score,0.652
54359003d63c21718a1bb2cdffd612ed5a36665b,model,bicleaner_ai_score,0.771
54e535bfc9b712db9ddde27e91d4b3df6301f958,model,bicleaner_ai_score,0.753
552c8256981a68859261b897beba8967ba801956,model,bicleaner_ai_score,0.54
5530ecaa590332062e60c111c32ef1a2b58f19ce,model,bicleaner_ai_score,0.771
57a6d6dec8df8c877accb47a466287af33cc45d0,model,bicleaner_ai_score,0.769
57a8c4813084fe9fd5bb8f4a133ff67e4e3c333f,model,bicleaner_ai_score,0.637
5884b921b6045758e688dd8a4503bb7dedc6ced2,model,bicleaner_ai_score,0.771
5912721c0e8016a4306b8cf9097e1a0949e0ba72,model,bicleaner_ai_score,0.542
596aa72ed7f02be1f079a612aa51a71e00a345cc,model,bicleaner_ai_score,0.771
5973d5f07ab3995e36b54659fc111e4899d2daee,model,bicleaner_ai_score,0.697
59e4b34d48b33165d1f0f310a5386cdb1c780a16,model,bicleaner_ai_score,0.717
59e9d3c51b9f01bd82a8606d833151f5d280b1cd,model,bicleaner_ai_score,0.768
59ef7fed61892f3648e22a2f1367adb42232fcbf,model,bicleaner_ai_score,0.774
59f8c61bda6261f7b1aa80d9d0229df7df1c2186,model,bicleaner_ai_score,0.438
5a216c9a2e97c03d914aa46f0c991f71670e4994,model,bicleaner_ai_score,0.728
5a3710f12b77ffbf1b4b456d0d65dcf92ee80c7b,model,bicleaner_ai_score,0.738
5a410f62cf45825abe4d5b1916fce0c9f52a4fc2,model,bicleaner_ai_score,0.764
5a622df002584594ebe07f5f51135319f9abd314,model,bicleaner_ai_score,0.746
5a8f3e7918c18794699b1e70a8178a4c13b7e989,model,bicleaner_ai_score,0.773
5a97bd5f8c4aefe23e817891de768c7ede94729b,model,bicleaner_ai_score,0.762
5b69ba988b4260adf1f70454a43cda4d62249f26,model,bicleaner_ai_score,0.764
5bd18b45a4f7344f74342d7042d90f2d9b5e3318,model,bicleaner_ai_score,0.686
5bd1bbeebda925d86e6d5dcb466eb634d4671b4a,model,bicleaner_ai_score,0.774
5bda658268f064d07092af410c7d704295d4eb44,model,bicleaner_ai_score,0.758
5bf7d84c816b60b078f60257756861ec6fced931,model,bicleaner_ai_score,0.447
5c006b0ffbeeabbf6b3ed05cc7df5ca5d1bfd2d4,model,bicleaner_ai_score,0.745
5ca7d264065f2382a7566d45c563d917b5f64119,model,bicleaner_ai_score,0
5dfb39c732324e56e7fc9a8021372b436457993c,model,bicleaner_ai_score,0.517
5f4f7a72ff19350fda913b65aec3ab1024f39915,model,bicleaner_ai_score,0.767
5f6ba84fda45b37c463868fcd15b0e1ecea468d1,model,bicleaner_ai_score,0.773
5fed58786510ad0682b40692d488475832666b77,model,bicleaner_ai_score,0.774
600895147473f1c069d71f01cdd43dc7bfd5e6a1,model,bicleaner_ai_score,0.776
60cabe417660a4ecbc23c4bdd05fa708c774c9ff,model,bicleaner_ai_score,0
614885e3c2594757ae2ed13ddb2811a365f58ea6,model,bicleaner_ai_score,0
615cbc34a390f19b6b0b6f9f0cd9c2840fd72abe,model,bicleaner_ai_score,0.773
6190e519c3cc31ce568b6226cb8f5ec710fc6a75,model,bicleaner_ai_score,0.772
61e994abe0fa4be25267edf541b83f28f6c28c02,model,bicleaner_ai_score,0.697
624d25fb41f9cf4b55d04c8eb436377c3a45ce6b,model,bicleaner_ai_score,0.704
625860f5cec49b1291e769ce25ce945a459658dd,model,bicleaner_ai_score,0.74
6265e84b04bcdd0e191208e0a16324d51b19d44e,model,bicleaner_ai_score,0.765
627af4005c08984c5b415d1bbedbe7ab0b698a92,model,bicleaner_ai_score,0.739
627af443c5ade76c682f9363c7499cf370207476,model,bicleaner_ai_score,0.75
62d10eef6d9f72c630b79b011433419831198813,model,bicleaner_ai_score,0.761
62f76021b76144777ae88c378fba40313c0f161d,model,bicleaner_ai_score,0.773
634eced402d1526420b8d937a7d8079d2ea07b0f,model,bicleaner_ai_score,0.712
635dfcd33fff0c96f473dc83aa88a2e52f901800,model,bicleaner_ai_score,0.537
63851d693c8ea2f9cda2aa8b2a152b82eaf92624,model,bicleaner_ai_score,0.707
63ce72833447e73846044f9af3b0101914ef66d9,model,bicleaner_ai_score,0.487
63e14c466cabbaeda76b9d297b79a2c8aa606d4b,model,bicleaner_ai_score,0.76
6443d2eb4e2a5bf8fdd02ebd347f9ef9ef454852,model,bicleaner_ai_score,0.776
648a460dce478d3e2ef0ea59424e3e31dee4bbe5,model,bicleaner_ai_score,0.46
64fef683ead61f8abb2fea03183942b00b1b5981,model,bicleaner_ai_score,0.74
66017b23a574099ddad764fe7dfb1d1f758697c9,model,bicleaner_ai_score,0.766
66321b63b2e2eb79c91488697f05647dea7389f2,model,bicleaner_ai_score,0.771
667cf1052c8d71355a7e5ccaa16b5d3765a74c0b,model,bicleaner_ai_score,0.775
6681e076a045194d31d4b0ec3ff9bb5d0952bc5c,model,bicleaner_ai_score,0.771
668b6c00d39f2f3ff61628316f2270f473ac214c,model,bicleaner_ai_score,0.744
66b6ada4122e3030f8d14409eed4a15d7f6abef1,model,bicleaner_ai_score,0.57
6732d65ee083db463495f5002f1e2ed6816d401e,model,bicleaner_ai_score,0.662
677c09fd1cb5e165b4554158fbce27c9fc7e5692,model,bicleaner_ai_score,0.74
67d5029946343113c464a53c894592441395c592,model,bicleaner_ai_score,0.77
6807a3f03af28e8ed7dee4318280409f4b421aae,model,bicleaner_ai_score,0.464
687dfa8d5f02ab11cae0df93145618ef6da711cf,model,bicleaner_ai_score,0.476
68f16001979b161e4143c38bccfa02c80cba9b41,model,bicleaner_ai_score,0.747
691e22a596f631751240365c7b490de6a00e9ecb,model,bicleaner_ai_score,0.721
69f066d936be63ab45b8386b65f33ceb6363684d,model,bicleaner_ai_score,0.772
6aedc5f06f19df8c689befc6f52c8b4d9b037978,model,bicleaner_ai_score,0.744
6aef29ca62aa30955bb2d58932f5abf88c6bdf4e,model,bicleaner_ai_score,0.769
6b38335a2be98bdf7543fdfe6de5c7d9592d235a,model,bicleaner_ai_score,0.605
6bb8fd4fb7b23fb77e661d72ca5ee0165d78e330,model,bicleaner_ai_score,0.761
6bdf17a7a51de0cedba57bde46ecd6260e23d670,model,bicleaner_ai_score,0.776
6c003c37a4cf1198c0e4d418a43b3c9ed9deb849,model,bicleaner_ai_score,0.764
6c8f578e95d5f43c4f33875eab9d5093ad040693,model,bicleaner_ai_score,0.771
6ce0aaefa81a6268c2f528bd1799c26cc32b65b6,model,bicleaner_ai_score,0.768
6cfd852a2b2ad49df219ab4e1f291e072b9b5e19,model,bicleaner_ai_score,0.632
6d57b5d755d5d60b6e775a8a7bb8b9c69973181d,model,bicleaner_ai_score,0.771
6d999b0f65e5187f50c6f0b042cc0e21048c6834,model,bicleaner_ai_score,0.719
6dd5a74f64c233a27631332474690437d6bc376b,model,bicleaner_ai_score,0.714
6e1cd320f7b92c117c658a182f78c8786758af9e,model,bicleaner_ai_score,0.717
6e83fa175403daa642bf94db05c7fce5adbc63b3,model,bicleaner_ai_score,0.503
6ee9083ba928af5973cc227488d5197bdb316776,model,bicleaner_ai_score,0.683
6faed76ad73112b3c1e977ac3963de31759414c1,model,bicleaner_ai_score,0.747
7021b5bdb3906e2b71eb69f69fc3f8c013f2ca23,model,bicleaner_ai_score,0.772
70574301b4de22f990c04ff68a396b115330d257,model,bicleaner_ai_score,0.453
706d25f785135993dc3daa10b9138ed7a9b1f485,model,bicleaner_ai_score,0.766
70ec01d158700aa2927ad5f850889859c626410e,model,bicleaner_ai_score,0.45
715370cf743261d8ea19cee5296bf13ca28a47d4,model,bicleaner_ai_score,0.773
717e20d92fcbc0e7a400c76aa571ffbff23c7890,model,bicleaner_ai_score,0.774
7193ee33487b0bdc8a9cf5418dc184ef10c01505,model,bicleaner_ai_score,0.776
72464269d274f3c94553180494f04424aff5f6e8,model,bicleaner_ai_score,0.766
72b09adea2dbd65a3d99dfa431c034c14180156c,model,bicleaner_ai_score,0.756
7306af179b5d7b27dcea44fe5a1e9e7ce9a8e293,model,bicleaner_ai_score,0.44
73092c2e504c33393335ee01bfc42184765d0127,model,bicleaner_ai_score,0.64
73139f821cf76aa99088ae158e553b21b4ee9294,model,bicleaner_ai_score,0.728
7366cdda827c3c4287f12f84a8be673f638bf0ad,model,bicleaner_ai_score,0.775
7376e654bd15452119a191573d7993c691f722fe,model,bicleaner_ai_score,0
73920e096c5cd1cb8f72df3b044834b4d4e01c60,model,bicleaner_ai_score,0.775
73dd7fa8e40ea55ee181d1688566f49c95977999,model,bicleaner_ai_score,0.756
740813a7ec6c2c013d7fc310087710b430b7cef3,model,bicleaner_ai_score,0.763
7484b50767d5c76573aea11204382a0e56794f3b,model,bicleaner_ai_score,0.773
74af4d1a59e6b86e2ff912c49ab0e277ef16c1aa,model,bicleaner_ai_score,0.773
74ca3fa88f968d07c8a0ba8e1cdad0bb87ca2a76,model,bicleaner_ai_score,0.771
74f60d919990a51a48b0b06c9705218c18d243f3,model,bicleaner_ai_score,0.712
757d25c3fbf701c83ba11ef17aea33165a8a14ec,model,bicleaner_ai_score,0.771
759d1a60fe07bfe8399ad84f1eaa7dcdde9f96e9,model,bicleaner_ai_score,0.771
75f52bc727df25d8f6d140188e51d5355aa9d146,model,bicleaner_ai_score,0
76a1dcd899ce7e64ec3f43abe0655cd57f6a9af4,model,bicleaner_ai_score,0.758
76af39b0e2956dd2e0e3abe9bed5c8d598f96bc4,model,bicleaner_ai_score,0.526
76c76bb280987469d38fceee3fc9a5f775df8d7e,model,bicleaner_ai_score,0.772
76da88fa9eebbee40b0b6dd3e35caccde914caa0,model,bicleaner_ai_score,0.775
772bf159801b6e593efc34f0bd942f06598531d3,model,bicleaner_ai_score,0
77b3f250ca0b226f7fe5830a56a5896336501073,model,bicleaner_ai_score,0.77
77db35356118ed694bea7ea6f88f5b3906794a41,model,bicleaner_ai_score,0.742
77ed6564217f1668b8a9e66ad5d4f1da0adc3084,model,bicleaner_ai_score,0.76
786b59baccb25433ab104ebed3b6591deaf58d45,model,bicleaner_ai_score,0.764
78c26754943a165217dc03b8d60dd35ef25aaf31,model,bicleaner_ai_score,0.769
79050668ea67e5002f3981ab670c7daa3a0fad94,model,bicleaner_ai_score,0.579
7984573af8ba53b59e14e25b06bc3f1bffd601bc,model,bicleaner_ai_score,0.755
79a11817f8d4a98307e0824c80868ace5865b093,model,bicleaner_ai_score,0.754
7acab7af1924573bdb069d1313f75643a2b38059,model,bicleaner_ai_score,0.759
7acbf2fa270e2974b849b7443db161f187d81c94,model,bicleaner_ai_score,0.687
7b1b1199d9074b93f3a94be770f42cec03ca106c,model,bicleaner_ai_score,0.775
7b1dbe275c4a2c6f6e5e766d0415154d0bd2f9f2,model,bicleaner_ai_score,0.753
7bb2718a0fab197e0a2ef683016e7d168d2d9bf7,model,bicleaner_ai_score,0.772
7be27a850e3aae8e5b2c659cfe94f320c47a8913,model,bicleaner_ai_score,0.774
7c0612043467eaad9def4b31caf02851aadfe9a5,model,bicleaner_ai_score,0.774
7cadf4089358465625975004263aee218b5ef87e,model,bicleaner_ai_score,0.775
7cb8d092815d8cbfc8eb573959f17706eccbf795,model,bicleaner_ai_score,0.774
7cdeac426487a3667b732e97fc22928c93bad643,model,bicleaner_ai_score,0.462
7d1085dfc45ee68b3831119abded38d6b25b7bfa,model,bicleaner_ai_score,0.71
7d19a7d1f51c00862d47e84405e842a4282e9a5f,model,bicleaner_ai_score,0.759
7d7487e04e516d9b48cf77dedd9b4d72c9ad3ffd,model,bicleaner_ai_score,0.439
7d9408dfccf044b80481097acdd09bd7790ff82e,model,bicleaner_ai_score,0.747
7d99d74253cb89ed8d78affc67e0814c1b7eb210,model,bicleaner_ai_score,0.754
7dd00501cf7148fc5a77efe8f7dd4da42d729d1c,model,bicleaner_ai_score,0.775
7e2a4ff9d24e0ed97bbdaeb8d000303ade385822,model,bicleaner_ai_score,0.753
7e848591ddbdc6322625455ee55321ad246edf8c,model,bicleaner_ai_score,0.77
7ea18bbb2442c0e07a63c7955d2225700e55bff4,model,bicleaner_ai_score,0.447
7f1455fbc789153c3eb6d33eac5680fe635973e9,model,bicleaner_ai_score,0.542
7f2cbe9e70848b20a30e7fec876d676c95139aec,model,bicleaner_ai_score,0.439
7fcd97b629e37c71ede8ac523d4652dba5e18c13,model,bicleaner_ai_score,0.732
802afa81d4a2159f3a2350484efc329b8878c68d,model,bicleaner_ai_score,0.755
8095468049f052f02c66e2c6fea4fa88fd95c99f,model,bicleaner_ai_score,0.518
809b3caf29857829ef87f6162b20b95888c8934d,model,bicleaner_ai_score,0.756
80a3c2302f88b7d69cb268abcdff81100c5fa3a7,model,bicleaner_ai_score,0.767
811f3894bc8c81d2b9c0b2fd7c1307796ce0849b,model,bicleaner_ai_score,0.776
816ff7006d6123b54d3c0d00e475d4b9e57d1ea7,model,bicleaner_ai_score,0.717
817493942a7e083a1fc2e76b96596bb90a4ac586,model,bicleaner_ai_score,0.77
81c58f46e907b6b04fa92607d09e5df331251203,model,bicleaner_ai_score,0.581
81dc4934426641725fb1b1121b6cffe9a17f7c37,model,bicleaner_ai_score,0.715
81de55bd590f467b90074bd2aa7649af69d94c64,model,bicleaner_ai_score,0.773
820d4d36c296e174b9cf212f18d2058b6019b4c8,model,bicleaner_ai_score,0.505
82bac8ec02fdb015b7b3c833de198051b5d06608,model,bicleaner_ai_score,0.773
82d6235fac22f9f16c833d75201d46a4336b1ec8,model,bicleaner_ai_score,0.762
839dd8d0a834ba7c493f07cd9b432241588589a0,model,bicleaner_ai_score,0.771
83d23c6a35d7cadaa100d16ef335b02fc3b8bcb2,model,bicleaner_ai_score,0.539
8410d3d4b1b09f36b0de2dd82a06bb5751d26101,model,bicleaner_ai_score,0
8420ea670f16c1ae9f06766c1098dc5dfdaca16d,model,bicleaner_ai_score,0.769
844b89fef440970044adff493188225401199b0f,model,bicleaner_ai_score,0.77
847d7d0b13b47a8152f4025bf6c94134a4ab7f41,model,bicleaner_ai_score,0.773
84c8ea6984c09539e31c7599467956c85563c664,model,bicleaner_ai_score,0.438
84f372c80cf02b332895d7ac8d403b6b109340bf,model,bicleaner_ai_score,0.75
850f1096ba33bc861164313bf10b9c8d2d6083ed,model,bicleaner_ai_score,0.759
866a4169a36469bd141957d100eb9d6066fab43a,model,bicleaner_ai_score,0
8694aabe9a1aa232e06032cae723f84492b5c7c0,model,bicleaner_ai_score,0.774
86a494e92fcd802d0aa2d9f694bd61ede741a6fe,model,bicleaner_ai_score,0.761
86c40ccddd5122fbe2ff35378ee721dfb4f49a4a,model,bicleaner_ai_score,0.604
86cef2d2351d2b4f3ef855ea8fa932677a6c24c8,model,bicleaner_ai_score,0.682
870511221a136dd6798b977b841c406693b527bb,model,bicleaner_ai_score,0
87322fc4317d1d57eb4b367f785d14b731262e0d,model,bicleaner_ai_score,0.641
879a417739f6bbdf6a6dc4103bbf2dee1c3a6df4,model,bicleaner_ai_score,0.755
87e0fdac10b0d4ad91fa7cd853ca85bd4919d518,model,bicleaner_ai_score,0.584
87e3f4b7e87ba2c03a6c3b96da49fd1b433f52b7,model,bicleaner_ai_score,0.77
89a86aab9a0d10df326a8e96f353e5878e76d654,model,bicleaner_ai_score,0.765
89ac42a7fe4439a1e1f67760708f3e94f03574dd,model,bicleaner_ai_score,0.768
89c4a122a8376801acefcbfbff8bc9d8840f1e16,model,bicleaner_ai_score,0.749
8a00ce7b4498d8ab675a5aac3df18a98329e486e,model,bicleaner_ai_score,0.737
8af86ee0a6a71ac2404422668bb2e0c7144e8f25,model,bicleaner_ai_score,0.769
8afc94ec777297fb135510ead03875f1620cd154,model,bicleaner_ai_score,0.774
8b383df9f61ef668700db1946986fd9b7e26d334,model,bicleaner_ai_score,0.556
8b70545642cdaf045d34aba9eb1b427d244be8cb,model,bicleaner_ai_score,0.44
8b728017fb2cd21ead1187aa79feb03c2fc42b91,model,bicleaner_ai_score,0.506
8bb06c2cbfe1bd099f6445ebe980755d6abcd827,model,bicleaner_ai_score,0.766
8c0b2bdd79e8ffa37e9465d247cc653ea502ba0b,model,bicleaner_ai_score,0.769
8c681f138869666c01a9c149764f0dc381a5917c,model,bicleaner_ai_score,0.763
8cdae10537878476fbe2b84ea51526a7a87a5762,model,bicleaner_ai_score,0.741
8d7a815fa6e50f38151eb57f6524c99ca7d2f9fb,model,bicleaner_ai_score,0.767
8d96bc4a573d9f8a43b44b650fb63e022d0a5329,model,bicleaner_ai_score,0.439
8d99627a9b05a6a05c84cd3afd2ee8ebbe60c1f0,model,bicleaner_ai_score,0.767
8db50efe8062e579537c5235524b17d60026a407,model,bicleaner_ai_score,0.77
8e2eb37e7a08b7446fe58d7c2a152397ee4c6769,model,bicleaner_ai_score,0.757
8e593973388399639eabb0c34b1556b54a26e47a,model,bicleaner_ai_score,0.747
8e8fd49a9734804f4334ecd15ba615eb6f317bf3,model,bicleaner_ai_score,0
8f15a19f19cb1bcaef07f89c03af33d032a9cfcc,model,bicleaner_ai_score,0.602
8ffad5ce01f3eca6f0ad37c61162ebdb8c06014c,model,bicleaner_ai_score,0.766
908aaaa922054ede9e07056680346998ae0929c6,model,bicleaner_ai_score,0.524
90f24c1c91e46787ba109caed736cfedb293e45c,model,bicleaner_ai_score,0.774
911f2f825a93e3d27aa26368ad87eb6f54dbcf69,model,bicleaner_ai_score,0.603
91690e37cac6efa7052d9445c964f6bc30f5d5ba,model,bicleaner_ai_score,0.766
91836b79076bfdad7e6629ed21b275a3fa5cd30d,model,bicleaner_ai_score,0.775
9237841c3325714d47158c045c9773e538fd988b,model,bicleaner_ai_score,0.771
92a6a1086db5b6839414653ca40d11353663cf6d,model,bicleaner_ai_score,0
92e1cdab5303143c39211c1a8a5bb78661c8c0a6,model,bicleaner_ai_score,0.731
9306d668079f4202c71221b741e004df6f2e444e,model,bicleaner_ai_score,0.533
9323c63e5368ba99fd44a58845fb914be492153f,model,bicleaner_ai_score,0.758
9373de2a12b3d5c1a6741d2e0355bf613fb8da97,model,bicleaner_ai_score,0.772
940ca96d210e50163d7f110b79c45e5c78961eff,model,bicleaner_ai_score,0.771
948e53aa5d684810ea565fcf5e6cddcc1116e944,model,bicleaner_ai_score,0.774
94cc72dce14026172816ba199a63b338a7ab48f2,model,bicleaner_ai_score,0.755
951938ef77dad27019a6f54b7ee55b166a35e573,model,bicleaner_ai_score,0.753
95c857436753bae3882f6f7e6f5a99ce0016c7d1,model,bicleaner_ai_score,0.74
95f97c38fffc95d8a7fb9eda04fa8548b750d1c8,model,bicleaner_ai_score,0.549
960c4962ae7d01a0d297467dcb6c2efc66a8b15b,model,bicleaner_ai_score,0.579
960d1593ec061fe57d84db73f882d00e51fa155e,model,bicleaner_ai_score,0
96173a3da68bda36f8f1009994a4e7c2f269ef20,model,bicleaner_ai_score,0.772
96d95c1e2af4c3568cffdc310e5e93c37d697300,model,bicleaner_ai_score,0.766
970b0b2d794e9642252c562ccaa6c4029fa64155,model,bicleaner_ai_score,0.762
9723236419333e680a0501e146d84d76f69970fb,model,bicleaner_ai_score,0.667
973f0b561bc13214f7932fd128eb234669d3fd49,model,bicleaner_ai_score,0.536
974caa22e2c86ad8ba5073a3d0530e1f870ab09f,model,bicleaner_ai_score,0.775
974e365b20b72ee7f0e6c6cd1f69a6fc4891e65e,model,bicleaner_ai_score,0.772
97b3127fac5bbd209a6b0cf1697d59c4ec72cc26,model,bicleaner_ai_score,0.439
9800c67c4d73bb9ca75d8d54e75154e9359fdb2a,model,bicleaner_ai_score,0.765
98577d9ca460fc3775ded2cbbcf239d4226027f9,model,bicleaner_ai_score,0.758
98b40a1aac8bdba3cd10bfc3bc5ced9881a39ca5,model,bicleaner_ai_score,0.485
98da4c99a9ac210ba9c4ef7e6d75e77f866bf361,model,bicleaner_ai_score,0.453
98f47229fe5b353fa4e4db73bb2d97d63546018f,model,bicleaner_ai_score,0.729
98f9f26757059772327c22c57e6a61dd635ffe36,model,bicleaner_ai_score,0.755
9947f32bf93c2faa909930f1f47c7572c2a9ba44,model,bicleaner_ai_score,0.767
9960a58f1665446ea2076633c13faf298bd4d043,model,bicleaner_ai_score,0.759
9982acf081bb0e92cef530eef662145da0ff5969,model,bicleaner_ai_score,0.715
99e3bd69c4f074cb5f1245ebb33024a42b983484,model,bicleaner_ai_score,0.691
9a1c480dfed61ec11c278381aa66b0bd65dac3b3,model,bicleaner_ai_score,0.682
9a4ce16b8d1e962f94e2a8945b6d773bd6b59d6d,model,bicleaner_ai_score,0.773
9a88fb66675988d4e3e53f5c4d560b406be16adc,model,bicleaner_ai_score,0.439
9b1300bf13adbf74106d550ced043f7c559984dc,model,bicleaner_ai_score,0
9b6ac8e19de5dac834b702afefc3e7c973e391a9,model,bicleaner_ai_score,0.606
9c614fe01ff0021d39492317cbbea8dd581a3b16,model,bicleaner_ai_score,0.772
9ccc67e37a2df75b8227904c2d88832b44550399,model,bicleaner_ai_score,0.769
9d343d6719b4124d3f760a4a3a879357439ff0fb,model,bicleaner_ai_score,0.478
9d752b5d4a1432d7553476fbd465af5ae3aa3bf4,model,bicleaner_ai_score,0.703
9dd983d834b37190ba0a8e993e1290b0e1351045,model,bicleaner_ai_score,0.602
9dec0a71790ff51afb5e71647e837d72da3fefe1,model,bicleaner_ai_score,0.762
9df764508baadee51374d408011836430453b867,model,bicleaner_ai_score,0.439
9f5b41bb78f3cfe47deaa8b2e0644b1ce9abe91a,model,bicleaner_ai_score,0.773
a02e47b3b09813d2c2cf744337b240ed9b5d24b2,model,bicleaner_ai_score,0.76
a0773bc3abfaaf905ee13f2b989d8d8e77be70b9,model,bicleaner_ai_score,0.771
a0791b1392d79d0b7aa5e4ce8c6a1807a1878aad,model,bicleaner_ai_score,0.771
a12c226d695665706c536efca6a9e9df1d050e45,model,bicleaner_ai_score,0.508
a19fc8e0d9463026b01e2237b418720ca3ce9b09,model,bicleaner_ai_score,0.763
a1b4aeefdf1feb3f16ba30dfac6ddc888fcb20d9,model,bicleaner_ai_score,0.666
a24445327e1e6c399fd3da56df32d59d37a32d38,model,bicleaner_ai_score,0.756
a25e0a034bea78f541c0b097b7c30742c92b3a74,model,bicleaner_ai_score,0.622
a2edb76ef8ee4a58202f0d46eb30d40baa01db5d,model,bicleaner_ai_score,0.588
a34fbb067cbd14cd6a31f48b71723ed4dc0826d9,model,bicleaner_ai_score,0.757
a3c358d94e8dcdac961fd0af1c647e5917f11b3f,model,bicleaner_ai_score,0.773
a3c3cf89f0cdc432c495594d8b4478cc92a28a41,model,bicleaner_ai_score,0.741
a3cbe57f0a37bcc1bbf4392ebd394ea2c33b8afe,model,bicleaner_ai_score,0.723
a41c848b7e85308a6d59d8754b98ecca5c2a496a,model,bicleaner_ai_score,0.451
a4621b4421747e1eeb02f3b5553bc86e958bc942,model,bicleaner_ai_score,0.569
a4c05056fa05c31cd188bb925bd7129a27da63c8,model,bicleaner_ai_score,0
a570791ae346cd4a655e8b9babe6b5814004490c,model,bicleaner_ai_score,0.776
a57b1f61060d71a65ffadf47cd9e1e6e32775a10,model,bicleaner_ai_score,0
a6193af9be59206bfff0be15c3bd68ebaaf34894,model,bicleaner_ai_score,0.766
a63f2ac9d9e92876cf10bcaaac9359fc5dc19928,model,bicleaner_ai_score,0.529
a645da4a68a739b0e75a260be225db5c657d09a0,model,bicleaner_ai_score,0.772
a65f271f1ab821b4b97bf7c9dc7990c01ac1903b,model,bicleaner_ai_score,0.776
a6d09b6180fc68829112be619074f860614d6b0e,model,bicleaner_ai_score,0.753
a6d3d9faa1935f106767724fc62ad990ecfdc7e7,model,bicleaner_ai_score,0.757
a7cdb9493bcf3398169af61bfa15d46a8d7905d7,model,bicleaner_ai_score,0.768
a8089d829a0eaec23b831d26142e5c6cca905a01,model,bicleaner_ai_score,0.725
a809ae6b2d8a9ff09956c23fdff5e4e43c547422,model,bicleaner_ai_score,0.53
a80d7def3493d223517c0d7d268add2eabbc79ba,model,bicleaner_ai_score,0.766
a85fe9311b3d8819b5b98a750664b73d9e29062d,model,bicleaner_ai_score,0.439
a861081bd228a2833a033c7641331b8da4cf3f75,model,bicleaner_ai_score,0.774
a8b126ad58c3a9f135a99e99ff322542b936fd2c,model,bicleaner_ai_score,0.77
a8cd1ded47af69037096210be864861b551d70d4,model,bicleaner_ai_score,0.711
aa2255a0726d23a5c74a3a902444a96f6b3a9c62,model,bicleaner_ai_score,0.754
aaaa7aabae54e895cbf69d6c73642e9e09524b6c,model,bicleaner_ai_score,0.766
aad932c4541f26a3701a62311c1e5ff4b0dab646,model,bicleaner_ai_score,0.776
ab4cdd2ad313b18a6a2c28f35ba31fcba197438c,model,bicleaner_ai_score,0.769
ac728865d197f6c4df39a8e83b9a303ee6296702,model,bicleaner_ai_score,0.776
ad66d76049f2a8dcaf9dba95253e1c0d304b828a,model,bicleaner_ai_score,0.771
adee43331f7338f0c9c4a72228033be4df4dec86,model,bicleaner_ai_score,0.693
ae1283e151beac8b1cec137a1415bdd6421ac8ab,model,bicleaner_ai_score,0.77
ae2820ffc67733defb10442de981e8942ac9c923,model,bicleaner_ai_score,0.77
ae783a5ee74a975c46411b99e77b93beafe3ef0b,model,bicleaner_ai_score,0
af1c0eeb0a6ca8aa3d40a647071b3ed9704e27a3,model,bicleaner_ai_score,0.776
af2b64a603f0c7a9c27482f435417aae289ad230,model,bicleaner_ai_score,0.756
afdb2efa0b45fbc29e29811bc99e856c934de0ef,model,bicleaner_ai_score,0.724
affab9a235577c4aff1fb28bee7001c64005a0c6,model,bicleaner_ai_score,0.771
b0346634e17603ebbfd5375942399f28ae13d597,model,bicleaner_ai_score,0.464
b054601934791d5b361a33980c7a8bf65e310def,model,bicleaner_ai_score,0.482
b0628b995da51161a4a82bf282d4667334f5239e,model,bicleaner_ai_score,0.767
b07a35682f257d8dd72a3fd1ca9bfa2dc42663de,model,bicleaner_ai_score,0.773
b08aad1464629022ccc95ce0c4e6fc662ae1c213,model,bicleaner_ai_score,0.539
b0f3e51851018d2c7f8f5c7ca5b1970221eaf000,model,bicleaner_ai_score,0.47
b12d74a0c1efaab95de155263fc339a809eaf80e,model,bicleaner_ai_score,0.601
b1392c411fb26a13435222665626b30f97ca3b1b,model,bicleaner_ai_score,0.6
b13ab40de07bf1a3d7c898b41025edc071d45179,model,bicleaner_ai_score,0.757
b2464c2193c0669b93486d394f53fc52cfa27e3e,model,bicleaner_ai_score,0
b2749be01ef623373c363c94262b41639fa1a7cf,model,bicleaner_ai_score,0.716
b2823a6c067844eb1cd386632577de12ec55564c,model,bicleaner_ai_score,0.775
b28fd14764b1b3e0d41dc913bb622f7eef1d8749,model,bicleaner_ai_score,0.465
b2bc619dc48e669f2593bc442ff8d5a859a2e9b4,model,bicleaner_ai_score,0.754
b2ca5f8629a7b5fb2477fa68c53f496a42add35f,model,bicleaner_ai_score,0.765
b328fc73453f760f6e842e2b573eb1ec6cd04ca7,model,bicleaner_ai_score,0.439
b37b2b5b025c577a7480813cb5d21e5211b69375,model,bicleaner_ai_score,0.677
b466d36fe52b190ae7da1e2ec16246f37b027e41,model,bicleaner_ai_score,0.545
b4819d66284ba8ac6d3692af17b68aee61c963b9,model,bicleaner_ai_score,0.516
b4e9a2fafc5f41c180e374a6bc8eb563cebb1968,model,bicleaner_ai_score,0.478
b4eff200fd8cfd311606d53104b4607b6c48ea9b,model,bicleaner_ai_score,0.537
b535a47412d4f62b0aaecfce07fa3a1cf8ca03a3,model,bicleaner_ai_score,0.765
b5a7c7d521ccb75e1dc487863cb3d663b2f1002e,model,bicleaner_ai_score,0.756
b685681c665f6bb8591e6376137a0f23739b1ef5,model,bicleaner_ai_score,0.622
b6f68060cb80924cfe6f34153ca3ad491ec90e36,model,bicleaner_ai_score,0.776
b7389fe705c2940a43e07c9de22b61a2b6c7df45,model,bicleaner_ai_score,0.455
b7896967004f1f431498f335da96196c06eb9029,model,bicleaner_ai_score,0.531
b7a2d0cbdc170b6cf44a5186deb8068a3c757aeb,model,bicleaner_ai_score,0.762
b7b15be52847f34c3f4e89f79916b7f1eef935f7,model,bicleaner_ai_score,0
b7d093ea46ae1c7294264f7dc2a1c6c6e899a894,model,bicleaner_ai_score,0.773
b7ed63e3e839a47424b597fbe9afe34a02f2bff7,model,bicleaner_ai_score,0.638
b85c5e0dd860cced371f80ec7c3642d4d8a8dccf,model,bicleaner_ai_score,0.449
b87d4f00bf501f6f75d6245cd75fdc8e5399fc11,model,bicleaner_ai_score,0.638
b8f6dd7ae7479186d3b97065fdd405fce96b8592,model,bicleaner_ai_score,0.775
b900fbe14a91f99ee038809476147746529eeb7f,model,bicleaner_ai_score,0.448
b9bc681457faf51e41e8b6c34b473380b17f5975,model,bicleaner_ai_score,0
b9ecb675cba911185279d142ea86f1247ee2f723,model,bicleaner_ai_score,0.775
ba4bf54c3c4968ce6e73cb6a03348a18b8780835,model,bicleaner_ai_score,0.77
ba61e17ad9f813bab58a23438fa22b92d3ff4876,model,bicleaner_ai_score,0.724
bb58f4edebd88e642c145866d2f9b69fca840ffc,model,bicleaner_ai_score,0.744
bb9e4dd58a0179b8f2bf12af8cccf24efeb0ff32,model,bicleaner_ai_score,0.775
bc3c0ea07a77158fad82caba8a2c6cc567910e09,model,bicleaner_ai_score,0.705
bc515e0b2e22698ebf2d43848e13530cab176063,model,bicleaner_ai_score,0.693
bd84145f8d2dc4e21a48c3977bf3ea667b92e865,model,bicleaner_ai_score,0.748
bdef84ce6ca276a28e4c9bce00c83d02c8491066,model,bicleaner_ai_score,0.752
be2a0403c02699697d4ae74e9e34e6235065c47e,model,bicleaner_ai_score,0.769
be7a769dfff62216336f188f42d15f9536cc177f,model,bicleaner_ai_score,0.748
be993068ab76d232d566068fb4698e0439ab9263,model,bicleaner_ai_score,0
bea1cd7bbbe650b1f6f8af958cb8625bc9c3867b,model,bicleaner_ai_score,0.583
c050373c67f62d403af007d9eb5d13e0be7e7499,model,bicleaner_ai_score,0.678
c0c98b9e3b09f1e6802dbc745373568ccb6a6f57,model,bicleaner_ai_score,0.775
c0cba93840432e5476f93796ed6222493492293f,model,bicleaner_ai_score,0.767
c18ee24947a7223765862efb5afd70b3f59acb68,model,bicleaner_ai_score,0.768
c1bdaab68b357149b7f382064c6343dc439ff91a,model,bicleaner_ai_score,0.756
c2d2726f8d89d3f3265bbcf4ec41ae071d08bf73,model,bicleaner_ai_score,0.775
c2f272537b75df8c6ce6ca78d4bc2b42bdb78ea5,model,bicleaner_ai_score,0
c377eb8ff288faab7853b1f9f6b8c8013ce2711b,model,bicleaner_ai_score,0
c48d6a447849ec7c7d02502cdba0a1d960ecd4c7,model,bicleaner_ai_score,0.769
c526a3cd729a7f1a2ff6f6c6e1ea7112870fabf4,model,bicleaner_ai_score,0.772
c5c65102d7af89114b01bb1dfa3afb6f62e0b111,model,bicleaner_ai_score,0.759
c5fbe52d4985c864997ff32c9ff986c7685ded1b,model,bicleaner_ai_score,0.73
c7bdb8284c813ae6590f39a0b57adb193cec359c,model,bicleaner_ai_score,0.724
c7c7405ae8cb55c8d762032e0e075fe76cd4c633,model,bicleaner_ai_score,0.448
c83bf411fbe1f734e88266d19f7df0ebeb72477f,model,bicleaner_ai_score,0.758
c85634cf9e18db0e34b8a0a95f5ac377ac9554d7,model,bicleaner_ai_score,0.765
c8c624dbc7c3057ea6e05871ae718ca159be2e49,model,bicleaner_ai_score,0.767
c92eb6937fbb3ce86073e9ab2d17557e39ecbe40,model,bicleaner_ai_score,0.681
c9b6ef480dde0947fa96ab6d62f3b19b8dc30cb1,model,bicleaner_ai_score,0.732
cacb2924a25959b9569b942cadb0831cbc039e26,model,bicleaner_ai_score,0.439
cb61165067f6dc6051bc1309a3f0591283db4b1d,model,bicleaner_ai_score,0.763
cba06a1baab78294bf4dbee0b04fc9475c662e89,model,bicleaner_ai_score,0
cbafdcc72ed819a9f8b44132c97631ea033e5f15,model,bicleaner_ai_score,0.775
cc0b4511f2a4459bd8c219f11b7f4573f9d5fee7,model,bicleaner_ai_score,0.757
cc568d38c06b4101e795410a11cf0c87e2a9d7f0,model,bicleaner_ai_score,0.768
cdd47730cf57e31c9285c8d1d5e756b714b3a82e,model,bicleaner_ai_score,0.771
cdea94f40e03c73dc26c5ab792e5f6a289d60220,model,bicleaner_ai_score,0.736
ce2090b839d7575936982674483ee199e0b52a90,model,bicleaner_ai_score,0.751
cf79d4048efb70c96f8c0303e10503f01694baa5,model,bicleaner_ai_score,0.548
cf9571f8588a92f7298c84edabcc853471e30e2f,model,bicleaner_ai_score,0.719
cf9f2e0669f2afc40a602b68d10dd859a0c6bb8b,model,bicleaner_ai_score,0.764
cfb927e084eb7136f3268d929503f0acc457fa5b,model,bicleaner_ai_score,0.763
d0bf1ae7d1a372128eec87d89e7ab6428eab614d,model,bicleaner_ai_score,0.724
d1a1a80944090dd77baa1f3096e79d16a16bda01,model,bicleaner_ai_score,0.663
d1eceb6e16de9bb30ef5a1090f9639ee86694689,model,bicleaner_ai_score,0.774
d1f91fdddc8395c2822726c219d116ff16c65287,model,bicleaner_ai_score,0.69
d282b1423029bc6d61e936a527755a16d148b1f1,model,bicleaner_ai_score,0.775
d2a4bc97c3bdbeac499f3ede34659ded6398e23d,model,bicleaner_ai_score,0
d2bcdb9a6c5643cadd687e30e258851c1faa0d15,model,bicleaner_ai_score,0.775
d2f14a6a01a708fbf43d640fd24588606b9fc0a2,model,bicleaner_ai_score,0.467
d2fc8b027bf6addfc2ad9b55283b0ac698548233,model,bicleaner_ai_score,0.644
d3579217452bedd5d8363699de053edd6fbce7b0,model,bicleaner_ai_score,0.729
d410695f81b34108d5606efcc44a1fce25e62543,model,bicleaner_ai_score,0.743
d4b0d30d6a00a9fd816ab721d8725bcc4e989022,model,bicleaner_ai_score,0
d4c18139afaac813c7b85c6a3202c198d014a09f,model,bicleaner_ai_score,0.776
d55c3917228dd77647a06768158a39eec16aa95f,model,bicleaner_ai_score,0.595
d5969d7c372f4204adec13a82af90a396b86904f,model,bicleaner_ai_score,0.765
d6a9d7e5b14ef7e67a514bc54b9e7df595558dcb,model,bicleaner_ai_score,0.755
d6bbdf04aa22bf24efa358ed359ba62f3b0141fe,model,bicleaner_ai_score,0.454
d74f21e17df866b6f28c3775b18a6fa96908b87d,model,bicleaner_ai_score,0.738
d842f63bec2c05883b03b7c356e4c186b3f67343,model,bicleaner_ai_score,0.752
d85af8b918be81f48e044d759b1fe041ede65503,model,bicleaner_ai_score,0.76
d86cee21c710e9699c77a746da3eaa3fac8c790a,model,bicleaner_ai_score,0.77
d8f0435a650053ad13c06078b91535e19e426ff2,model,bicleaner_ai_score,0
d99899a7ae75c5168e1618350fd71c32ab0e9fe2,model,bicleaner_ai_score,0.774
d9b5deb24c0ce29dae61acabc49c7a5efdd2e29d,model,bicleaner_ai_score,0.775
dac6e8547443a16d7c7c73428c48329d88d7d65c,model,bicleaner_ai_score,0.439
db536e6b8fb52194e96e1ab0c303df427a250671,model,bicleaner_ai_score,0.773
db714b9d220b9460a013913641ebcd944cf3daf6,model,bicleaner_ai_score,0.772
dbe8a172b4ca9be01ea458cb204b01eac3aa681a,model,bicleaner_ai_score,0.477
dcb78c1ef4e5c9ac865f435705d06ba8e657f509,model,bicleaner_ai_score,0.77
dcc8a1270980858a1977a37b8afe87aad1099b5c,model,bicleaner_ai_score,0.759
dd02bbc9c837713ec897c6d1381b0120f375b6c2,model,bicleaner_ai_score,0.745
dd4e7ad7a086cca50c304fa48f0d63acef501b70,model,bicleaner_ai_score,0.607
dd52d0af5f8bdc96d7faa12b5eca364ce7638f1f,model,bicleaner_ai_score,0.768
dd9bbc9fb2fb299f309d9eed3250a11276975a28,model,bicleaner_ai_score,0.448
de3c232714dfd74bf19ef7d615dd99d18e2ea0fe,model,bicleaner_ai_score,0
df12d705e368f959fcf73a64f38e748973d5efee,model,bicleaner_ai_score,0.771
dfdeefe4f9fd00fe929510ac3593014d981165b3,model,bicleaner_ai_score,0.47
dfefa546f2d36f5750812d773aa7ecb3eed57ae4,model,bicleaner_ai_score,0.752
e0b0fe2005abe6b299b20e40a7f5943c6d712879,model,bicleaner_ai_score,0.615
e0b4c6c6c3b7cbefe21ee71ff7d6ebf1abece567,model,bicleaner_ai_score,0.587
e2537df5381b750f0eb6f8d0f000aa8bc434fed1,model,bicleaner_ai_score,0.765
e29761a2773b31f163476f680b3551ce7e4b3a33,model,bicleaner_ai_score,0.75
e326e7b27ad0fdc2bf43ecdf2c14ce5bc813319c,model,bicleaner_ai_score,0.667
e336656105574f313527ff331fa00764443ab7d8,model,bicleaner_ai_score,0.773
e385320dfc9a15d3d199eae7c6658dc8a3dc8cad,model,bicleaner_ai_score,0.759
e3b519cd1b1c7f1619ef8021f3ab48a694588c63,model,bicleaner_ai_score,0.74
e513b6c6fc8108ed6b8d3b7212dfc9448b234bbb,model,bicleaner_ai_score,0.719
e59b1434bea2180244e2c6064b3fd2f7bcc7a4d7,model,bicleaner_ai_score,0.764
e5f907600efedf74ecd4e16e0726e867dce24723,model,bicleaner_ai_score,0.775
e60566c606f65b6b313d1ed2bdf1b4a1f4aa95dc,model,bicleaner_ai_score,0.765
e684305a55baee99b5e26b80c078d1ff7cf3b18a,model,bicleaner_ai_score,0.758
e7b7b8baddfdf91ab0047c1aa6236bc382a5c8c1,model,bicleaner_ai_score,0.748
e7e47687ffbd8fc05ab8cfb989f31d54f8a1c8bc,model,bicleaner_ai_score,0.759
e8059679af667fc496a6c06f9fbf19e82fb03885,model,bicleaner_ai_score,0.737
e83a489459e419a0944f58e2eba82e3d0ec78807,model,bicleaner_ai_score,0.751
e8ba90529d46927957a57b637d7c2fcd82519f47,model,bicleaner_ai_score,0.573
e8d330c8e3f37ba06d21398516146db0da2f9235,model,bicleaner_ai_score,0.775
e8dc958a57ba075ea5b25a937aa8b33d5b69d969,model,bicleaner_ai_score,0.776
e9010ca4b313bd7e8604ce3049d6f5014c11c8f2,model,bicleaner_ai_score,0.77
ea00b901da45c5edee7d1ab2689e589b3ef42099,model,bicleaner_ai_score,0.748
ea0b26d045dd1c5a270959f9ab740c0f78a514b8,model,bicleaner_ai_score,0.7
ea433f9a1f3a7a61682fd244777b4ac4094feaad,model,bicleaner_ai_score,0.774
eaaf79b98cc2926c54f09ff774473831adcd19cc,model,bicleaner_ai_score,0.765
eadbfe241699725895d374a89f62fc58ab4bf456,model,bicleaner_ai_score,0.653
eadd5204f1ece5acef73a3463a1415f8d1ca7a5c,model,bicleaner_ai_score,0.768
eb7dccb5cce704e34cfe7dd53cda4bc6e469debe,model,bicleaner_ai_score,0.703
eb852247cce27c58dd0901143dedb1ac9b6bbaff,model,bicleaner_ai_score,0.442
ec04ac095b60d9a0b31f0b5d72a214a60f127ef7,model,bicleaner_ai_score,0.608
ec2a3c1ed00ff52458014d33e70c84563bb3a35c,model,bicleaner_ai_score,0.44
ec2e2d79982cdbf1d590b8573ec7f5c860b3264c,model,bicleaner_ai_score,0.72
ec9402c0f9938db26b7288b4dd99e6c5b86056f5,model,bicleaner_ai_score,0
ed5384a7dc743ee6f738c279ba62d015f5866870,model,bicleaner_ai_score,0
ee195f15da69dfa9902145e6a671ecdafae39af1,model,bicleaner_ai_score,0.766
ee9c49bb95a22783949484f1f2238841f9926704,model,bicleaner_ai_score,0.447
ee9fdf8d6f86c60dfdb9f95346351608b0d441db,model,bicleaner_ai_score,0.754
efb6187d8fd73fa684008ac36d2107ad86a118fe,model,bicleaner_ai_score,0.775
f031ff9962d32ad3778cb9bd13321ad4dda93ec9,model,bicleaner_ai_score,0.766
f0ee30fe144a887631635f81dd3d60ffa3acccf3,model,bicleaner_ai_score,0.735
f1bc17903487dcf17324c24f87f24d46a0849cf2,model,bicleaner_ai_score,0.58
f244a3c2792722b06ee82f84ed595ad4ccef0918,model,bicleaner_ai_score,0.738
f2495270b5001f07a43db9f8880dd5d61e517350,model,bicleaner_ai_score,0.768
f2dfcf0bcf9577e02e09998eed771caf82f962e9,model,bicleaner_ai_score,0.687
f32027460d1bc7e18f5257e1a0be16f93f4a43be,model,bicleaner_ai_score,0.716
f34cc01a5bb417cd41ac8a566b15b440c38f4a61,model,bicleaner_ai_score,0.629
f4966fb881ad0befdbe18815ad439cd1aee6da10,model,bicleaner_ai_score,0.564
f52284394545299528da755e96295f6d9123764a,model,bicleaner_ai_score,0.768
f563f460c2d7abaa71b58167dd58790399415e66,model,bicleaner_ai_score,0.775
f5a0a53aba630dcbc03b4b3d7c1c8dfc95e4a4ae,model,bicleaner_ai_score,0.758
f5b6f04b513d4998875f47112e4b4146a8d09f4c,model,bicleaner_ai_score,0
f611b65f3d26583a03fd0fddd19239b6a743ce05,model,bicleaner_ai_score,0
f6391f6f406d73bf364b2d38567a50d20f2f50ea,model,bicleaner_ai_score,0.691
f67e18dfbd86e80c8b68c56465b17d85e3b483ff,model,bicleaner_ai_score,0
f6db262f97dab612d25e1f12831a8d4ba5373750,model,bicleaner_ai_score,0.688
f784304e48ff216814f401ba80f689d3fb93aa6c,model,bicleaner_ai_score,0.758
f82200c45eb94b387ec5a8710621d0e55d73acb6,model,bicleaner_ai_score,0.771
f88201cfcc88dd35915e861dacc956f6f98d05d0,model,bicleaner_ai_score,0.53
f898f8c1704e5bddad7d0463972c9f7eafbdc72c,model,bicleaner_ai_score,0.745
f8ef1514d27eebd8eeb59122f81ac8c40dec459b,model,bicleaner_ai_score,0
f8fe21d130448550da5240e4f3749cdf641e163e,model,bicleaner_ai_score,0
f9df89a8fe8fa0bb2812a2b268982c77ddb7302d,model,bicleaner_ai_score,0.76
f9fd5c3bafb7f28cd5cfff93a739649f8ee25b45,model,bicleaner_ai_score,0.767
fa155140bbc4c8c63b1295d2b7f1419303a906d1,model,bicleaner_ai_score,0.71
fa35784041a884070789d30fd365d61920ab6ea9,model,bicleaner_ai_score,0.771
fa45a133d7b96d30382960a8ec498ffaa500dc9b,model,bicleaner_ai_score,0.51
fa5ff1fe2774dcb101a8dd35bbca2669951b4365,model,bicleaner_ai_score,0.708
fa889e2afe648e07006fea8dacb7e359190043e7,model,bicleaner_ai_score,0.751
fab4c1d710aa379521f9b11c53c233d44cb30723,model,bicleaner_ai_score,0.439
fab8f611c4ad7e5facbc10e7b90f9e692cdeddfb,model,bicleaner_ai_score,0.767
fad5d3576790aa0e8beb8cb5daef2ec3947fa6d6,model,bicleaner_ai_score,0.751
fb6c74d9f1918fc0bebbd037cdd8a07789bb7120,model,bicleaner_ai_score,0.771
fbbd580602218a463be1f46ed6289efb068ae9f2,model,bicleaner_ai_score,0.773
fbd60ec3ead4fe409592a8ea3c015a03c59ccdf2,model,bicleaner_ai_score,0.709
fc42552f9cbc816633c415489da599b302ba3c9d,model,bicleaner_ai_score,0.772
fc60284ccc5bd521870f32320160eb4a66cbfd4f,model,bicleaner_ai_score,0.77
fc6722ec83328e86f69a0f4bb62401300de331f2,model,bicleaner_ai_score,0.72
fccf1f847f5c34540cfed79490371931d6825ff2,model,bicleaner_ai_score,0.774
fcf5aacf160763fcd3b278dfede20741ae4713e8,model,bicleaner_ai_score,0.582
fd1486556d90d86d331b4fc4b80a383668e437c9,model,bicleaner_ai_score,0.772
fd3a0bea93434f6d9697778652786cd325456be5,model,bicleaner_ai_score,0.479
fd402cf9179547abfc797792200004d282ad9586,model,bicleaner_ai_score,0.773
fe1174924fd24ca2eb188220d9144f0c29223e5b,model,bicleaner_ai_score,0.679
fe25bcd030f426e30e428fb7ad3057a2d15d6168,model,bicleaner_ai_score,0.771
fe335617af357b4a31bba8b91b7c74f038d541d0,model,bicleaner_ai_score,0.744
fea474e76fdb59c1c33c9b90a942ea6bddebd48c,model,bicleaner_ai_score,0.771
ff4faae044cc1038409d8cab5eaec7983906a4db,model,bicleaner_ai_score,0.673
ff9bcbd0cebacfd79edd3f378adb7201b45a8328,model,bicleaner_ai_score,0.444
ff9f264908c223aa3b2676195c45beb64d4a559a,model,bicleaner_ai_score,0.764
ffb7abe9267e1c44588166d3ca3c7bc9ea876502,model,bicleaner_ai_score,0.486
006d9c4f67a65d9967fada5a33a7bee388e778ea,model,labse_distance,0.673622966
00abec85374a10ea0f0733fc6ed83b63406705ac,model,labse_distance,0.961268067
00d3e801d792ad63738f2bf5f115c2b6f6f72713,model,labse_distance,0.765286803
014908466f9b88ef920f5a337b41691d42fdd7ee,model,labse_distance,0.876386106
01a7e25c1b70aaf55be540de83462dc4ebfd90ce,model,labse_distance,0.805836618
025220a191cd00746e235024098587096722ec86,model,labse_distance,0.831945956
026a87203f9560006280d25991d7369845fd668b,model,labse_distance,0.88361907
02702a4c04e3923f7300523b42d2171d6e82d01c,model,labse_distance,0.838917494
02827f62db47315bf16b5144d7a1020d62bd80b3,model,labse_distance,0.92650789
028285cd8ea3650c692b577128e5695bc695f65f,model,labse_distance,0.878834486
0393f3d66e7f9459d0da23879d922857ab89f873,model,labse_distance,0.74378556
03a86e325a4de9a461692f63214e93dd80e5815a,model,labse_distance,0.648939133
03b5ffcdc1cb1dec54913773c14448b5bf978215,model,labse_distance,0.854217231
0458ad4dfbde833d00f379bb93fffdae2e43067a,model,labse_distance,0.911479294
0586c348039debf5d3cfe1ebfa23a7710b7f417f,model,labse_distance,0.810551286
05ac137df4953aa61d8c54f20ee5868e468719ac,model,labse_distance,0.746719837
060579c748deb692d1ff2fbd638d70074627f27f,model,labse_distance,0.768707037
064f1c01742a7177ac067aed943880e979fe327e,model,labse_distance,0.81550312
0682924fcecc79694dd556e943e50f5e197de52f,model,labse_distance,0.67590189
068de6672b6e8811504da07ee73782171f09c778,model,labse_distance,0.899471462
06aee728284a6f06a776848b0e14022ab7bffd85,model,labse_distance,0.890643179
06e4e1392574db07353b1ac6e16970dc01196b33,model,labse_distance,0.493693233
06fbe09c6be14d4aa2d8ac2e2bb6462bc578aba6,model,labse_distance,0.917086184
0746ebc49d7a634888072e852c5e4fc28dd62b84,model,labse_distance,0.862445891
0788ddede6418749303137efa2046f012b83ac99,model,labse_distance,0.612563491
07d0763ce73e651b06156a36f39611c25c711610,model,labse_distance,0.771688402
0897fb5380bb620907ddc7917fdc86552f1875ae,model,labse_distance,0.918910503
08bbb49cd73c56f1befd84a3e78f42929423172f,model,labse_distance,0.722335517
09a09abf254bebadf0414cdec09295097efd0a8e,model,labse_distance,0.916479528
0a6bc2d06b3b45ad171710b3ae74518cc1d1d420,model,labse_distance,0.892848194
0b0b4a5693ee14b3e726bc82460a764849bc63b7,model,labse_distance,0.932314157
0b0dc91d76fb30e6accb8b5ad8725da615ad5b88,model,labse_distance,0.790620744
0b83b9bb4a1d2aff77260d5e639be61729acb671,model,labse_distance,0.631067812
0bf76c191f72ef7f084d2d9b836ad4e6246b740b,model,labse_distance,0.829021811
0c19f87314fd7b1a58a2d0a47e81f98cac2771b4,model,labse_distance,0.799702287
0c1b48e8b403d48f171995b5ff9a9a3817ba6249,model,labse_distance,0.909737587
0c3f576c119b1301a995d1d0fc316277d026cbbb,model,labse_distance,0.755310714
0c6bd822bf1e4a41f46fe8028ac548048f4d8185,model,labse_distance,0.78455323
0ca3955c0c3b0b1306698a9008c1cedf1c213bb3,model,labse_distance,0.898581803
0ce2ddff9d39d5b73f8f27cd027d1c48a55ac509,model,labse_distance,0.726926029
0ce9fad1f1659b9c610c789b48b454167c70b3a0,model,labse_distance,0.934276223
0d5f33e21768ee8cfad43f24e3c3feb93e59995a,model,labse_distance,0.884483695
0d747bbc3c6dd43581116a2d2c874227cfadc466,model,labse_distance,0.857350171
0e024aa9a3966aa08067505120a4aa4c81b274af,model,labse_distance,0.630016029
0e6a99c6b6157eedb77ba651a3e7558cc17c6e1a,model,labse_distance,0.949593544
0eb4dac1005758d358f9bedb9f05e6ff90608f2b,model,labse_distance,0.638196409
0f5779e054b19d688b1e693fe3af0c2c9b386ba4,model,labse_distance,0.811499178
10db625af733fd61b42bd98ffaffb7a2b5eeb400,model,labse_distance,0.834224999
114b9e1ce5b5fb52d0d03cddef42f6a036bf5929,model,labse_distance,0.793969214
114e6f0b468637736b5f15fafa80fc6922898c4c,model,labse_distance,0.917874932
11eb3063228a052bedb7db6f24d08df0a3f04ba9,model,labse_distance,0.457435966
11fe7d1a450dfc61f64de8b4c3d75b1dacd08e21,model,labse_distance,0.805201411
129e11df90b0ad148cc98c909bad37be51ab236e,model,labse_distance,0.92468375
12ac89c1b3f37c564bb8ebaedb3e82557c997767,model,labse_distance,0.907461405
13a6fa0a4a0dffa8dbf29f6a82764e4a65bb9988,model,labse_distance,0.725436866
1465894633f14090f27598b853f27396bee53f31,model,labse_distance,0.910058618
14b3802353782424bf1b2b45d174eb8bc61b4f41,model,labse_distance,0.840629399
14f3741f0bc1225948dcf2b94759dc543243b2fb,model,labse_distance,0.913525581
15a8faa5126ffdd9a48a85510118a94ed95bdd32,model,labse_distance,0.780885398
163f6630cd1f55d1416f2892030e72ba8e6636e6,model,labse_distance,0.837113678
16a765535de47bf3b13ee7a9521c3e4d4bdcd7c6,model,labse_distance,0.620372057
16acceed38021bcff1d518c48c0ed2cfeef30aef,model,labse_distance,0.883325279
178fa37efafd58164a2f8e8ee860b580e6bcf7b3,model,labse_distance,0.707604468
17fd4e47355b9916471304b0582b9069a4bbd920,model,labse_distance,0.957191169
18169ccf5f408192f1adab97e8b208103b046064,model,labse_distance,0.88763392
184ba6f68a9c465352b3c635da0b3ad6b5112861,model,labse_distance,0.878887296
185438f65fc3d29e1dc92041b659cf8d8981ab85,model,labse_distance,0.907024145
18cacfa79016389fde0afd28f2b03d60f2907ff3,model,labse_distance,0.675818145
18fbe6e2cb0081293f50aede1a33b6891c8c4832,model,labse_distance,0.719915032
19b74e815da3a183dca72fcbb579ee0ebbacf46c,model,labse_distance,0.93732214
1a562a389efa0abaa01741fcb3f4db953d8606b9,model,labse_distance,0.786807239
1abab6bc5ddf68a730eabd9f5f6f85658fc53b94,model,labse_distance,0.877645195
1c2886437147b98082b6d622f464a5ad12424c32,model,labse_distance,0.649217844
1ce15556a6ecd32e85dba5bb36dde4d76e1c5051,model,labse_distance,0.903741002
1d1f9f47ab31a71e1727b6f109cf9b7cc33f626c,model,labse_distance,0.778700054
1db3ca67955ba3523a1bc897aca84927657831c2,model,labse_distance,0.724800766
1e18aa2502288f644f8ae414b02138929b6561e2,model,labse_distance,0.903008819
1f302d3672cbabea5a46c02c6fd156c344891270,model,labse_distance,0.9105919
202c412f9755b74a78ee5cf92fd091ed1ab06b31,model,labse_distance,0.823358536
20af7bb6971f087b4f24782699aa158f0187514a,model,labse_distance,0.516627669
20dce25879d07fc86300f9dfd1d44c08f9778dd6,model,labse_distance,0.79215765
20f004b98f2a09152440a7d75b03d66ae45bdd60,model,labse_distance,0.697304785
2127a9b574f5235d17c4e72abadcda893aeef03e,model,labse_distance,0.964496672
21b213fcbda7666d29ba385cf4aaf9978767875e,model,labse_distance,0.724991202
21b2c104690957655266bda53f61fe245c799e90,model,labse_distance,0.819957912
21e7d94f86772b7d82e1dea493686e89c6cc1800,model,labse_distance,0.763804078
21e8ed2d9a1562951d380cb25954615e29f7fec5,model,labse_distance,0.873308241
225550de116d9d610b299bea4495606fd83a1b8e,model,labse_distance,0.918252051
228277422277072584081acbfda85b2628830855,model,labse_distance,0.696674883
2313b3a64feeb241357ad91bcd106fc99cdc5ee9,model,labse_distance,0.848529518
234a86a6e06755fa59fa48587df22a9215e1035f,model,labse_distance,0.928237498
246893396c4b46e9c2d82669a2fbaee53d35417a,model,labse_distance,0.820534289
250d946079755b475b829caf89be1058f08705af,model,labse_distance,0.95237112
2546339b78912e70d022c92e795d81cf2b2dbdf4,model,labse_distance,0.929851472
2578e1942d0781637126efbb80d6dd19c624cd65,model,labse_distance,0.824122548
257cd4572e0c4d111f954c54371f5eb912ba2c0c,model,labse_distance,0.779073775
2618665100be076ad2a4bf4729218161d5e68775,model,labse_distance,0.582435787
26e9aa666ef48b9084d39a6ef8ebce19aaa49e3d,model,labse_distance,0.865127087
2722efee8b411f4470bd56639fbf1b3d6b464ed7,model,labse_distance,0.890365422
283d585eb424d9034c4db6c3097593e815d7e9aa,model,labse_distance,0.908978462
28b55c31554a5d612f56c017f2ec7f779529dd79,model,labse_distance,0.898868799
28fa659fe0e8c092af37b3d50bedb16543b94ed9,model,labse_distance,0.804205894
29be16c72d697002ad208c30bcbd1ee58a96f94a,model,labse_distance,0.83769697
2a578b5d52de4ec9182884a99787ef3e881e5d12,model,labse_distance,0.773697317
2aaf935f3d8bd47cdac4bc5ed082bafe494eaa33,model,labse_distance,0.877742946
2af92ba457bcf166cd9f1bad78f0a04782f2978f,model,labse_distance,0.566103756
2b0add218d00588b03b8d293aef1d11c64c642a6,model,labse_distance,0.870875716
2b596bf42bf0a16b057c3f0500c5e3ae4b90dd20,model,labse_distance,0.880312264
2be84ad895540667b4cfafae9051e74003c4dc32,model,labse_distance,0.827361405
2c54683a48b1d8cd125f8e8bfe9830841296e227,model,labse_distance,0.823734701
2c72574904aedcfa4fadf3fe4a186a146243e4fb,model,labse_distance,0.864435971
2d67968ec039d92321bb0dd45edf5e40283422c8,model,labse_distance,0.763933241
2dcacf10c6f6c733ec2a15228a0e36404c4751a4,model,labse_distance,0.767914951
2e0aea39405bc544f7a26bac4e6104732dc77b99,model,labse_distance,0.704828322
2e88c7d4f4730bfc06aff96e72bee74bfeee26ad,model,labse_distance,0.751737058
2fbb1126373ab74cee5fe2add94a1cb1e753c326,model,labse_distance,0.85595423
30097b1c6753307a317d856c3a00d793be1be0f0,model,labse_distance,0.81441921
30201c2be158b57c386767db8ac8b74dca3dfb8e,model,labse_distance,0.783933997
30965949e51d26353c9314c48f44f2f95c2ed265,model,labse_distance,0.90926671
30e11c6fb100b0dc05637a45042ef61cbbb8e04f,model,labse_distance,0.719053805
31109b5541f9ee8ea771e3c12833050efa9f8c9e,model,labse_distance,0.932659507
3127ff82ab8c81ccf8abcb87c45e08822d51e8c9,model,labse_distance,0.920146883
315a03bc6901df26611cea14c4d14f21dc3f4c0e,model,labse_distance,0.678046107
319dadd2e601cc6543ab9eb9d546ffa0a29c421d,model,labse_distance,0.848799527
31d66cc56000c37288bac1958271df27fa104c88,model,labse_distance,0.839484632
32015317f880f41cfa2805e39f5425aaa55100e6,model,labse_distance,0.886109471
321be8964f0cb22b988d015b6327200fc0336ff5,model,labse_distance,0.843578279
3227f40af459a36c826a4cddeb69527879ab9035,model,labse_distance,0.912691236
32371a0d21926a6332c579cba56c4f2c442f83b7,model,labse_distance,0.892947674
3277d89fd4d722b13500775d32130eda8570883f,model,labse_distance,0.888775587
33248398de2a6d36fcad0a2087278935677f5430,model,labse_distance,0.7993747
333b3a84c35ff52f6ec3f3e6a9ce6ff8c609cfee,model,labse_distance,0.654315174
33bc94ed3fab63832bcfe17543e87ffd0aaec99b,model,labse_distance,0.803979814
33f9b845de65356a3b519fbad87ff62a27a4bd27,model,labse_distance,0.76651454
34cbe32928bd514e1733df1caff2408ed9e51607,model,labse_distance,0.91646415
34d6689ddb6793791a6c42c53d28eb05fe46b4aa,model,labse_distance,0.617563903
35aaddac4ed1237bb4719b307b34768af97bb3e8,model,labse_distance,0.896086991
35ab35243032bbfa0c8fb621b9632f6a38773f4c,model,labse_distance,0.832613707
35ff77e72777fbbca61f67449ee40be4d0730c5f,model,labse_distance,0.905102491
369bec129786b1b8b18779e1bdc580baa48d0287,model,labse_distance,0.848677993
36fb4923b8fa8760d6781116003ae1e0292723d5,model,labse_distance,0.964225054
3718dbca9baf6d962091532fe2cde7c955c53286,model,labse_distance,0.943089604
37955953c5843da679ced3bf8abce78c61a82db6,model,labse_distance,0.88664788
37ace8d5baf5a707c875ac396f337b3a096d8b12,model,labse_distance,0.92794019
37b9ee3b0ee3879d8ee237564669d1d0eb9b2f04,model,labse_distance,0.829472482
3848a94bab1d4aca408fca18b70c52d1f5b1dd6f,model,labse_distance,0.858913422
38f9868a261e01e0d5055e52845eedfacf5b9dd5,model,labse_distance,0.924810112
394f4f3f0dd124d36d16c644eaaeb2cdbb5ab548,model,labse_distance,0.855650425
396fb8b82371181b1645dbf78b4a0f9ae6d672a0,model,labse_distance,0.925529361
3982c1213bf3426dd26685adcab0cb3ed3ba99d4,model,labse_distance,0.810730398
3a243d2b19f92827757c11d930f7af75d0cc6665,model,labse_distance,0.852786541
3b1fc2b6201dfe2a15eaaf211768ca36df6b9a3d,model,labse_distance,0.682424903
3beabab67aef1d01f3931edd9df24b1dbfcef619,model,labse_distance,0.87040019
3c556b5664c60296d9a4023bf6d6bdb2f16c0e62,model,labse_distance,0.704126477
3cbdcf582ef683217e40c284439cf2f27133f025,model,labse_distance,0.809502542
3cd2bac553c7e63f5a0735c1fb39a0e27d2a0ca3,model,labse_distance,0.87199825
3d60c8f8feca917160d787010bbfeebc28eb493c,model,labse_distance,0.765496969
3dce7e14c7575c7328380fe10d8017951475c34e,model,labse_distance,0.915514588
3e6631675e700837bc55fa46d80e3e2a100b563c,model,labse_distance,0.931304038
3ea64cfbe523de55a74835a3d1b52a3da4eaab41,model,labse_distance,0.812818825
3f300b02121b66537e4b3bb286f1515e0e2583ef,model,labse_distance,0.857283831
3fc124f455111cfabfe4efd53c094b70445d44db,model,labse_distance,0.846076488
409f2a86c6d099210e24616f3cc36af0d7d6258f,model,labse_distance,0.894857049
40a02ef708479ff3bc45e44e0648fdaf0de040ae,model,labse_distance,0.932302773
40bd0e7275a33375f7b4974d3f5a3d798793b746,model,labse_distance,0.815668166
40daad4fb4d1d29364dbd57f8c316c2a60b3abd0,model,labse_distance,0.813371539
418f03b62d50bd11e374c13d7a187a593302d8e3,model,labse_distance,0.769036531
41f1856032999b9febf9bd4cac37294d162f2ac9,model,labse_distance,0.892048538
41f3f9f350e9632b0c0bf639227a1226bb2cfa24,model,labse_distance,0.80727762
42b2b494aa4eddb4f9cf1dccfe872a2071d61957,model,labse_distance,0.779812038
42e6ff768062c19525334c8b2afedd18358802b0,model,labse_distance,0.783913076
45489be87419c5cee7973f6546c9e3941a6ae6ae,model,labse_distance,0.893627703
456e4668eed55444340674157fb259cc4fbcc1cf,model,labse_distance,0.833132625
45cee2dfbf73b6b98d8e8ad82b1cf5fe6ba1cc93,model,labse_distance,0.894842803
46173ca6c5c3b099d26b548b42fcb6ade10ae09e,model,labse_distance,0.815226793
461f5851e021d9bdfb40a7a6ea7c7d2e8c73866f,model,labse_distance,0.928254843
467e5d44de17d7763b64d0d2e2e92b364417c433,model,labse_distance,0.879933894
46ce62ff3412bd42c5716f561a9f6002f4555041,model,labse_distance,0.775619686
4773e1ba7746bccde9e600ac3abb715ab61868ac,model,labse_distance,0.79058969
4796a109e8a51aaeafb3d47785f6f9349d9910ef,model,labse_distance,0.921078682
481ab944a05bbc7733817885d7501eae1cd56b7d,model,labse_distance,0.874490559
4825536698b944be7ba6c68452f8512ddd6690b7,model,labse_distance,0.750105619
482de8da34b4dae89174f010f38ee7b3c3642645,model,labse_distance,0.771535218
484fafebc0eed98dcc4c673caa2186a05a72854c,model,labse_distance,0.861846507
48570132c8ddb3ac3b622279671d65ea2d9d6b5c,model,labse_distance,0.935330689
4885067ac2f066cfa990fb117b64e2b355ebc126,model,labse_distance,0.366679877
48dadebe5e23ed35da35419dd713243b649f4777,model,labse_distance,0.840598285
493cbfe46e6a45f74bd008c444775736f32f73ba,model,labse_distance,0.859202623
4947d3d498ed5765c61ca92ffb9913b262024eaf,model,labse_distance,0.859357417
4967f321a1d0f3e70d2f69858ddfd3ecc18793de,model,labse_distance,0.871474028
496a797dee79164d5c5f3d3c775d80b8baf055ca,model,labse_distance,0.354242355
49a8cf3160b231cfbaee06f7c2467b3e819ddcd0,model,labse_distance,0.361625403
4a5d896ece18de4ef4bba5df48ced5ad9afcc48a,model,labse_distance,0.650254667
4b0c4e91ae833a6480a6bc86152c27265ec2befe,model,labse_distance,0.904104829
4b4f6f99fbb9b990af7554e2c7a7cd75e646bc92,model,labse_distance,0.821580768
4b83d51e743734641207228b650579a69588ff7e,model,labse_distance,0.838605404
4d9eb93aa149a88da90f6cb9a17802827702ec07,model,labse_distance,0.841823637
4f4de3f855740a74df2ac944967e9f7d6a47c874,model,labse_distance,0.803904831
4f7a4d7429bc6bd6912128eb52a392b915701e79,model,labse_distance,0.914285719
4fd807b6360addbb4ce55cdf773a0dfd10aee829,model,labse_distance,0.962923169
4fde45543cf5852c810f649ada7ed3ceda6f86f7,model,labse_distance,0.801128268
4feb51273ee0b31101848b5b60cd0925504f8b2b,model,labse_distance,0.776769638
4ff080df6db87d5f67c65b8d235dd665c7d618eb,model,labse_distance,0.898930669
505c9a01450dec3b6035bdbd4e70b1c2f779480f,model,labse_distance,0.916719615
50e22042ea676a4ed7f8bbad8f871e8be6d490e0,model,labse_distance,0.82809031
51df3b4fab40b799a9c752b3986e239e36d37d68,model,labse_distance,0.909047723
524eda58d4acaa66c5c406a5e4b03a180f795b79,model,labse_distance,0.921621323
52744b81b0de7b9bcb641c126f4e588ae21f5b77,model,labse_distance,0.735149801
52755fa969d14c9da462da7a4ab72aeddf76677b,model,labse_distance,0.935005128
540879588e27ef1210a76a6fe68cfd3b71562376,model,labse_distance,0.696892381
54359003d63c21718a1bb2cdffd612ed5a36665b,model,labse_distance,0.947032332
54e535bfc9b712db9ddde27e91d4b3df6301f958,model,labse_distance,0.912726998
552c8256981a68859261b897beba8967ba801956,model,labse_distance,0.91796881
5530ecaa590332062e60c111c32ef1a2b58f19ce,model,labse_distance,0.869027555
57a6d6dec8df8c877accb47a466287af33cc45d0,model,labse_distance,0.928498507
57a8c4813084fe9fd5bb8f4a133ff67e4e3c333f,model,labse_distance,0.808567464
5884b921b6045758e688dd8a4503bb7dedc6ced2,model,labse_distance,0.84553045
5912721c0e8016a4306b8cf9097e1a0949e0ba72,model,labse_distance,0.777308643
596aa72ed7f02be1f079a612aa51a71e00a345cc,model,labse_distance,0.923351943
5973d5f07ab3995e36b54659fc111e4899d2daee,model,labse_distance,0.730468273
59e4b34d48b33165d1f0f310a5386cdb1c780a16,model,labse_distance,0.942953229
59e9d3c51b9f01bd82a8606d833151f5d280b1cd,model,labse_distance,0.729005516
59ef7fed61892f3648e22a2f1367adb42232fcbf,model,labse_distance,0.966704667
59f8c61bda6261f7b1aa80d9d0229df7df1c2186,model,labse_distance,0.478182673
5a216c9a2e97c03d914aa46f0c991f71670e4994,model,labse_distance,0.83990705
5a3710f12b77ffbf1b4b456d0d65dcf92ee80c7b,model,labse_distance,0.902216434
5a410f62cf45825abe4d5b1916fce0c9f52a4fc2,model,labse_distance,0.93798995
5a622df002584594ebe07f5f51135319f9abd314,model,labse_distance,0.737747073
5a8f3e7918c18794699b1e70a8178a4c13b7e989,model,labse_distance,0.56081754
5a97bd5f8c4aefe23e817891de768c7ede94729b,model,labse_distance,0.861727715
5b69ba988b4260adf1f70454a43cda4d62249f26,model,labse_distance,0.830174804
5bd18b45a4f7344f74342d7042d90f2d9b5e3318,model,labse_distance,0.830808043
5bd1bbeebda925d86e6d5dcb466eb634d4671b4a,model,labse_distance,0.939082444
5bda658268f064d07092af410c7d704295d4eb44,model,labse_distance,0.807912052
5bf7d84c816b60b078f60257756861ec6fced931,model,labse_distance,0.858237267
5c006b0ffbeeabbf6b3ed05cc7df5ca5d1bfd2d4,model,labse_distance,0.892379999
5ca7d264065f2382a7566d45c563d917b5f64119,model,labse_distance,0.844993949
5dfb39c732324e56e7fc9a8021372b436457993c,model,labse_distance,0.887152195
5f4f7a72ff19350fda913b65aec3ab1024f39915,model,labse_distance,0.822113454
5f6ba84fda45b37c463868fcd15b0e1ecea468d1,model,labse_distance,0.857360184
5fed58786510ad0682b40692d488475832666b77,model,labse_distance,0.878272116
600895147473f1c069d71f01cdd43dc7bfd5e6a1,model,labse_distance,0.830389261
60cabe417660a4ecbc23c4bdd05fa708c774c9ff,model,labse_distance,0.828651845
614885e3c2594757ae2ed13ddb2811a365f58ea6,model,labse_distance,0.847837627
615cbc34a390f19b6b0b6f9f0cd9c2840fd72abe,model,labse_distance,0.886394799
6190e519c3cc31ce568b6226cb8f5ec710fc6a75,model,labse_distance,0.888575375
61e994abe0fa4be25267edf541b83f28f6c28c02,model,labse_distance,0.811826527
624d25fb41f9cf4b55d04c8eb436377c3a45ce6b,model,labse_distance,0.67732352
625860f5cec49b1291e769ce25ce945a459658dd,model,labse_distance,0.87926805
6265e84b04bcdd0e191208e0a16324d51b19d44e,model,labse_distance,0.730436683
627af4005c08984c5b415d1bbedbe7ab0b698a92,model,labse_distance,0.731757879
627af443c5ade76c682f9363c7499cf370207476,model,labse_distance,0.857132971
62d10eef6d9f72c630b79b011433419831198813,model,labse_distance,0.859787762
62f76021b76144777ae88c378fba40313c0f161d,model,labse_distance,0.791201413
634eced402d1526420b8d937a7d8079d2ea07b0f,model,labse_distance,0.864537299
635dfcd33fff0c96f473dc83aa88a2e52f901800,model,labse_distance,0.783954799
63851d693c8ea2f9cda2aa8b2a152b82eaf92624,model,labse_distance,0.828671694
63ce72833447e73846044f9af3b0101914ef66d9,model,labse_distance,0.896937549
63e14c466cabbaeda76b9d297b79a2c8aa606d4b,model,labse_distance,0.857923567
6443d2eb4e2a5bf8fdd02ebd347f9ef9ef454852,model,labse_distance,0.886772156
648a460dce478d3e2ef0ea59424e3e31dee4bbe5,model,labse_distance,0.87228024
64fef683ead61f8abb2fea03183942b00b1b5981,model,labse_distance,0.883321464
66017b23a574099ddad764fe7dfb1d1f758697c9,model,labse_distance,0.619332671
66321b63b2e2eb79c91488697f05647dea7389f2,model,labse_distance,0.934425235
667cf1052c8d71355a7e5ccaa16b5d3765a74c0b,model,labse_distance,0.950285852
6681e076a045194d31d4b0ec3ff9bb5d0952bc5c,model,labse_distance,0.807588279
668b6c00d39f2f3ff61628316f2270f473ac214c,model,labse_distance,0.81230551
66b6ada4122e3030f8d14409eed4a15d7f6abef1,model,labse_distance,0.879446924
6732d65ee083db463495f5002f1e2ed6816d401e,model,labse_distance,0.832668543
677c09fd1cb5e165b4554158fbce27c9fc7e5692,model,labse_distance,0.905250013
67d5029946343113c464a53c894592441395c592,model,labse_distance,0.920914531
6807a3f03af28e8ed7dee4318280409f4b421aae,model,labse_distance,0.536679327
687dfa8d5f02ab11cae0df93145618ef6da711cf,model,labse_distance,0.810375571
68f16001979b161e4143c38bccfa02c80cba9b41,model,labse_distance,0.950753689
691e22a596f631751240365c7b490de6a00e9ecb,model,labse_distance,0.916785121
69f066d936be63ab45b8386b65f33ceb6363684d,model,labse_distance,0.851974666
6aedc5f06f19df8c689befc6f52c8b4d9b037978,model,labse_distance,0.941266894
6aef29ca62aa30955bb2d58932f5abf88c6bdf4e,model,labse_distance,0.880591989
6b38335a2be98bdf7543fdfe6de5c7d9592d235a,model,labse_distance,0.718603969
6bb8fd4fb7b23fb77e661d72ca5ee0165d78e330,model,labse_distance,0.774990559
6bdf17a7a51de0cedba57bde46ecd6260e23d670,model,labse_distance,0.876967192
6c003c37a4cf1198c0e4d418a43b3c9ed9deb849,model,labse_distance,0.959389031
6c8f578e95d5f43c4f33875eab9d5093ad040693,model,labse_distance,0.913885415
6ce0aaefa81a6268c2f528bd1799c26cc32b65b6,model,labse_distance,0.91753
6cfd852a2b2ad49df219ab4e1f291e072b9b5e19,model,labse_distance,0.900533557
6d57b5d755d5d60b6e775a8a7bb8b9c69973181d,model,labse_distance,0.919687927
6d999b0f65e5187f50c6f0b042cc0e21048c6834,model,labse_distance,0.835855961
6dd5a74f64c233a27631332474690437d6bc376b,model,labse_distance,0.673765182
6e1cd320f7b92c117c658a182f78c8786758af9e,model,labse_distance,0.55332303
6e83fa175403daa642bf94db05c7fce5adbc63b3,model,labse_distance,0.881470621
6ee9083ba928af5973cc227488d5197bdb316776,model,labse_distance,0.882045388
6faed76ad73112b3c1e977ac3963de31759414c1,model,labse_distance,0.823895216
7021b5bdb3906e2b71eb69f69fc3f8c013f2ca23,model,labse_distance,0.719983399
70574301b4de22f990c04ff68a396b115330d257,model,labse_distance,0.543933511
706d25f785135993dc3daa10b9138ed7a9b1f485,model,labse_distance,0.840686321
70ec01d158700aa2927ad5f850889859c626410e,model,labse_distance,0.899849355
715370cf743261d8ea19cee5296bf13ca28a47d4,model,labse_distance,0.780247927
717e20d92fcbc0e7a400c76aa571ffbff23c7890,model,labse_distance,0.861809433
7193ee33487b0bdc8a9cf5418dc184ef10c01505,model,labse_distance,0.898644149
72464269d274f3c94553180494f04424aff5f6e8,model,labse_distance,0.722601652
72b09adea2dbd65a3d99dfa431c034c14180156c,model,labse_distance,0.815887332
7306af179b5d7b27dcea44fe5a1e9e7ce9a8e293,model,labse_distance,0.621226668
73092c2e504c33393335ee01bfc42184765d0127,model,labse_distance,0.395921826
73139f821cf76aa99088ae158e553b21b4ee9294,model,labse_distance,0.7855286
7366cdda827c3c4287f12f84a8be673f638bf0ad,model,labse_distance,0.787088513
7376e654bd15452119a191573d7993c691f722fe,model,labse_distance,0.781834185
73920e096c5cd1cb8f72df3b044834b4d4e01c60,model,labse_distance,0.89508462
73dd7fa8e40ea55ee181d1688566f49c95977999,model,labse_distance,0.456198722
740813a7ec6c2c013d7fc310087710b430b7cef3,model,labse_distance,0.872033775
7484b50767d5c76573aea11204382a0e56794f3b,model,labse_distance,0.786711454
74af4d1a59e6b86e2ff912c49ab0e277ef16c1aa,model,labse_distance,0.950357616
74ca3fa88f968d07c8a0ba8e1cdad0bb87ca2a76,model,labse_distance,0.830470324
74f60d919990a51a48b0b06c9705218c18d243f3,model,labse_distance,0.909068346
757d25c3fbf701c83ba11ef17aea33165a8a14ec,model,labse_distance,0.876264095
759d1a60fe07bfe8399ad84f1eaa7dcdde9f96e9,model,labse_distance,0.919662118
75f52bc727df25d8f6d140188e51d5355aa9d146,model,labse_distance,0.85461539
76a1dcd899ce7e64ec3f43abe0655cd57f6a9af4,model,labse_distance,0.800540924
76af39b0e2956dd2e0e3abe9bed5c8d598f96bc4,model,labse_distance,0.765807211
76c76bb280987469d38fceee3fc9a5f775df8d7e,model,labse_distance,0.869670153
76da88fa9eebbee40b0b6dd3e35caccde914caa0,model,labse_distance,0.925382495
772bf159801b6e593efc34f0bd942f06598531d3,model,labse_distance,0.832459331
77b3f250ca0b226f7fe5830a56a5896336501073,model,labse_distance,0.830629408
77db35356118ed694bea7ea6f88f5b3906794a41,model,labse_distance,0.725414872
77ed6564217f1668b8a9e66ad5d4f1da0adc3084,model,labse_distance,0.783279836
786b59baccb25433ab104ebed3b6591deaf58d45,model,labse_distance,0.867949367
78c26754943a165217dc03b8d60dd35ef25aaf31,model,labse_distance,0.82145232
79050668ea67e5002f3981ab670c7daa3a0fad94,model,labse_distance,0.581608772
7984573af8ba53b59e14e25b06bc3f1bffd601bc,model,labse_distance,0.882992446
79a11817f8d4a98307e0824c80868ace5865b093,model,labse_distance,0.807996988
7acab7af1924573bdb069d1313f75643a2b38059,model,labse_distance,0.899737477
7acbf2fa270e2974b849b7443db161f187d81c94,model,labse_distance,0.776494741
7b1b1199d9074b93f3a94be770f42cec03ca106c,model,labse_distance,0.959350228
7b1dbe275c4a2c6f6e5e766d0415154d0bd2f9f2,model,labse_distance,0.745987177
7bb2718a0fab197e0a2ef683016e7d168d2d9bf7,model,labse_distance,0.846403301
7be27a850e3aae8e5b2c659cfe94f320c47a8913,model,labse_distance,0.965572238
7c0612043467eaad9def4b31caf02851aadfe9a5,model,labse_distance,0.917516887
7cadf4089358465625975004263aee218b5ef87e,model,labse_distance,0.888332725
7cb8d092815d8cbfc8eb573959f17706eccbf795,model,labse_distance,0.88962698
7cdeac426487a3667b732e97fc22928c93bad643,model,labse_distance,0.89108479
7d1085dfc45ee68b3831119abded38d6b25b7bfa,model,labse_distance,0.824061632
7d19a7d1f51c00862d47e84405e842a4282e9a5f,model,labse_distance,0.788619936
7d7487e04e516d9b48cf77dedd9b4d72c9ad3ffd,model,labse_distance,0.831783414
7d9408dfccf044b80481097acdd09bd7790ff82e,model,labse_distance,0.96082449
7d99d74253cb89ed8d78affc67e0814c1b7eb210,model,labse_distance,0.940329254
7dd00501cf7148fc5a77efe8f7dd4da42d729d1c,model,labse_distance,0.943017602
7e2a4ff9d24e0ed97bbdaeb8d000303ade385822,model,labse_distance,0.880234241
7e848591ddbdc6322625455ee55321ad246edf8c,model,labse_distance,0.888220608
7ea18bbb2442c0e07a63c7955d2225700e55bff4,model,labse_distance,0.897798777
7f1455fbc789153c3eb6d33eac5680fe635973e9,model,labse_distance,0.762895405
7f2cbe9e70848b20a30e7fec876d676c95139aec,model,labse_distance,0.869104624
7fcd97b629e37c71ede8ac523d4652dba5e18c13,model,labse_distance,0.692629039
802afa81d4a2159f3a2350484efc329b8878c68d,model,labse_distance,0.770074129
8095468049f052f02c66e2c6fea4fa88fd95c99f,model,labse_distance,0.862367332
809b3caf29857829ef87f6162b20b95888c8934d,model,labse_distance,0.790330529
80a3c2302f88b7d69cb268abcdff81100c5fa3a7,model,labse_distance,0.837051332
811f3894bc8c81d2b9c0b2fd7c1307796ce0849b,model,labse_distance,0.760119796
816ff7006d6123b54d3c0d00e475d4b9e57d1ea7,model,labse_distance,0.709412217
817493942a7e083a1fc2e76b96596bb90a4ac586,model,labse_distance,0.903449476
81c58f46e907b6b04fa92607d09e5df331251203,model,labse_distance,0.888364375
81dc4934426641725fb1b1121b6cffe9a17f7c37,model,labse_distance,0.681319952
81de55bd590f467b90074bd2aa7649af69d94c64,model,labse_distance,0.871182382
820d4d36c296e174b9cf212f18d2058b6019b4c8,model,labse_distance,0.700693667
82bac8ec02fdb015b7b3c833de198051b5d06608,model,labse_distance,0.835064828
82d6235fac22f9f16c833d75201d46a4336b1ec8,model,labse_distance,0.931368589
839dd8d0a834ba7c493f07cd9b432241588589a0,model,labse_distance,0.887261689
83d23c6a35d7cadaa100d16ef335b02fc3b8bcb2,model,labse_distance,0.684315085
8410d3d4b1b09f36b0de2dd82a06bb5751d26101,model,labse_distance,0.902003825
8420ea670f16c1ae9f06766c1098dc5dfdaca16d,model,labse_distance,0.822609127
844b89fef440970044adff493188225401199b0f,model,labse_distance,0.801851153
847d7d0b13b47a8152f4025bf6c94134a4ab7f41,model,labse_distance,0.869716763
84c8ea6984c09539e31c7599467956c85563c664,model,labse_distance,0.871841729
84f372c80cf02b332895d7ac8d403b6b109340bf,model,labse_distance,0.839958191
850f1096ba33bc861164313bf10b9c8d2d6083ed,model,labse_distance,0.76921618
866a4169a36469bd141957d100eb9d6066fab43a,model,labse_distance,0.676002741
8694aabe9a1aa232e06032cae723f84492b5c7c0,model,labse_distance,0.705874681
86a494e92fcd802d0aa2d9f694bd61ede741a6fe,model,labse_distance,0.834697187
86c40ccddd5122fbe2ff35378ee721dfb4f49a4a,model,labse_distance,0.547483921
86cef2d2351d2b4f3ef855ea8fa932677a6c24c8,model,labse_distance,0.887277186
870511221a136dd6798b977b841c406693b527bb,model,labse_distance,0.947328269
87322fc4317d1d57eb4b367f785d14b731262e0d,model,labse_distance,0.916989803
879a417739f6bbdf6a6dc4103bbf2dee1c3a6df4,model,labse_distance,0.849851966
87e0fdac10b0d4ad91fa7cd853ca85bd4919d518,model,labse_distance,0.447854549
87e3f4b7e87ba2c03a6c3b96da49fd1b433f52b7,model,labse_distance,0.906153798
89a86aab9a0d10df326a8e96f353e5878e76d654,model,labse_distance,0.872219443
89ac42a7fe4439a1e1f67760708f3e94f03574dd,model,labse_distance,0.901285827
89c4a122a8376801acefcbfbff8bc9d8840f1e16,model,labse_distance,0.8560884
8a00ce7b4498d8ab675a5aac3df18a98329e486e,model,labse_distance,0.722328544
8af86ee0a6a71ac2404422668bb2e0c7144e8f25,model,labse_distance,0.867763281
8afc94ec777297fb135510ead03875f1620cd154,model,labse_distance,0.908086479
8b383df9f61ef668700db1946986fd9b7e26d334,model,labse_distance,0.606075704
8b70545642cdaf045d34aba9eb1b427d244be8cb,model,labse_distance,0.311219692
8b728017fb2cd21ead1187aa79feb03c2fc42b91,model,labse_distance,0.870317698
8bb06c2cbfe1bd099f6445ebe980755d6abcd827,model,labse_distance,0.799120605
8c0b2bdd79e8ffa37e9465d247cc653ea502ba0b,model,labse_distance,0.874297857
8c681f138869666c01a9c149764f0dc381a5917c,model,labse_distance,0.857595742
8cdae10537878476fbe2b84ea51526a7a87a5762,model,labse_distance,0.867939472
8d7a815fa6e50f38151eb57f6524c99ca7d2f9fb,model,labse_distance,0.830463648
8d96bc4a573d9f8a43b44b650fb63e022d0a5329,model,labse_distance,0.716107786
8d99627a9b05a6a05c84cd3afd2ee8ebbe60c1f0,model,labse_distance,0.905030251
8db50efe8062e579537c5235524b17d60026a407,model,labse_distance,0.892860651
8e2eb37e7a08b7446fe58d7c2a152397ee4c6769,model,labse_distance,0.883228362
8e593973388399639eabb0c34b1556b54a26e47a,model,labse_distance,0.636476815
8e8fd49a9734804f4334ecd15ba615eb6f317bf3,model,labse_distance,0.966041625
8f15a19f19cb1bcaef07f89c03af33d032a9cfcc,model,labse_distance,0.79815805
8ffad5ce01f3eca6f0ad37c61162ebdb8c06014c,model,labse_distance,0.90488112
908aaaa922054ede9e07056680346998ae0929c6,model,labse_distance,0.770880818
90f24c1c91e46787ba109caed736cfedb293e45c,model,labse_distance,0.898126125
911f2f825a93e3d27aa26368ad87eb6f54dbcf69,model,labse_distance,0.911758363
91690e37cac6efa7052d9445c964f6bc30f5d5ba,model,labse_distance,0.893639743
91836b79076bfdad7e6629ed21b275a3fa5cd30d,model,labse_distance,0.853607237
9237841c3325714d47158c045c9773e538fd988b,model,labse_distance,0.528621376
92a6a1086db5b6839414653ca40d11353663cf6d,model,labse_distance,0.93338269
92e1cdab5303143c39211c1a8a5bb78661c8c0a6,model,labse_distance,0.620404363
9306d668079f4202c71221b741e004df6f2e444e,model,labse_distance,0.730323136
9323c63e5368ba99fd44a58845fb914be492153f,model,labse_distance,0.9153983
9373de2a12b3d5c1a6741d2e0355bf613fb8da97,model,labse_distance,0.847048342
940ca96d210e50163d7f110b79c45e5c78961eff,model,labse_distance,0.916636765
948e53aa5d684810ea565fcf5e6cddcc1116e944,model,labse_distance,0.818895817
94cc72dce14026172816ba199a63b338a7ab48f2,model,labse_distance,0.669929922
951938ef77dad27019a6f54b7ee55b166a35e573,model,labse_distance,0.770105541
95c857436753bae3882f6f7e6f5a99ce0016c7d1,model,labse_distance,0.79593122
95f97c38fffc95d8a7fb9eda04fa8548b750d1c8,model,labse_distance,0.741481006
960c4962ae7d01a0d297467dcb6c2efc66a8b15b,model,labse_distance,0.780721784
960d1593ec061fe57d84db73f882d00e51fa155e,model,labse_distance,0.958373487
96173a3da68bda36f8f1009994a4e7c2f269ef20,model,labse_distance,0.893917978
96d95c1e2af4c3568cffdc310e5e93c37d697300,model,labse_distance,0.931760311
970b0b2d794e9642252c562ccaa6c4029fa64155,model,labse_distance,0.781466603
9723236419333e680a0501e146d84d76f69970fb,model,labse_distance,0.819048524
973f0b561bc13214f7932fd128eb234669d3fd49,model,labse_distance,0.769776464
974caa22e2c86ad8ba5073a3d0530e1f870ab09f,model,labse_distance,0.94814837
974e365b20b72ee7f0e6c6cd1f69a6fc4891e65e,model,labse_distance,0.889668643
97b3127fac5bbd209a6b0cf1697d59c4ec72cc26,model,labse_distance,0.839330435
9800c67c4d73bb9ca75d8d54e75154e9359fdb2a,model,labse_distance,0.809707701
98577d9ca460fc3775ded2cbbcf239d4226027f9,model,labse_distance,0.886467755
98b40a1aac8bdba3cd10bfc3bc5ced9881a39ca5,model,labse_distance,0.956491649
98da4c99a9ac210ba9c4ef7e6d75e77f866bf361,model,labse_distance,0.668890953
98f47229fe5b353fa4e4db73bb2d97d63546018f,model,labse_distance,0.791387916
98f9f26757059772327c22c57e6a61dd635ffe36,model,labse_distance,0.811756015
9947f32bf93c2faa909930f1f47c7572c2a9ba44,model,labse_distance,0.831477344
9960a58f1665446ea2076633c13faf298bd4d043,model,labse_distance,0.797771513
9982acf081bb0e92cef530eef662145da0ff5969,model,labse_distance,0.864158332
99e3bd69c4f074cb5f1245ebb33024a42b983484,model,labse_distance,0.819107175
9a1c480dfed61ec11c278381aa66b0bd65dac3b3,model,labse_distance,0.808112383
9a4ce16b8d1e962f94e2a8945b6d773bd6b59d6d,model,labse_distance,0.886654675
9a88fb66675988d4e3e53f5c4d560b406be16adc,model,labse_distance,0.729352236
9b1300bf13adbf74106d550ced043f7c559984dc,model,labse_distance,0.63655901
9b6ac8e19de5dac834b702afefc3e7c973e391a9,model,labse_distance,0.87730813
9c614fe01ff0021d39492317cbbea8dd581a3b16,model,labse_distance,0.960550725
9ccc67e37a2df75b8227904c2d88832b44550399,model,labse_distance,0.94002372
9d343d6719b4124d3f760a4a3a879357439ff0fb,model,labse_distance,0.493536025
9d752b5d4a1432d7553476fbd465af5ae3aa3bf4,model,labse_distance,0.670543671
9dd983d834b37190ba0a8e993e1290b0e1351045,model,labse_distance,0.599566638
9dec0a71790ff51afb5e71647e837d72da3fefe1,model,labse_distance,0.89166224
9df764508baadee51374d408011836430453b867,model,labse_distance,0.677896261
9f5b41bb78f3cfe47deaa8b2e0644b1ce9abe91a,model,labse_distance,0.877302647
a02e47b3b09813d2c2cf744337b240ed9b5d24b2,model,labse_distance,0.847335339
a0773bc3abfaaf905ee13f2b989d8d8e77be70b9,model,labse_distance,0.924314439
a0791b1392d79d0b7aa5e4ce8c6a1807a1878aad,model,labse_distance,0.943509102
a12c226d695665706c536efca6a9e9df1d050e45,model,labse_distance,0.569708765
a19fc8e0d9463026b01e2237b418720ca3ce9b09,model,labse_distance,0.864988804
a1b4aeefdf1feb3f16ba30dfac6ddc888fcb20d9,model,labse_distance,0.914131761
a24445327e1e6c399fd3da56df32d59d37a32d38,model,labse_distance,0.84089303
a25e0a034bea78f541c0b097b7c30742c92b3a74,model,labse_distance,0.82886374
a2edb76ef8ee4a58202f0d46eb30d40baa01db5d,model,labse_distance,0.881156385
a34fbb067cbd14cd6a31f48b71723ed4dc0826d9,model,labse_distance,0.887358367
a3c358d94e8dcdac961fd0af1c647e5917f11b3f,model,labse_distance,0.963252306
a3c3cf89f0cdc432c495594d8b4478cc92a28a41,model,labse_distance,0.777319252
a3cbe57f0a37bcc1bbf4392ebd394ea2c33b8afe,model,labse_distance,0.798789978
a41c848b7e85308a6d59d8754b98ecca5c2a496a,model,labse_distance,0.597526729
a4621b4421747e1eeb02f3b5553bc86e958bc942,model,labse_distance,0.783059776
a4c05056fa05c31cd188bb925bd7129a27da63c8,model,labse_distance,0.424188375
a570791ae346cd4a655e8b9babe6b5814004490c,model,labse_distance,0.894846141
a57b1f61060d71a65ffadf47cd9e1e6e32775a10,model,labse_distance,0.968921483
a6193af9be59206bfff0be15c3bd68ebaaf34894,model,labse_distance,0.892545164
a63f2ac9d9e92876cf10bcaaac9359fc5dc19928,model,labse_distance,0.881043494
a645da4a68a739b0e75a260be225db5c657d09a0,model,labse_distance,0.934019804
a65f271f1ab821b4b97bf7c9dc7990c01ac1903b,model,labse_distance,0.919986606
a6d09b6180fc68829112be619074f860614d6b0e,model,labse_distance,0.866586685
a6d3d9faa1935f106767724fc62ad990ecfdc7e7,model,labse_distance,0.916554093
a7cdb9493bcf3398169af61bfa15d46a8d7905d7,model,labse_distance,0.857390285
a8089d829a0eaec23b831d26142e5c6cca905a01,model,labse_distance,0.839847684
a809ae6b2d8a9ff09956c23fdff5e4e43c547422,model,labse_distance,0.795074344
a80d7def3493d223517c0d7d268add2eabbc79ba,model,labse_distance,0.875350833
a85fe9311b3d8819b5b98a750664b73d9e29062d,model,labse_distance,0.122111566
a861081bd228a2833a033c7641331b8da4cf3f75,model,labse_distance,0.8571769
a8b126ad58c3a9f135a99e99ff322542b936fd2c,model,labse_distance,0.680914998
a8cd1ded47af69037096210be864861b551d70d4,model,labse_distance,0.913321972
aa2255a0726d23a5c74a3a902444a96f6b3a9c62,model,labse_distance,0.869672894
aaaa7aabae54e895cbf69d6c73642e9e09524b6c,model,labse_distance,0.889141262
aad932c4541f26a3701a62311c1e5ff4b0dab646,model,labse_distance,0.90350014
ab4cdd2ad313b18a6a2c28f35ba31fcba197438c,model,labse_distance,0.800149798
ac728865d197f6c4df39a8e83b9a303ee6296702,model,labse_distance,0.84153527
ad66d76049f2a8dcaf9dba95253e1c0d304b828a,model,labse_distance,0.912137389
adee43331f7338f0c9c4a72228033be4df4dec86,model,labse_distance,0.628850639
ae1283e151beac8b1cec137a1415bdd6421ac8ab,model,labse_distance,0.81384927
ae2820ffc67733defb10442de981e8942ac9c923,model,labse_distance,0.936073065
ae783a5ee74a975c46411b99e77b93beafe3ef0b,model,labse_distance,0.989946663
af1c0eeb0a6ca8aa3d40a647071b3ed9704e27a3,model,labse_distance,0.865620613
af2b64a603f0c7a9c27482f435417aae289ad230,model,labse_distance,0.93592155
afdb2efa0b45fbc29e29811bc99e856c934de0ef,model,labse_distance,0.866622925
affab9a235577c4aff1fb28bee7001c64005a0c6,model,labse_distance,0.788171113
b0346634e17603ebbfd5375942399f28ae13d597,model,labse_distance,0.792249858
b054601934791d5b361a33980c7a8bf65e310def,model,labse_distance,0.565830052
b0628b995da51161a4a82bf282d4667334f5239e,model,labse_distance,0.897495508
b07a35682f257d8dd72a3fd1ca9bfa2dc42663de,model,labse_distance,0.849166155
b08aad1464629022ccc95ce0c4e6fc662ae1c213,model,labse_distance,0.797516942
b0f3e51851018d2c7f8f5c7ca5b1970221eaf000,model,labse_distance,0.885924697
b12d74a0c1efaab95de155263fc339a809eaf80e,model,labse_distance,0.836870611
b1392c411fb26a13435222665626b30f97ca3b1b,model,labse_distance,0.914983153
b13ab40de07bf1a3d7c898b41025edc071d45179,model,labse_distance,0.882224321
b2464c2193c0669b93486d394f53fc52cfa27e3e,model,labse_distance,0.656903863
b2749be01ef623373c363c94262b41639fa1a7cf,model,labse_distance,0.626253009
b2823a6c067844eb1cd386632577de12ec55564c,model,labse_distance,0.897688091
b28fd14764b1b3e0d41dc913bb622f7eef1d8749,model,labse_distance,0.802505851
b2bc619dc48e669f2593bc442ff8d5a859a2e9b4,model,labse_distance,0.808967113
b2ca5f8629a7b5fb2477fa68c53f496a42add35f,model,labse_distance,0.887917757
b328fc73453f760f6e842e2b573eb1ec6cd04ca7,model,labse_distance,0.791474521
b37b2b5b025c577a7480813cb5d21e5211b69375,model,labse_distance,0.823129594
b466d36fe52b190ae7da1e2ec16246f37b027e41,model,labse_distance,0.885667205
b4819d66284ba8ac6d3692af17b68aee61c963b9,model,labse_distance,0.714799762
b4e9a2fafc5f41c180e374a6bc8eb563cebb1968,model,labse_distance,0.430472821
b4eff200fd8cfd311606d53104b4607b6c48ea9b,model,labse_distance,0.572820365
b535a47412d4f62b0aaecfce07fa3a1cf8ca03a3,model,labse_distance,0.666076243
b5a7c7d521ccb75e1dc487863cb3d663b2f1002e,model,labse_distance,0.898517549
b685681c665f6bb8591e6376137a0f23739b1ef5,model,labse_distance,0.824724019
b6f68060cb80924cfe6f34153ca3ad491ec90e36,model,labse_distance,0.900876999
b7389fe705c2940a43e07c9de22b61a2b6c7df45,model,labse_distance,0.820762515
b7896967004f1f431498f335da96196c06eb9029,model,labse_distance,0.818323553
b7a2d0cbdc170b6cf44a5186deb8068a3c757aeb,model,labse_distance,0.762302637
b7b15be52847f34c3f4e89f79916b7f1eef935f7,model,labse_distance,0.692611277
b7d093ea46ae1c7294264f7dc2a1c6c6e899a894,model,labse_distance,0.81905961
b7ed63e3e839a47424b597fbe9afe34a02f2bff7,model,labse_distance,0.896450222
b85c5e0dd860cced371f80ec7c3642d4d8a8dccf,model,labse_distance,0.679082334
b87d4f00bf501f6f75d6245cd75fdc8e5399fc11,model,labse_distance,0.835969925
b8f6dd7ae7479186d3b97065fdd405fce96b8592,model,labse_distance,0.935485244
b900fbe14a91f99ee038809476147746529eeb7f,model,labse_distance,0.794117212
b9bc681457faf51e41e8b6c34b473380b17f5975,model,labse_distance,0.981830001
b9ecb675cba911185279d142ea86f1247ee2f723,model,labse_distance,0.791059136
ba4bf54c3c4968ce6e73cb6a03348a18b8780835,model,labse_distance,0.844643056
ba61e17ad9f813bab58a23438fa22b92d3ff4876,model,labse_distance,0.731457472
bb58f4edebd88e642c145866d2f9b69fca840ffc,model,labse_distance,0.723695934
bb9e4dd58a0179b8f2bf12af8cccf24efeb0ff32,model,labse_distance,0.910957932
bc3c0ea07a77158fad82caba8a2c6cc567910e09,model,labse_distance,0.734428704
bc515e0b2e22698ebf2d43848e13530cab176063,model,labse_distance,0.939700663
bd84145f8d2dc4e21a48c3977bf3ea667b92e865,model,labse_distance,0.812171757
bdef84ce6ca276a28e4c9bce00c83d02c8491066,model,labse_distance,0.871575892
be2a0403c02699697d4ae74e9e34e6235065c47e,model,labse_distance,0.715883195
be7a769dfff62216336f188f42d15f9536cc177f,model,labse_distance,0.70870167
be993068ab76d232d566068fb4698e0439ab9263,model,labse_distance,0.870454609
bea1cd7bbbe650b1f6f8af958cb8625bc9c3867b,model,labse_distance,0.830867529
c050373c67f62d403af007d9eb5d13e0be7e7499,model,labse_distance,0.728113472
c0c98b9e3b09f1e6802dbc745373568ccb6a6f57,model,labse_distance,0.923988342
c0cba93840432e5476f93796ed6222493492293f,model,labse_distance,0.935991526
c18ee24947a7223765862efb5afd70b3f59acb68,model,labse_distance,0.851343572
c1bdaab68b357149b7f382064c6343dc439ff91a,model,labse_distance,0.607194245
c2d2726f8d89d3f3265bbcf4ec41ae071d08bf73,model,labse_distance,0.836223066
c2f272537b75df8c6ce6ca78d4bc2b42bdb78ea5,model,labse_distance,0.889998198
c377eb8ff288faab7853b1f9f6b8c8013ce2711b,model,labse_distance,0.68956089
c48d6a447849ec7c7d02502cdba0a1d960ecd4c7,model,labse_distance,0.773499668
c526a3cd729a7f1a2ff6f6c6e1ea7112870fabf4,model,labse_distance,0.836435676
c5c65102d7af89114b01bb1dfa3afb6f62e0b111,model,labse_distance,0.694612205
c5fbe52d4985c864997ff32c9ff986c7685ded1b,model,labse_distance,0.943024874
c7bdb8284c813ae6590f39a0b57adb193cec359c,model,labse_distance,0.833726466
c7c7405ae8cb55c8d762032e0e075fe76cd4c633,model,labse_distance,0.914822221
c83bf411fbe1f734e88266d19f7df0ebeb72477f,model,labse_distance,0.917611241
c85634cf9e18db0e34b8a0a95f5ac377ac9554d7,model,labse_distance,0.806149542
c8c624dbc7c3057ea6e05871ae718ca159be2e49,model,labse_distance,0.770865917
c92eb6937fbb3ce86073e9ab2d17557e39ecbe40,model,labse_distance,0.709714472
c9b6ef480dde0947fa96ab6d62f3b19b8dc30cb1,model,labse_distance,0.896141946
cacb2924a25959b9569b942cadb0831cbc039e26,model,labse_distance,0.914129257
cb61165067f6dc6051bc1309a3f0591283db4b1d,model,labse_distance,0.840706885
cba06a1baab78294bf4dbee0b04fc9475c662e89,model,labse_distance,0.848096192
cbafdcc72ed819a9f8b44132c97631ea033e5f15,model,labse_distance,0.79932487
cc0b4511f2a4459bd8c219f11b7f4573f9d5fee7,model,labse_distance,0.863146126
cc568d38c06b4101e795410a11cf0c87e2a9d7f0,model,labse_distance,0.942733526
cdd47730cf57e31c9285c8d1d5e756b714b3a82e,model,labse_distance,0.898032129
cdea94f40e03c73dc26c5ab792e5f6a289d60220,model,labse_distance,0.565250039
ce2090b839d7575936982674483ee199e0b52a90,model,labse_distance,0.711543798
cf79d4048efb70c96f8c0303e10503f01694baa5,model,labse_distance,0.661147892
cf9571f8588a92f7298c84edabcc853471e30e2f,model,labse_distance,0.846997201
cf9f2e0669f2afc40a602b68d10dd859a0c6bb8b,model,labse_distance,0.85632813
cfb927e084eb7136f3268d929503f0acc457fa5b,model,labse_distance,0.848121047
d0bf1ae7d1a372128eec87d89e7ab6428eab614d,model,labse_distance,0.676511347
d1a1a80944090dd77baa1f3096e79d16a16bda01,model,labse_distance,0.750710726
d1eceb6e16de9bb30ef5a1090f9639ee86694689,model,labse_distance,0.923870683
d1f91fdddc8395c2822726c219d116ff16c65287,model,labse_distance,0.923802793
d282b1423029bc6d61e936a527755a16d148b1f1,model,labse_distance,0.867176056
d2a4bc97c3bdbeac499f3ede34659ded6398e23d,model,labse_distance,0.788043857
d2bcdb9a6c5643cadd687e30e258851c1faa0d15,model,labse_distance,0.859908819
d2f14a6a01a708fbf43d640fd24588606b9fc0a2,model,labse_distance,0.719950318
d2fc8b027bf6addfc2ad9b55283b0ac698548233,model,labse_distance,0.814633846
d3579217452bedd5d8363699de053edd6fbce7b0,model,labse_distance,0.859598815
d410695f81b34108d5606efcc44a1fce25e62543,model,labse_distance,0.834728718
d4b0d30d6a00a9fd816ab721d8725bcc4e989022,model,labse_distance,0.827535272
d4c18139afaac813c7b85c6a3202c198d014a09f,model,labse_distance,0.89597553
d55c3917228dd77647a06768158a39eec16aa95f,model,labse_distance,0.635092199
d5969d7c372f4204adec13a82af90a396b86904f,model,labse_distance,0.851280749
d6a9d7e5b14ef7e67a514bc54b9e7df595558dcb,model,labse_distance,0.913098097
d6bbdf04aa22bf24efa358ed359ba62f3b0141fe,model,labse_distance,0.636164963
d74f21e17df866b6f28c3775b18a6fa96908b87d,model,labse_distance,0.76766479
d842f63bec2c05883b03b7c356e4c186b3f67343,model,labse_distance,0.786942184
d85af8b918be81f48e044d759b1fe041ede65503,model,labse_distance,0.944400668
d86cee21c710e9699c77a746da3eaa3fac8c790a,model,labse_distance,0.819548607
d8f0435a650053ad13c06078b91535e19e426ff2,model,labse_distance,0.735231221
d99899a7ae75c5168e1618350fd71c32ab0e9fe2,model,labse_distance,0.868833721
d9b5deb24c0ce29dae61acabc49c7a5efdd2e29d,model,labse_distance,0.883495808
dac6e8547443a16d7c7c73428c48329d88d7d65c,model,labse_distance,0.610956013
db536e6b8fb52194e96e1ab0c303df427a250671,model,labse_distance,0.850041568
db714b9d220b9460a013913641ebcd944cf3daf6,model,labse_distance,0.758348346
dbe8a172b4ca9be01ea458cb204b01eac3aa681a,model,labse_distance,0.781001151
dcb78c1ef4e5c9ac865f435705d06ba8e657f509,model,labse_distance,0.666001141
dcc8a1270980858a1977a37b8afe87aad1099b5c,model,labse_distance,0.890795887
dd02bbc9c837713ec897c6d1381b0120f375b6c2,model,labse_distance,0.893009841
dd4e7ad7a086cca50c304fa48f0d63acef501b70,model,labse_distance,0.900829971
dd52d0af5f8bdc96d7faa12b5eca364ce7638f1f,model,labse_distance,0.813622296
dd9bbc9fb2fb299f309d9eed3250a11276975a28,model,labse_distance,0.937829673
de3c232714dfd74bf19ef7d615dd99d18e2ea0fe,model,labse_distance,0.745885313
df12d705e368f959fcf73a64f38e748973d5efee,model,labse_distance,0.870350599
dfdeefe4f9fd00fe929510ac3593014d981165b3,model,labse_distance,0.625703156
dfefa546f2d36f5750812d773aa7ecb3eed57ae4,model,labse_distance,0.891247928
e0b0fe2005abe6b299b20e40a7f5943c6d712879,model,labse_distance,0.627369702
e0b4c6c6c3b7cbefe21ee71ff7d6ebf1abece567,model,labse_distance,0.922524512
e2537df5381b750f0eb6f8d0f000aa8bc434fed1,model,labse_distance,0.734078944
e29761a2773b31f163476f680b3551ce7e4b3a33,model,labse_distance,0.743450642
e326e7b27ad0fdc2bf43ecdf2c14ce5bc813319c,model,labse_distance,0.855044544
e336656105574f313527ff331fa00764443ab7d8,model,labse_distance,0.839764178
e385320dfc9a15d3d199eae7c6658dc8a3dc8cad,model,labse_distance,0.813471973
e3b519cd1b1c7f1619ef8021f3ab48a694588c63,model,labse_distance,0.807724178
e513b6c6fc8108ed6b8d3b7212dfc9448b234bbb,model,labse_distance,0.838242888
e59b1434bea2180244e2c6064b3fd2f7bcc7a4d7,model,labse_distance,0.917708337
e5f907600efedf74ecd4e16e0726e867dce24723,model,labse_distance,0.808667243
e60566c606f65b6b313d1ed2bdf1b4a1f4aa95dc,model,labse_distance,0.759966135
e684305a55baee99b5e26b80c078d1ff7cf3b18a,model,labse_distance,0.872917891
e7b7b8baddfdf91ab0047c1aa6236bc382a5c8c1,model,labse_distance,0.839272261
e7e47687ffbd8fc05ab8cfb989f31d54f8a1c8bc,model,labse_distance,0.902193546
e8059679af667fc496a6c06f9fbf19e82fb03885,model,labse_distance,0.859823048
e83a489459e419a0944f58e2eba82e3d0ec78807,model,labse_distance,0.904511452
e8ba90529d46927957a57b637d7c2fcd82519f47,model,labse_distance,0.717704773
e8d330c8e3f37ba06d21398516146db0da2f9235,model,labse_distance,0.84081912
e8dc958a57ba075ea5b25a937aa8b33d5b69d969,model,labse_distance,0.89668119
e9010ca4b313bd7e8604ce3049d6f5014c11c8f2,model,labse_distance,0.888901949
ea00b901da45c5edee7d1ab2689e589b3ef42099,model,labse_distance,0.802565753
ea0b26d045dd1c5a270959f9ab740c0f78a514b8,model,labse_distance,0.876738727
ea433f9a1f3a7a61682fd244777b4ac4094feaad,model,labse_distance,0.815950155
eaaf79b98cc2926c54f09ff774473831adcd19cc,model,labse_distance,0.887952745
eadbfe241699725895d374a89f62fc58ab4bf456,model,labse_distance,0.820586145
eadd5204f1ece5acef73a3463a1415f8d1ca7a5c,model,labse_distance,0.916569233
eb7dccb5cce704e34cfe7dd53cda4bc6e469debe,model,labse_distance,0.932685494
eb852247cce27c58dd0901143dedb1ac9b6bbaff,model,labse_distance,0.817643762
ec04ac095b60d9a0b31f0b5d72a214a60f127ef7,model,labse_distance,0.754091859
ec2a3c1ed00ff52458014d33e70c84563bb3a35c,model,labse_distance,0.822152615
ec2e2d79982cdbf1d590b8573ec7f5c860b3264c,model,labse_distance,0.707060516
ec9402c0f9938db26b7288b4dd99e6c5b86056f5,model,labse_distance,0.921937704
ed5384a7dc743ee6f738c279ba62d015f5866870,model,labse_distance,0.951751947
ee195f15da69dfa9902145e6a671ecdafae39af1,model,labse_distance,0.731638193
ee9c49bb95a22783949484f1f2238841f9926704,model,labse_distance,0.727604926
ee9fdf8d6f86c60dfdb9f95346351608b0d441db,model,labse_distance,0.715723217
efb6187d8fd73fa684008ac36d2107ad86a118fe,model,labse_distance,0.876239538
f031ff9962d32ad3778cb9bd13321ad4dda93ec9,model,labse_distance,0.838830471
f0ee30fe144a887631635f81dd3d60ffa3acccf3,model,labse_distance,0.970213056
f1bc17903487dcf17324c24f87f24d46a0849cf2,model,labse_distance,0.857244968
f244a3c2792722b06ee82f84ed595ad4ccef0918,model,labse_distance,0.716285706
f2495270b5001f07a43db9f8880dd5d61e517350,model,labse_distance,0.87532711
f2dfcf0bcf9577e02e09998eed771caf82f962e9,model,labse_distance,0.794141352
f32027460d1bc7e18f5257e1a0be16f93f4a43be,model,labse_distance,0.876221418
f34cc01a5bb417cd41ac8a566b15b440c38f4a61,model,labse_distance,0.929360271
f4966fb881ad0befdbe18815ad439cd1aee6da10,model,labse_distance,0.698492348
f52284394545299528da755e96295f6d9123764a,model,labse_distance,0.816274405
f563f460c2d7abaa71b58167dd58790399415e66,model,labse_distance,0.827095866
f5a0a53aba630dcbc03b4b3d7c1c8dfc95e4a4ae,model,labse_distance,0.857811272
f5b6f04b513d4998875f47112e4b4146a8d09f4c,model,labse_distance,0.833158851
f611b65f3d26583a03fd0fddd19239b6a743ce05,model,labse_distance,0.96815449
f6391f6f406d73bf364b2d38567a50d20f2f50ea,model,labse_distance,0.642530441
f67e18dfbd86e80c8b68c56465b17d85e3b483ff,model,labse_distance,0.808494329
f6db262f97dab612d25e1f12831a8d4ba5373750,model,labse_distance,0.725074708
f784304e48ff216814f401ba80f689d3fb93aa6c,model,labse_distance,0.889767289
f82200c45eb94b387ec5a8710621d0e55d73acb6,model,labse_distance,0.908760726
f88201cfcc88dd35915e861dacc956f6f98d05d0,model,labse_distance,0.851085424
f898f8c1704e5bddad7d0463972c9f7eafbdc72c,model,labse_distance,0.551411331
f8ef1514d27eebd8eeb59122f81ac8c40dec459b,model,labse_distance,0.908825397
f8fe21d130448550da5240e4f3749cdf641e163e,model,labse_distance,0.738895893
f9df89a8fe8fa0bb2812a2b268982c77ddb7302d,model,labse_distance,0.792703927
f9fd5c3bafb7f28cd5cfff93a739649f8ee25b45,model,labse_distance,0.790700018
fa155140bbc4c8c63b1295d2b7f1419303a906d1,model,labse_distance,0.72645539
fa35784041a884070789d30fd365d61920ab6ea9,model,labse_distance,0.870650828
fa45a133d7b96d30382960a8ec498ffaa500dc9b,model,labse_distance,0.506348073
fa5ff1fe2774dcb101a8dd35bbca2669951b4365,model,labse_distance,0.55364418
fa889e2afe648e07006fea8dacb7e359190043e7,model,labse_distance,0.888789535
fab4c1d710aa379521f9b11c53c233d44cb30723,model,labse_distance,0.893316031
fab8f611c4ad7e5facbc10e7b90f9e692cdeddfb,model,labse_distance,0.908223391
fad5d3576790aa0e8beb8cb5daef2ec3947fa6d6,model,labse_distance,0.780383885
fb6c74d9f1918fc0bebbd037cdd8a07789bb7120,model,labse_distance,0.834672034
fbbd580602218a463be1f46ed6289efb068ae9f2,model,labse_distance,0.927592337
fbd60ec3ead4fe409592a8ea3c015a03c59ccdf2,model,labse_distance,0.845145345
fc42552f9cbc816633c415489da599b302ba3c9d,model,labse_distance,0.849940658
fc60284ccc5bd521870f32320160eb4a66cbfd4f,model,labse_distance,0.816964984
fc6722ec83328e86f69a0f4bb62401300de331f2,model,labse_distance,0.924109817
fccf1f847f5c34540cfed79490371931d6825ff2,model,labse_distance,0.743876219
fcf5aacf160763fcd3b278dfede20741ae4713e8,model,labse_distance,0.420763522
fd1486556d90d86d331b4fc4b80a383668e437c9,model,labse_distance,0.92077738
fd3a0bea93434f6d9697778652786cd325456be5,model,labse_distance,0.9239012
fd402cf9179547abfc797792200004d282ad9586,model,labse_distance,0.897848248
fe1174924fd24ca2eb188220d9144f0c29223e5b,model,labse_distance,0.871997476
fe25bcd030f426e30e428fb7ad3057a2d15d6168,model,labse_distance,0.832203984
fe335617af357b4a31bba8b91b7c74f038d541d0,model,labse_distance,0.861180604
fea474e76fdb59c1c33c9b90a942ea6bddebd48c,model,labse_distance,0.787201762
ff4faae044cc1038409d8cab5eaec7983906a4db,model,labse_distance,0.753640652
ff9bcbd0cebacfd79edd3f378adb7201b45a8328,model,labse_distance,0.839120388
ff9f264908c223aa3b2676195c45beb64d4a559a,model,labse_distance,0.855722129
ffb7abe9267e1c44588166d3ca3c7bc9ea876502,model,labse_distance,0.653081
006d9c4f67a65d9967fada5a33a7bee388e778ea,model,gemma3-27b,75
00abec85374a10ea0f0733fc6ed83b63406705ac,model,gemma3-27b,95
00d3e801d792ad63738f2bf5f115c2b6f6f72713,model,gemma3-27b,35
014908466f9b88ef920f5a337b41691d42fdd7ee,model,gemma3-27b,95
01a7e25c1b70aaf55be540de83462dc4ebfd90ce,model,gemma3-27b,60
025220a191cd00746e235024098587096722ec86,model,gemma3-27b,95
026a87203f9560006280d25991d7369845fd668b,model,gemma3-27b,65
02702a4c04e3923f7300523b42d2171d6e82d01c,model,gemma3-27b,75
02827f62db47315bf16b5144d7a1020d62bd80b3,model,gemma3-27b,75
028285cd8ea3650c692b577128e5695bc695f65f,model,gemma3-27b,75
0393f3d66e7f9459d0da23879d922857ab89f873,model,gemma3-27b,92
03a86e325a4de9a461692f63214e93dd80e5815a,model,gemma3-27b,10
03b5ffcdc1cb1dec54913773c14448b5bf978215,model,gemma3-27b,95
0458ad4dfbde833d00f379bb93fffdae2e43067a,model,gemma3-27b,65
0586c348039debf5d3cfe1ebfa23a7710b7f417f,model,gemma3-27b,60
05ac137df4953aa61d8c54f20ee5868e468719ac,model,gemma3-27b,30
060579c748deb692d1ff2fbd638d70074627f27f,model,gemma3-27b,95
064f1c01742a7177ac067aed943880e979fe327e,model,gemma3-27b,95
0682924fcecc79694dd556e943e50f5e197de52f,model,gemma3-27b,20
068de6672b6e8811504da07ee73782171f09c778,model,gemma3-27b,95
06aee728284a6f06a776848b0e14022ab7bffd85,model,gemma3-27b,95
06e4e1392574db07353b1ac6e16970dc01196b33,model,gemma3-27b,10
06fbe09c6be14d4aa2d8ac2e2bb6462bc578aba6,model,gemma3-27b,75
0746ebc49d7a634888072e852c5e4fc28dd62b84,model,gemma3-27b,72
0788ddede6418749303137efa2046f012b83ac99,model,gemma3-27b,10
07d0763ce73e651b06156a36f39611c25c711610,model,gemma3-27b,92
0897fb5380bb620907ddc7917fdc86552f1875ae,model,gemma3-27b,100
08bbb49cd73c56f1befd84a3e78f42929423172f,model,gemma3-27b,85
09a09abf254bebadf0414cdec09295097efd0a8e,model,gemma3-27b,95
0a6bc2d06b3b45ad171710b3ae74518cc1d1d420,model,gemma3-27b,30
0b0b4a5693ee14b3e726bc82460a764849bc63b7,model,gemma3-27b,90
0b0dc91d76fb30e6accb8b5ad8725da615ad5b88,model,gemma3-27b,95
0b83b9bb4a1d2aff77260d5e639be61729acb671,model,gemma3-27b,20
0bf76c191f72ef7f084d2d9b836ad4e6246b740b,model,gemma3-27b,75
0c19f87314fd7b1a58a2d0a47e81f98cac2771b4,model,gemma3-27b,75
0c1b48e8b403d48f171995b5ff9a9a3817ba6249,model,gemma3-27b,35
0c3f576c119b1301a995d1d0fc316277d026cbbb,model,gemma3-27b,30
0c6bd822bf1e4a41f46fe8028ac548048f4d8185,model,gemma3-27b,95
0ca3955c0c3b0b1306698a9008c1cedf1c213bb3,model,gemma3-27b,95
0ce2ddff9d39d5b73f8f27cd027d1c48a55ac509,model,gemma3-27b,30
0ce9fad1f1659b9c610c789b48b454167c70b3a0,model,gemma3-27b,95
0d5f33e21768ee8cfad43f24e3c3feb93e59995a,model,gemma3-27b,95
0d747bbc3c6dd43581116a2d2c874227cfadc466,model,gemma3-27b,95
0e024aa9a3966aa08067505120a4aa4c81b274af,model,gemma3-27b,10
0e6a99c6b6157eedb77ba651a3e7558cc17c6e1a,model,gemma3-27b,95
0eb4dac1005758d358f9bedb9f05e6ff90608f2b,model,gemma3-27b,85
0f5779e054b19d688b1e693fe3af0c2c9b386ba4,model,gemma3-27b,95
10db625af733fd61b42bd98ffaffb7a2b5eeb400,model,gemma3-27b,85
114b9e1ce5b5fb52d0d03cddef42f6a036bf5929,model,gemma3-27b,72
114e6f0b468637736b5f15fafa80fc6922898c4c,model,gemma3-27b,92
11eb3063228a052bedb7db6f24d08df0a3f04ba9,model,gemma3-27b,10
11fe7d1a450dfc61f64de8b4c3d75b1dacd08e21,model,gemma3-27b,75
129e11df90b0ad148cc98c909bad37be51ab236e,model,gemma3-27b,95
12ac89c1b3f37c564bb8ebaedb3e82557c997767,model,gemma3-27b,60
13a6fa0a4a0dffa8dbf29f6a82764e4a65bb9988,model,gemma3-27b,20
1465894633f14090f27598b853f27396bee53f31,model,gemma3-27b,30
14b3802353782424bf1b2b45d174eb8bc61b4f41,model,gemma3-27b,95
14f3741f0bc1225948dcf2b94759dc543243b2fb,model,gemma3-27b,85
15a8faa5126ffdd9a48a85510118a94ed95bdd32,model,gemma3-27b,60
163f6630cd1f55d1416f2892030e72ba8e6636e6,model,gemma3-27b,92
16a765535de47bf3b13ee7a9521c3e4d4bdcd7c6,model,gemma3-27b,20
16acceed38021bcff1d518c48c0ed2cfeef30aef,model,gemma3-27b,95
178fa37efafd58164a2f8e8ee860b580e6bcf7b3,model,gemma3-27b,40
17fd4e47355b9916471304b0582b9069a4bbd920,model,gemma3-27b,95
18169ccf5f408192f1adab97e8b208103b046064,model,gemma3-27b,20
184ba6f68a9c465352b3c635da0b3ad6b5112861,model,gemma3-27b,95
185438f65fc3d29e1dc92041b659cf8d8981ab85,model,gemma3-27b,65
18cacfa79016389fde0afd28f2b03d60f2907ff3,model,gemma3-27b,15
18fbe6e2cb0081293f50aede1a33b6891c8c4832,model,gemma3-27b,50
19b74e815da3a183dca72fcbb579ee0ebbacf46c,model,gemma3-27b,92
1a562a389efa0abaa01741fcb3f4db953d8606b9,model,gemma3-27b,85
1abab6bc5ddf68a730eabd9f5f6f85658fc53b94,model,gemma3-27b,70
1c2886437147b98082b6d622f464a5ad12424c32,model,gemma3-27b,95
1ce15556a6ecd32e85dba5bb36dde4d76e1c5051,model,gemma3-27b,65
1d1f9f47ab31a71e1727b6f109cf9b7cc33f626c,model,gemma3-27b,60
1db3ca67955ba3523a1bc897aca84927657831c2,model,gemma3-27b,60
1e18aa2502288f644f8ae414b02138929b6561e2,model,gemma3-27b,95
1f302d3672cbabea5a46c02c6fd156c344891270,model,gemma3-27b,95
202c412f9755b74a78ee5cf92fd091ed1ab06b31,model,gemma3-27b,92
20af7bb6971f087b4f24782699aa158f0187514a,model,gemma3-27b,10
20dce25879d07fc86300f9dfd1d44c08f9778dd6,model,gemma3-27b,10
20f004b98f2a09152440a7d75b03d66ae45bdd60,model,gemma3-27b,10
2127a9b574f5235d17c4e72abadcda893aeef03e,model,gemma3-27b,95
21b213fcbda7666d29ba385cf4aaf9978767875e,model,gemma3-27b,30
21b2c104690957655266bda53f61fe245c799e90,model,gemma3-27b,65
21e7d94f86772b7d82e1dea493686e89c6cc1800,model,gemma3-27b,85
21e8ed2d9a1562951d380cb25954615e29f7fec5,model,gemma3-27b,92
225550de116d9d610b299bea4495606fd83a1b8e,model,gemma3-27b,70
228277422277072584081acbfda85b2628830855,model,gemma3-27b,60
2313b3a64feeb241357ad91bcd106fc99cdc5ee9,model,gemma3-27b,75
234a86a6e06755fa59fa48587df22a9215e1035f,model,gemma3-27b,95
246893396c4b46e9c2d82669a2fbaee53d35417a,model,gemma3-27b,95
250d946079755b475b829caf89be1058f08705af,model,gemma3-27b,95
2546339b78912e70d022c92e795d81cf2b2dbdf4,model,gemma3-27b,95
2578e1942d0781637126efbb80d6dd19c624cd65,model,gemma3-27b,60
257cd4572e0c4d111f954c54371f5eb912ba2c0c,model,gemma3-27b,85
2618665100be076ad2a4bf4729218161d5e68775,model,gemma3-27b,95
26e9aa666ef48b9084d39a6ef8ebce19aaa49e3d,model,gemma3-27b,65
2722efee8b411f4470bd56639fbf1b3d6b464ed7,model,gemma3-27b,92
283d585eb424d9034c4db6c3097593e815d7e9aa,model,gemma3-27b,95
28b55c31554a5d612f56c017f2ec7f779529dd79,model,gemma3-27b,95
28fa659fe0e8c092af37b3d50bedb16543b94ed9,model,gemma3-27b,70
29be16c72d697002ad208c30bcbd1ee58a96f94a,model,gemma3-27b,50
2a578b5d52de4ec9182884a99787ef3e881e5d12,model,gemma3-27b,60
2aaf935f3d8bd47cdac4bc5ed082bafe494eaa33,model,gemma3-27b,50
2af92ba457bcf166cd9f1bad78f0a04782f2978f,model,gemma3-27b,10
2b0add218d00588b03b8d293aef1d11c64c642a6,model,gemma3-27b,95
2b596bf42bf0a16b057c3f0500c5e3ae4b90dd20,model,gemma3-27b,92
2be84ad895540667b4cfafae9051e74003c4dc32,model,gemma3-27b,95
2c54683a48b1d8cd125f8e8bfe9830841296e227,model,gemma3-27b,95
2c72574904aedcfa4fadf3fe4a186a146243e4fb,model,gemma3-27b,95
2d67968ec039d92321bb0dd45edf5e40283422c8,model,gemma3-27b,65
2dcacf10c6f6c733ec2a15228a0e36404c4751a4,model,gemma3-27b,65
2e0aea39405bc544f7a26bac4e6104732dc77b99,model,gemma3-27b,20
2e88c7d4f4730bfc06aff96e72bee74bfeee26ad,model,gemma3-27b,10
2fbb1126373ab74cee5fe2add94a1cb1e753c326,model,gemma3-27b,95
30097b1c6753307a317d856c3a00d793be1be0f0,model,gemma3-27b,95
30201c2be158b57c386767db8ac8b74dca3dfb8e,model,gemma3-27b,95
30965949e51d26353c9314c48f44f2f95c2ed265,model,gemma3-27b,95
30e11c6fb100b0dc05637a45042ef61cbbb8e04f,model,gemma3-27b,30
31109b5541f9ee8ea771e3c12833050efa9f8c9e,model,gemma3-27b,95
3127ff82ab8c81ccf8abcb87c45e08822d51e8c9,model,gemma3-27b,95
315a03bc6901df26611cea14c4d14f21dc3f4c0e,model,gemma3-27b,60
319dadd2e601cc6543ab9eb9d546ffa0a29c421d,model,gemma3-27b,85
31d66cc56000c37288bac1958271df27fa104c88,model,gemma3-27b,95
32015317f880f41cfa2805e39f5425aaa55100e6,model,gemma3-27b,65
321be8964f0cb22b988d015b6327200fc0336ff5,model,gemma3-27b,95
3227f40af459a36c826a4cddeb69527879ab9035,model,gemma3-27b,95
32371a0d21926a6332c579cba56c4f2c442f83b7,model,gemma3-27b,95
3277d89fd4d722b13500775d32130eda8570883f,model,gemma3-27b,95
33248398de2a6d36fcad0a2087278935677f5430,model,gemma3-27b,95
333b3a84c35ff52f6ec3f3e6a9ce6ff8c609cfee,model,gemma3-27b,70
33bc94ed3fab63832bcfe17543e87ffd0aaec99b,model,gemma3-27b,20
33f9b845de65356a3b519fbad87ff62a27a4bd27,model,gemma3-27b,35
34cbe32928bd514e1733df1caff2408ed9e51607,model,gemma3-27b,75
34d6689ddb6793791a6c42c53d28eb05fe46b4aa,model,gemma3-27b,0
35aaddac4ed1237bb4719b307b34768af97bb3e8,model,gemma3-27b,75
35ab35243032bbfa0c8fb621b9632f6a38773f4c,model,gemma3-27b,75
35ff77e72777fbbca61f67449ee40be4d0730c5f,model,gemma3-27b,95
369bec129786b1b8b18779e1bdc580baa48d0287,model,gemma3-27b,95
36fb4923b8fa8760d6781116003ae1e0292723d5,model,gemma3-27b,95
3718dbca9baf6d962091532fe2cde7c955c53286,model,gemma3-27b,70
37955953c5843da679ced3bf8abce78c61a82db6,model,gemma3-27b,95
37ace8d5baf5a707c875ac396f337b3a096d8b12,model,gemma3-27b,92
37b9ee3b0ee3879d8ee237564669d1d0eb9b2f04,model,gemma3-27b,85
3848a94bab1d4aca408fca18b70c52d1f5b1dd6f,model,gemma3-27b,50
38f9868a261e01e0d5055e52845eedfacf5b9dd5,model,gemma3-27b,85
394f4f3f0dd124d36d16c644eaaeb2cdbb5ab548,model,gemma3-27b,30
396fb8b82371181b1645dbf78b4a0f9ae6d672a0,model,gemma3-27b,95
3982c1213bf3426dd26685adcab0cb3ed3ba99d4,model,gemma3-27b,75
3a243d2b19f92827757c11d930f7af75d0cc6665,model,gemma3-27b,92
3b1fc2b6201dfe2a15eaaf211768ca36df6b9a3d,model,gemma3-27b,30
3beabab67aef1d01f3931edd9df24b1dbfcef619,model,gemma3-27b,65
3c556b5664c60296d9a4023bf6d6bdb2f16c0e62,model,gemma3-27b,10
3cbdcf582ef683217e40c284439cf2f27133f025,model,gemma3-27b,60
3cd2bac553c7e63f5a0735c1fb39a0e27d2a0ca3,model,gemma3-27b,95
3d60c8f8feca917160d787010bbfeebc28eb493c,model,gemma3-27b,20
3dce7e14c7575c7328380fe10d8017951475c34e,model,gemma3-27b,95
3e6631675e700837bc55fa46d80e3e2a100b563c,model,gemma3-27b,95
3ea64cfbe523de55a74835a3d1b52a3da4eaab41,model,gemma3-27b,90
3f300b02121b66537e4b3bb286f1515e0e2583ef,model,gemma3-27b,95
3fc124f455111cfabfe4efd53c094b70445d44db,model,gemma3-27b,90
409f2a86c6d099210e24616f3cc36af0d7d6258f,model,gemma3-27b,40
40a02ef708479ff3bc45e44e0648fdaf0de040ae,model,gemma3-27b,85
40bd0e7275a33375f7b4974d3f5a3d798793b746,model,gemma3-27b,75
40daad4fb4d1d29364dbd57f8c316c2a60b3abd0,model,gemma3-27b,85
418f03b62d50bd11e374c13d7a187a593302d8e3,model,gemma3-27b,95
41f1856032999b9febf9bd4cac37294d162f2ac9,model,gemma3-27b,75
41f3f9f350e9632b0c0bf639227a1226bb2cfa24,model,gemma3-27b,20
42b2b494aa4eddb4f9cf1dccfe872a2071d61957,model,gemma3-27b,85
42e6ff768062c19525334c8b2afedd18358802b0,model,gemma3-27b,95
45489be87419c5cee7973f6546c9e3941a6ae6ae,model,gemma3-27b,60
456e4668eed55444340674157fb259cc4fbcc1cf,model,gemma3-27b,60
45cee2dfbf73b6b98d8e8ad82b1cf5fe6ba1cc93,model,gemma3-27b,95
46173ca6c5c3b099d26b548b42fcb6ade10ae09e,model,gemma3-27b,95
461f5851e021d9bdfb40a7a6ea7c7d2e8c73866f,model,gemma3-27b,85
467e5d44de17d7763b64d0d2e2e92b364417c433,model,gemma3-27b,75
46ce62ff3412bd42c5716f561a9f6002f4555041,model,gemma3-27b,50
4773e1ba7746bccde9e600ac3abb715ab61868ac,model,gemma3-27b,85
4796a109e8a51aaeafb3d47785f6f9349d9910ef,model,gemma3-27b,65
481ab944a05bbc7733817885d7501eae1cd56b7d,model,gemma3-27b,85
4825536698b944be7ba6c68452f8512ddd6690b7,model,gemma3-27b,30
482de8da34b4dae89174f010f38ee7b3c3642645,model,gemma3-27b,10
484fafebc0eed98dcc4c673caa2186a05a72854c,model,gemma3-27b,75
48570132c8ddb3ac3b622279671d65ea2d9d6b5c,model,gemma3-27b,95
4885067ac2f066cfa990fb117b64e2b355ebc126,model,gemma3-27b,10
48dadebe5e23ed35da35419dd713243b649f4777,model,gemma3-27b,50
493cbfe46e6a45f74bd008c444775736f32f73ba,model,gemma3-27b,85
4947d3d498ed5765c61ca92ffb9913b262024eaf,model,gemma3-27b,85
4967f321a1d0f3e70d2f69858ddfd3ecc18793de,model,gemma3-27b,95
496a797dee79164d5c5f3d3c775d80b8baf055ca,model,gemma3-27b,10
49a8cf3160b231cfbaee06f7c2467b3e819ddcd0,model,gemma3-27b,10
4a5d896ece18de4ef4bba5df48ced5ad9afcc48a,model,gemma3-27b,10
4b0c4e91ae833a6480a6bc86152c27265ec2befe,model,gemma3-27b,95
4b4f6f99fbb9b990af7554e2c7a7cd75e646bc92,model,gemma3-27b,75
4b83d51e743734641207228b650579a69588ff7e,model,gemma3-27b,95
4d9eb93aa149a88da90f6cb9a17802827702ec07,model,gemma3-27b,75
4f4de3f855740a74df2ac944967e9f7d6a47c874,model,gemma3-27b,60
4f7a4d7429bc6bd6912128eb52a392b915701e79,model,gemma3-27b,95
4fd807b6360addbb4ce55cdf773a0dfd10aee829,model,gemma3-27b,85
4fde45543cf5852c810f649ada7ed3ceda6f86f7,model,gemma3-27b,30
4feb51273ee0b31101848b5b60cd0925504f8b2b,model,gemma3-27b,10
4ff080df6db87d5f67c65b8d235dd665c7d618eb,model,gemma3-27b,95
505c9a01450dec3b6035bdbd4e70b1c2f779480f,model,gemma3-27b,85
50e22042ea676a4ed7f8bbad8f871e8be6d490e0,model,gemma3-27b,60
51df3b4fab40b799a9c752b3986e239e36d37d68,model,gemma3-27b,95
524eda58d4acaa66c5c406a5e4b03a180f795b79,model,gemma3-27b,95
52744b81b0de7b9bcb641c126f4e588ae21f5b77,model,gemma3-27b,85
52755fa969d14c9da462da7a4ab72aeddf76677b,model,gemma3-27b,95
540879588e27ef1210a76a6fe68cfd3b71562376,model,gemma3-27b,20
54359003d63c21718a1bb2cdffd612ed5a36665b,model,gemma3-27b,95
54e535bfc9b712db9ddde27e91d4b3df6301f958,model,gemma3-27b,95
552c8256981a68859261b897beba8967ba801956,model,gemma3-27b,85
5530ecaa590332062e60c111c32ef1a2b58f19ce,model,gemma3-27b,95
57a6d6dec8df8c877accb47a466287af33cc45d0,model,gemma3-27b,95
57a8c4813084fe9fd5bb8f4a133ff67e4e3c333f,model,gemma3-27b,75
5884b921b6045758e688dd8a4503bb7dedc6ced2,model,gemma3-27b,85
5912721c0e8016a4306b8cf9097e1a0949e0ba72,model,gemma3-27b,90
596aa72ed7f02be1f079a612aa51a71e00a345cc,model,gemma3-27b,95
5973d5f07ab3995e36b54659fc111e4899d2daee,model,gemma3-27b,40
59e4b34d48b33165d1f0f310a5386cdb1c780a16,model,gemma3-27b,95
59e9d3c51b9f01bd82a8606d833151f5d280b1cd,model,gemma3-27b,95
59ef7fed61892f3648e22a2f1367adb42232fcbf,model,gemma3-27b,95
59f8c61bda6261f7b1aa80d9d0229df7df1c2186,model,gemma3-27b,10
5a216c9a2e97c03d914aa46f0c991f71670e4994,model,gemma3-27b,65
5a3710f12b77ffbf1b4b456d0d65dcf92ee80c7b,model,gemma3-27b,85
5a410f62cf45825abe4d5b1916fce0c9f52a4fc2,model,gemma3-27b,75
5a622df002584594ebe07f5f51135319f9abd314,model,gemma3-27b,20
5a8f3e7918c18794699b1e70a8178a4c13b7e989,model,gemma3-27b,60
5a97bd5f8c4aefe23e817891de768c7ede94729b,model,gemma3-27b,95
5b69ba988b4260adf1f70454a43cda4d62249f26,model,gemma3-27b,75
5bd18b45a4f7344f74342d7042d90f2d9b5e3318,model,gemma3-27b,65
5bd1bbeebda925d86e6d5dcb466eb634d4671b4a,model,gemma3-27b,90
5bda658268f064d07092af410c7d704295d4eb44,model,gemma3-27b,30
5bf7d84c816b60b078f60257756861ec6fced931,model,gemma3-27b,45
5c006b0ffbeeabbf6b3ed05cc7df5ca5d1bfd2d4,model,gemma3-27b,95
5ca7d264065f2382a7566d45c563d917b5f64119,model,gemma3-27b,75
5dfb39c732324e56e7fc9a8021372b436457993c,model,gemma3-27b,95
5f4f7a72ff19350fda913b65aec3ab1024f39915,model,gemma3-27b,85
5f6ba84fda45b37c463868fcd15b0e1ecea468d1,model,gemma3-27b,95
5fed58786510ad0682b40692d488475832666b77,model,gemma3-27b,95
600895147473f1c069d71f01cdd43dc7bfd5e6a1,model,gemma3-27b,95
60cabe417660a4ecbc23c4bdd05fa708c774c9ff,model,gemma3-27b,100
614885e3c2594757ae2ed13ddb2811a365f58ea6,model,gemma3-27b,30
615cbc34a390f19b6b0b6f9f0cd9c2840fd72abe,model,gemma3-27b,95
6190e519c3cc31ce568b6226cb8f5ec710fc6a75,model,gemma3-27b,95
61e994abe0fa4be25267edf541b83f28f6c28c02,model,gemma3-27b,75
624d25fb41f9cf4b55d04c8eb436377c3a45ce6b,model,gemma3-27b,65
625860f5cec49b1291e769ce25ce945a459658dd,model,gemma3-27b,85
6265e84b04bcdd0e191208e0a16324d51b19d44e,model,gemma3-27b,72
627af4005c08984c5b415d1bbedbe7ab0b698a92,model,gemma3-27b,75
627af443c5ade76c682f9363c7499cf370207476,model,gemma3-27b,95
62d10eef6d9f72c630b79b011433419831198813,model,gemma3-27b,95
62f76021b76144777ae88c378fba40313c0f161d,model,gemma3-27b,20
634eced402d1526420b8d937a7d8079d2ea07b0f,model,gemma3-27b,85
635dfcd33fff0c96f473dc83aa88a2e52f901800,model,gemma3-27b,10
63851d693c8ea2f9cda2aa8b2a152b82eaf92624,model,gemma3-27b,60
63ce72833447e73846044f9af3b0101914ef66d9,model,gemma3-27b,95
63e14c466cabbaeda76b9d297b79a2c8aa606d4b,model,gemma3-27b,95
6443d2eb4e2a5bf8fdd02ebd347f9ef9ef454852,model,gemma3-27b,75
648a460dce478d3e2ef0ea59424e3e31dee4bbe5,model,gemma3-27b,60
64fef683ead61f8abb2fea03183942b00b1b5981,model,gemma3-27b,50
66017b23a574099ddad764fe7dfb1d1f758697c9,model,gemma3-27b,70
66321b63b2e2eb79c91488697f05647dea7389f2,model,gemma3-27b,100
667cf1052c8d71355a7e5ccaa16b5d3765a74c0b,model,gemma3-27b,95
6681e076a045194d31d4b0ec3ff9bb5d0952bc5c,model,gemma3-27b,65
668b6c00d39f2f3ff61628316f2270f473ac214c,model,gemma3-27b,20
66b6ada4122e3030f8d14409eed4a15d7f6abef1,model,gemma3-27b,75
6732d65ee083db463495f5002f1e2ed6816d401e,model,gemma3-27b,50
677c09fd1cb5e165b4554158fbce27c9fc7e5692,model,gemma3-27b,95
67d5029946343113c464a53c894592441395c592,model,gemma3-27b,95
6807a3f03af28e8ed7dee4318280409f4b421aae,model,gemma3-27b,10
687dfa8d5f02ab11cae0df93145618ef6da711cf,model,gemma3-27b,75
68f16001979b161e4143c38bccfa02c80cba9b41,model,gemma3-27b,90
691e22a596f631751240365c7b490de6a00e9ecb,model,gemma3-27b,95
69f066d936be63ab45b8386b65f33ceb6363684d,model,gemma3-27b,92
6aedc5f06f19df8c689befc6f52c8b4d9b037978,model,gemma3-27b,95
6aef29ca62aa30955bb2d58932f5abf88c6bdf4e,model,gemma3-27b,92
6b38335a2be98bdf7543fdfe6de5c7d9592d235a,model,gemma3-27b,30
6bb8fd4fb7b23fb77e661d72ca5ee0165d78e330,model,gemma3-27b,60
6bdf17a7a51de0cedba57bde46ecd6260e23d670,model,gemma3-27b,70
6c003c37a4cf1198c0e4d418a43b3c9ed9deb849,model,gemma3-27b,95
6c8f578e95d5f43c4f33875eab9d5093ad040693,model,gemma3-27b,85
6ce0aaefa81a6268c2f528bd1799c26cc32b65b6,model,gemma3-27b,75
6cfd852a2b2ad49df219ab4e1f291e072b9b5e19,model,gemma3-27b,85
6d57b5d755d5d60b6e775a8a7bb8b9c69973181d,model,gemma3-27b,95
6d999b0f65e5187f50c6f0b042cc0e21048c6834,model,gemma3-27b,20
6dd5a74f64c233a27631332474690437d6bc376b,model,gemma3-27b,20
6e1cd320f7b92c117c658a182f78c8786758af9e,model,gemma3-27b,60
6e83fa175403daa642bf94db05c7fce5adbc63b3,model,gemma3-27b,95
6ee9083ba928af5973cc227488d5197bdb316776,model,gemma3-27b,95
6faed76ad73112b3c1e977ac3963de31759414c1,model,gemma3-27b,85
7021b5bdb3906e2b71eb69f69fc3f8c013f2ca23,model,gemma3-27b,30
70574301b4de22f990c04ff68a396b115330d257,model,gemma3-27b,10
706d25f785135993dc3daa10b9138ed7a9b1f485,model,gemma3-27b,75
70ec01d158700aa2927ad5f850889859c626410e,model,gemma3-27b,40
715370cf743261d8ea19cee5296bf13ca28a47d4,model,gemma3-27b,95
717e20d92fcbc0e7a400c76aa571ffbff23c7890,model,gemma3-27b,95
7193ee33487b0bdc8a9cf5418dc184ef10c01505,model,gemma3-27b,60
72464269d274f3c94553180494f04424aff5f6e8,model,gemma3-27b,30
72b09adea2dbd65a3d99dfa431c034c14180156c,model,gemma3-27b,75
7306af179b5d7b27dcea44fe5a1e9e7ce9a8e293,model,gemma3-27b,35
73092c2e504c33393335ee01bfc42184765d0127,model,gemma3-27b,90
73139f821cf76aa99088ae158e553b21b4ee9294,model,gemma3-27b,75
7366cdda827c3c4287f12f84a8be673f638bf0ad,model,gemma3-27b,35
7376e654bd15452119a191573d7993c691f722fe,model,gemma3-27b,95
73920e096c5cd1cb8f72df3b044834b4d4e01c60,model,gemma3-27b,95
73dd7fa8e40ea55ee181d1688566f49c95977999,model,gemma3-27b,10
740813a7ec6c2c013d7fc310087710b430b7cef3,model,gemma3-27b,95
7484b50767d5c76573aea11204382a0e56794f3b,model,gemma3-27b,85
74af4d1a59e6b86e2ff912c49ab0e277ef16c1aa,model,gemma3-27b,95
74ca3fa88f968d07c8a0ba8e1cdad0bb87ca2a76,model,gemma3-27b,95
74f60d919990a51a48b0b06c9705218c18d243f3,model,gemma3-27b,95
757d25c3fbf701c83ba11ef17aea33165a8a14ec,model,gemma3-27b,95
759d1a60fe07bfe8399ad84f1eaa7dcdde9f96e9,model,gemma3-27b,95
75f52bc727df25d8f6d140188e51d5355aa9d146,model,gemma3-27b,95
76a1dcd899ce7e64ec3f43abe0655cd57f6a9af4,model,gemma3-27b,75
76af39b0e2956dd2e0e3abe9bed5c8d598f96bc4,model,gemma3-27b,45
76c76bb280987469d38fceee3fc9a5f775df8d7e,model,gemma3-27b,55
76da88fa9eebbee40b0b6dd3e35caccde914caa0,model,gemma3-27b,65
772bf159801b6e593efc34f0bd942f06598531d3,model,gemma3-27b,95
77b3f250ca0b226f7fe5830a56a5896336501073,model,gemma3-27b,85
77db35356118ed694bea7ea6f88f5b3906794a41,model,gemma3-27b,85
77ed6564217f1668b8a9e66ad5d4f1da0adc3084,model,gemma3-27b,85
786b59baccb25433ab104ebed3b6591deaf58d45,model,gemma3-27b,95
78c26754943a165217dc03b8d60dd35ef25aaf31,model,gemma3-27b,100
79050668ea67e5002f3981ab670c7daa3a0fad94,model,gemma3-27b,20
7984573af8ba53b59e14e25b06bc3f1bffd601bc,model,gemma3-27b,95
79a11817f8d4a98307e0824c80868ace5865b093,model,gemma3-27b,30
7acab7af1924573bdb069d1313f75643a2b38059,model,gemma3-27b,75
7acbf2fa270e2974b849b7443db161f187d81c94,model,gemma3-27b,85
7b1b1199d9074b93f3a94be770f42cec03ca106c,model,gemma3-27b,95
7b1dbe275c4a2c6f6e5e766d0415154d0bd2f9f2,model,gemma3-27b,95
7bb2718a0fab197e0a2ef683016e7d168d2d9bf7,model,gemma3-27b,75
7be27a850e3aae8e5b2c659cfe94f320c47a8913,model,gemma3-27b,95
7c0612043467eaad9def4b31caf02851aadfe9a5,model,gemma3-27b,85
7cadf4089358465625975004263aee218b5ef87e,model,gemma3-27b,65
7cb8d092815d8cbfc8eb573959f17706eccbf795,model,gemma3-27b,95
7cdeac426487a3667b732e97fc22928c93bad643,model,gemma3-27b,0
7d1085dfc45ee68b3831119abded38d6b25b7bfa,model,gemma3-27b,95
7d19a7d1f51c00862d47e84405e842a4282e9a5f,model,gemma3-27b,95
7d7487e04e516d9b48cf77dedd9b4d72c9ad3ffd,model,gemma3-27b,95
7d9408dfccf044b80481097acdd09bd7790ff82e,model,gemma3-27b,95
7d99d74253cb89ed8d78affc67e0814c1b7eb210,model,gemma3-27b,95
7dd00501cf7148fc5a77efe8f7dd4da42d729d1c,model,gemma3-27b,95
7e2a4ff9d24e0ed97bbdaeb8d000303ade385822,model,gemma3-27b,95
7e848591ddbdc6322625455ee55321ad246edf8c,model,gemma3-27b,95
7ea18bbb2442c0e07a63c7955d2225700e55bff4,model,gemma3-27b,40
7f1455fbc789153c3eb6d33eac5680fe635973e9,model,gemma3-27b,10
7f2cbe9e70848b20a30e7fec876d676c95139aec,model,gemma3-27b,50
7fcd97b629e37c71ede8ac523d4652dba5e18c13,model,gemma3-27b,30
802afa81d4a2159f3a2350484efc329b8878c68d,model,gemma3-27b,92
8095468049f052f02c66e2c6fea4fa88fd95c99f,model,gemma3-27b,65
809b3caf29857829ef87f6162b20b95888c8934d,model,gemma3-27b,75
80a3c2302f88b7d69cb268abcdff81100c5fa3a7,model,gemma3-27b,95
811f3894bc8c81d2b9c0b2fd7c1307796ce0849b,model,gemma3-27b,85
816ff7006d6123b54d3c0d00e475d4b9e57d1ea7,model,gemma3-27b,60
817493942a7e083a1fc2e76b96596bb90a4ac586,model,gemma3-27b,70
81c58f46e907b6b04fa92607d09e5df331251203,model,gemma3-27b,95
81dc4934426641725fb1b1121b6cffe9a17f7c37,model,gemma3-27b,30
81de55bd590f467b90074bd2aa7649af69d94c64,model,gemma3-27b,95
820d4d36c296e174b9cf212f18d2058b6019b4c8,model,gemma3-27b,10
82bac8ec02fdb015b7b3c833de198051b5d06608,model,gemma3-27b,85
82d6235fac22f9f16c833d75201d46a4336b1ec8,model,gemma3-27b,95
839dd8d0a834ba7c493f07cd9b432241588589a0,model,gemma3-27b,95
83d23c6a35d7cadaa100d16ef335b02fc3b8bcb2,model,gemma3-27b,10
8410d3d4b1b09f36b0de2dd82a06bb5751d26101,model,gemma3-27b,100
8420ea670f16c1ae9f06766c1098dc5dfdaca16d,model,gemma3-27b,85
844b89fef440970044adff493188225401199b0f,model,gemma3-27b,85
847d7d0b13b47a8152f4025bf6c94134a4ab7f41,model,gemma3-27b,50
84c8ea6984c09539e31c7599467956c85563c664,model,gemma3-27b,30
84f372c80cf02b332895d7ac8d403b6b109340bf,model,gemma3-27b,30
850f1096ba33bc861164313bf10b9c8d2d6083ed,model,gemma3-27b,92
866a4169a36469bd141957d100eb9d6066fab43a,model,gemma3-27b,60
8694aabe9a1aa232e06032cae723f84492b5c7c0,model,gemma3-27b,65
86a494e92fcd802d0aa2d9f694bd61ede741a6fe,model,gemma3-27b,95
86c40ccddd5122fbe2ff35378ee721dfb4f49a4a,model,gemma3-27b,10
86cef2d2351d2b4f3ef855ea8fa932677a6c24c8,model,gemma3-27b,85
870511221a136dd6798b977b841c406693b527bb,model,gemma3-27b,100
87322fc4317d1d57eb4b367f785d14b731262e0d,model,gemma3-27b,95
879a417739f6bbdf6a6dc4103bbf2dee1c3a6df4,model,gemma3-27b,70
87e0fdac10b0d4ad91fa7cd853ca85bd4919d518,model,gemma3-27b,10
87e3f4b7e87ba2c03a6c3b96da49fd1b433f52b7,model,gemma3-27b,85
89a86aab9a0d10df326a8e96f353e5878e76d654,model,gemma3-27b,95
89ac42a7fe4439a1e1f67760708f3e94f03574dd,model,gemma3-27b,95
89c4a122a8376801acefcbfbff8bc9d8840f1e16,model,gemma3-27b,85
8a00ce7b4498d8ab675a5aac3df18a98329e486e,model,gemma3-27b,20
8af86ee0a6a71ac2404422668bb2e0c7144e8f25,model,gemma3-27b,85
8afc94ec777297fb135510ead03875f1620cd154,model,gemma3-27b,95
8b383df9f61ef668700db1946986fd9b7e26d334,model,gemma3-27b,10
8b70545642cdaf045d34aba9eb1b427d244be8cb,model,gemma3-27b,0
8b728017fb2cd21ead1187aa79feb03c2fc42b91,model,gemma3-27b,65
8bb06c2cbfe1bd099f6445ebe980755d6abcd827,model,gemma3-27b,35
8c0b2bdd79e8ffa37e9465d247cc653ea502ba0b,model,gemma3-27b,85
8c681f138869666c01a9c149764f0dc381a5917c,model,gemma3-27b,75
8cdae10537878476fbe2b84ea51526a7a87a5762,model,gemma3-27b,92
8d7a815fa6e50f38151eb57f6524c99ca7d2f9fb,model,gemma3-27b,95
8d96bc4a573d9f8a43b44b650fb63e022d0a5329,model,gemma3-27b,30
8d99627a9b05a6a05c84cd3afd2ee8ebbe60c1f0,model,gemma3-27b,85
8db50efe8062e579537c5235524b17d60026a407,model,gemma3-27b,92
8e2eb37e7a08b7446fe58d7c2a152397ee4c6769,model,gemma3-27b,92
8e593973388399639eabb0c34b1556b54a26e47a,model,gemma3-27b,75
8e8fd49a9734804f4334ecd15ba615eb6f317bf3,model,gemma3-27b,100
8f15a19f19cb1bcaef07f89c03af33d032a9cfcc,model,gemma3-27b,40
8ffad5ce01f3eca6f0ad37c61162ebdb8c06014c,model,gemma3-27b,95
908aaaa922054ede9e07056680346998ae0929c6,model,gemma3-27b,60
90f24c1c91e46787ba109caed736cfedb293e45c,model,gemma3-27b,95
911f2f825a93e3d27aa26368ad87eb6f54dbcf69,model,gemma3-27b,30
91690e37cac6efa7052d9445c964f6bc30f5d5ba,model,gemma3-27b,95
91836b79076bfdad7e6629ed21b275a3fa5cd30d,model,gemma3-27b,70
9237841c3325714d47158c045c9773e538fd988b,model,gemma3-27b,10
92a6a1086db5b6839414653ca40d11353663cf6d,model,gemma3-27b,100
92e1cdab5303143c39211c1a8a5bb78661c8c0a6,model,gemma3-27b,10
9306d668079f4202c71221b741e004df6f2e444e,model,gemma3-27b,20
9323c63e5368ba99fd44a58845fb914be492153f,model,gemma3-27b,65
9373de2a12b3d5c1a6741d2e0355bf613fb8da97,model,gemma3-27b,60
940ca96d210e50163d7f110b79c45e5c78961eff,model,gemma3-27b,70
948e53aa5d684810ea565fcf5e6cddcc1116e944,model,gemma3-27b,95
94cc72dce14026172816ba199a63b338a7ab48f2,model,gemma3-27b,85
951938ef77dad27019a6f54b7ee55b166a35e573,model,gemma3-27b,85
95c857436753bae3882f6f7e6f5a99ce0016c7d1,model,gemma3-27b,65
95f97c38fffc95d8a7fb9eda04fa8548b750d1c8,model,gemma3-27b,50
960c4962ae7d01a0d297467dcb6c2efc66a8b15b,model,gemma3-27b,35
960d1593ec061fe57d84db73f882d00e51fa155e,model,gemma3-27b,95
96173a3da68bda36f8f1009994a4e7c2f269ef20,model,gemma3-27b,95
96d95c1e2af4c3568cffdc310e5e93c37d697300,model,gemma3-27b,72
970b0b2d794e9642252c562ccaa6c4029fa64155,model,gemma3-27b,92
9723236419333e680a0501e146d84d76f69970fb,model,gemma3-27b,65
973f0b561bc13214f7932fd128eb234669d3fd49,model,gemma3-27b,10
974caa22e2c86ad8ba5073a3d0530e1f870ab09f,model,gemma3-27b,95
974e365b20b72ee7f0e6c6cd1f69a6fc4891e65e,model,gemma3-27b,85
97b3127fac5bbd209a6b0cf1697d59c4ec72cc26,model,gemma3-27b,70
9800c67c4d73bb9ca75d8d54e75154e9359fdb2a,model,gemma3-27b,65
98577d9ca460fc3775ded2cbbcf239d4226027f9,model,gemma3-27b,95
98b40a1aac8bdba3cd10bfc3bc5ced9881a39ca5,model,gemma3-27b,95
98da4c99a9ac210ba9c4ef7e6d75e77f866bf361,model,gemma3-27b,30
98f47229fe5b353fa4e4db73bb2d97d63546018f,model,gemma3-27b,85
98f9f26757059772327c22c57e6a61dd635ffe36,model,gemma3-27b,60
9947f32bf93c2faa909930f1f47c7572c2a9ba44,model,gemma3-27b,40
9960a58f1665446ea2076633c13faf298bd4d043,model,gemma3-27b,92
9982acf081bb0e92cef530eef662145da0ff5969,model,gemma3-27b,30
99e3bd69c4f074cb5f1245ebb33024a42b983484,model,gemma3-27b,75
9a1c480dfed61ec11c278381aa66b0bd65dac3b3,model,gemma3-27b,10
9a4ce16b8d1e962f94e2a8945b6d773bd6b59d6d,model,gemma3-27b,95
9a88fb66675988d4e3e53f5c4d560b406be16adc,model,gemma3-27b,20
9b1300bf13adbf74106d550ced043f7c559984dc,model,gemma3-27b,10
9b6ac8e19de5dac834b702afefc3e7c973e391a9,model,gemma3-27b,75
9c614fe01ff0021d39492317cbbea8dd581a3b16,model,gemma3-27b,95
9ccc67e37a2df75b8227904c2d88832b44550399,model,gemma3-27b,95
9d343d6719b4124d3f760a4a3a879357439ff0fb,model,gemma3-27b,10
9d752b5d4a1432d7553476fbd465af5ae3aa3bf4,model,gemma3-27b,30
9dd983d834b37190ba0a8e993e1290b0e1351045,model,gemma3-27b,75
9dec0a71790ff51afb5e71647e837d72da3fefe1,model,gemma3-27b,75
9df764508baadee51374d408011836430453b867,model,gemma3-27b,50
9f5b41bb78f3cfe47deaa8b2e0644b1ce9abe91a,model,gemma3-27b,85
a02e47b3b09813d2c2cf744337b240ed9b5d24b2,model,gemma3-27b,95
a0773bc3abfaaf905ee13f2b989d8d8e77be70b9,model,gemma3-27b,95
a0791b1392d79d0b7aa5e4ce8c6a1807a1878aad,model,gemma3-27b,95
a12c226d695665706c536efca6a9e9df1d050e45,model,gemma3-27b,20
a19fc8e0d9463026b01e2237b418720ca3ce9b09,model,gemma3-27b,60
a1b4aeefdf1feb3f16ba30dfac6ddc888fcb20d9,model,gemma3-27b,70
a24445327e1e6c399fd3da56df32d59d37a32d38,model,gemma3-27b,85
a25e0a034bea78f541c0b097b7c30742c92b3a74,model,gemma3-27b,75
a2edb76ef8ee4a58202f0d46eb30d40baa01db5d,model,gemma3-27b,60
a34fbb067cbd14cd6a31f48b71723ed4dc0826d9,model,gemma3-27b,65
a3c358d94e8dcdac961fd0af1c647e5917f11b3f,model,gemma3-27b,95
a3c3cf89f0cdc432c495594d8b4478cc92a28a41,model,gemma3-27b,75
a3cbe57f0a37bcc1bbf4392ebd394ea2c33b8afe,model,gemma3-27b,30
a41c848b7e85308a6d59d8754b98ecca5c2a496a,model,gemma3-27b,10
a4621b4421747e1eeb02f3b5553bc86e958bc942,model,gemma3-27b,85
a4c05056fa05c31cd188bb925bd7129a27da63c8,model,gemma3-27b,60
a570791ae346cd4a655e8b9babe6b5814004490c,model,gemma3-27b,95
a57b1f61060d71a65ffadf47cd9e1e6e32775a10,model,gemma3-27b,100
a6193af9be59206bfff0be15c3bd68ebaaf34894,model,gemma3-27b,95
a63f2ac9d9e92876cf10bcaaac9359fc5dc19928,model,gemma3-27b,95
a645da4a68a739b0e75a260be225db5c657d09a0,model,gemma3-27b,100
a65f271f1ab821b4b97bf7c9dc7990c01ac1903b,model,gemma3-27b,85
a6d09b6180fc68829112be619074f860614d6b0e,model,gemma3-27b,95
a6d3d9faa1935f106767724fc62ad990ecfdc7e7,model,gemma3-27b,95
a7cdb9493bcf3398169af61bfa15d46a8d7905d7,model,gemma3-27b,65
a8089d829a0eaec23b831d26142e5c6cca905a01,model,gemma3-27b,95
a809ae6b2d8a9ff09956c23fdff5e4e43c547422,model,gemma3-27b,75
a80d7def3493d223517c0d7d268add2eabbc79ba,model,gemma3-27b,95
a85fe9311b3d8819b5b98a750664b73d9e29062d,model,gemma3-27b,10
a861081bd228a2833a033c7641331b8da4cf3f75,model,gemma3-27b,65
a8b126ad58c3a9f135a99e99ff322542b936fd2c,model,gemma3-27b,95
a8cd1ded47af69037096210be864861b551d70d4,model,gemma3-27b,95
aa2255a0726d23a5c74a3a902444a96f6b3a9c62,model,gemma3-27b,75
aaaa7aabae54e895cbf69d6c73642e9e09524b6c,model,gemma3-27b,95
aad932c4541f26a3701a62311c1e5ff4b0dab646,model,gemma3-27b,95
ab4cdd2ad313b18a6a2c28f35ba31fcba197438c,model,gemma3-27b,95
ac728865d197f6c4df39a8e83b9a303ee6296702,model,gemma3-27b,95
ad66d76049f2a8dcaf9dba95253e1c0d304b828a,model,gemma3-27b,85
adee43331f7338f0c9c4a72228033be4df4dec86,model,gemma3-27b,10
ae1283e151beac8b1cec137a1415bdd6421ac8ab,model,gemma3-27b,85
ae2820ffc67733defb10442de981e8942ac9c923,model,gemma3-27b,85
ae783a5ee74a975c46411b99e77b93beafe3ef0b,model,gemma3-27b,100
af1c0eeb0a6ca8aa3d40a647071b3ed9704e27a3,model,gemma3-27b,92
af2b64a603f0c7a9c27482f435417aae289ad230,model,gemma3-27b,50
afdb2efa0b45fbc29e29811bc99e856c934de0ef,model,gemma3-27b,30
affab9a235577c4aff1fb28bee7001c64005a0c6,model,gemma3-27b,10
b0346634e17603ebbfd5375942399f28ae13d597,model,gemma3-27b,30
b054601934791d5b361a33980c7a8bf65e310def,model,gemma3-27b,30
b0628b995da51161a4a82bf282d4667334f5239e,model,gemma3-27b,95
b07a35682f257d8dd72a3fd1ca9bfa2dc42663de,model,gemma3-27b,50
b08aad1464629022ccc95ce0c4e6fc662ae1c213,model,gemma3-27b,10
b0f3e51851018d2c7f8f5c7ca5b1970221eaf000,model,gemma3-27b,60
b12d74a0c1efaab95de155263fc339a809eaf80e,model,gemma3-27b,20
b1392c411fb26a13435222665626b30f97ca3b1b,model,gemma3-27b,95
b13ab40de07bf1a3d7c898b41025edc071d45179,model,gemma3-27b,85
b2464c2193c0669b93486d394f53fc52cfa27e3e,model,gemma3-27b,15
b2749be01ef623373c363c94262b41639fa1a7cf,model,gemma3-27b,60
b2823a6c067844eb1cd386632577de12ec55564c,model,gemma3-27b,40
b28fd14764b1b3e0d41dc913bb622f7eef1d8749,model,gemma3-27b,60
b2bc619dc48e669f2593bc442ff8d5a859a2e9b4,model,gemma3-27b,65
b2ca5f8629a7b5fb2477fa68c53f496a42add35f,model,gemma3-27b,95
b328fc73453f760f6e842e2b573eb1ec6cd04ca7,model,gemma3-27b,35
b37b2b5b025c577a7480813cb5d21e5211b69375,model,gemma3-27b,60
b466d36fe52b190ae7da1e2ec16246f37b027e41,model,gemma3-27b,65
b4819d66284ba8ac6d3692af17b68aee61c963b9,model,gemma3-27b,65
b4e9a2fafc5f41c180e374a6bc8eb563cebb1968,model,gemma3-27b,10
b4eff200fd8cfd311606d53104b4607b6c48ea9b,model,gemma3-27b,10
b535a47412d4f62b0aaecfce07fa3a1cf8ca03a3,model,gemma3-27b,80
b5a7c7d521ccb75e1dc487863cb3d663b2f1002e,model,gemma3-27b,95
b685681c665f6bb8591e6376137a0f23739b1ef5,model,gemma3-27b,30
b6f68060cb80924cfe6f34153ca3ad491ec90e36,model,gemma3-27b,95
b7389fe705c2940a43e07c9de22b61a2b6c7df45,model,gemma3-27b,40
b7896967004f1f431498f335da96196c06eb9029,model,gemma3-27b,95
b7a2d0cbdc170b6cf44a5186deb8068a3c757aeb,model,gemma3-27b,75
b7b15be52847f34c3f4e89f79916b7f1eef935f7,model,gemma3-27b,60
b7d093ea46ae1c7294264f7dc2a1c6c6e899a894,model,gemma3-27b,95
b7ed63e3e839a47424b597fbe9afe34a02f2bff7,model,gemma3-27b,95
b85c5e0dd860cced371f80ec7c3642d4d8a8dccf,model,gemma3-27b,10
b87d4f00bf501f6f75d6245cd75fdc8e5399fc11,model,gemma3-27b,75
b8f6dd7ae7479186d3b97065fdd405fce96b8592,model,gemma3-27b,95
b900fbe14a91f99ee038809476147746529eeb7f,model,gemma3-27b,10
b9bc681457faf51e41e8b6c34b473380b17f5975,model,gemma3-27b,95
b9ecb675cba911185279d142ea86f1247ee2f723,model,gemma3-27b,65
ba4bf54c3c4968ce6e73cb6a03348a18b8780835,model,gemma3-27b,92
ba61e17ad9f813bab58a23438fa22b92d3ff4876,model,gemma3-27b,20
bb58f4edebd88e642c145866d2f9b69fca840ffc,model,gemma3-27b,20
bb9e4dd58a0179b8f2bf12af8cccf24efeb0ff32,model,gemma3-27b,75
bc3c0ea07a77158fad82caba8a2c6cc567910e09,model,gemma3-27b,50
bc515e0b2e22698ebf2d43848e13530cab176063,model,gemma3-27b,65
bd84145f8d2dc4e21a48c3977bf3ea667b92e865,model,gemma3-27b,35
bdef84ce6ca276a28e4c9bce00c83d02c8491066,model,gemma3-27b,90
be2a0403c02699697d4ae74e9e34e6235065c47e,model,gemma3-27b,65
be7a769dfff62216336f188f42d15f9536cc177f,model,gemma3-27b,85
be993068ab76d232d566068fb4698e0439ab9263,model,gemma3-27b,75
bea1cd7bbbe650b1f6f8af958cb8625bc9c3867b,model,gemma3-27b,95
c050373c67f62d403af007d9eb5d13e0be7e7499,model,gemma3-27b,10
c0c98b9e3b09f1e6802dbc745373568ccb6a6f57,model,gemma3-27b,85
c0cba93840432e5476f93796ed6222493492293f,model,gemma3-27b,95
c18ee24947a7223765862efb5afd70b3f59acb68,model,gemma3-27b,60
c1bdaab68b357149b7f382064c6343dc439ff91a,model,gemma3-27b,30
c2d2726f8d89d3f3265bbcf4ec41ae071d08bf73,model,gemma3-27b,50
c2f272537b75df8c6ce6ca78d4bc2b42bdb78ea5,model,gemma3-27b,95
c377eb8ff288faab7853b1f9f6b8c8013ce2711b,model,gemma3-27b,10
c48d6a447849ec7c7d02502cdba0a1d960ecd4c7,model,gemma3-27b,75
c526a3cd729a7f1a2ff6f6c6e1ea7112870fabf4,model,gemma3-27b,90
c5c65102d7af89114b01bb1dfa3afb6f62e0b111,model,gemma3-27b,75
c5fbe52d4985c864997ff32c9ff986c7685ded1b,model,gemma3-27b,90
c7bdb8284c813ae6590f39a0b57adb193cec359c,model,gemma3-27b,85
c7c7405ae8cb55c8d762032e0e075fe76cd4c633,model,gemma3-27b,65
c83bf411fbe1f734e88266d19f7df0ebeb72477f,model,gemma3-27b,95
c85634cf9e18db0e34b8a0a95f5ac377ac9554d7,model,gemma3-27b,65
c8c624dbc7c3057ea6e05871ae718ca159be2e49,model,gemma3-27b,95
c92eb6937fbb3ce86073e9ab2d17557e39ecbe40,model,gemma3-27b,85
c9b6ef480dde0947fa96ab6d62f3b19b8dc30cb1,model,gemma3-27b,95
cacb2924a25959b9569b942cadb0831cbc039e26,model,gemma3-27b,30
cb61165067f6dc6051bc1309a3f0591283db4b1d,model,gemma3-27b,65
cba06a1baab78294bf4dbee0b04fc9475c662e89,model,gemma3-27b,50
cbafdcc72ed819a9f8b44132c97631ea033e5f15,model,gemma3-27b,75
cc0b4511f2a4459bd8c219f11b7f4573f9d5fee7,model,gemma3-27b,95
cc568d38c06b4101e795410a11cf0c87e2a9d7f0,model,gemma3-27b,95
cdd47730cf57e31c9285c8d1d5e756b714b3a82e,model,gemma3-27b,92
cdea94f40e03c73dc26c5ab792e5f6a289d60220,model,gemma3-27b,40
ce2090b839d7575936982674483ee199e0b52a90,model,gemma3-27b,70
cf79d4048efb70c96f8c0303e10503f01694baa5,model,gemma3-27b,20
cf9571f8588a92f7298c84edabcc853471e30e2f,model,gemma3-27b,65
cf9f2e0669f2afc40a602b68d10dd859a0c6bb8b,model,gemma3-27b,85
cfb927e084eb7136f3268d929503f0acc457fa5b,model,gemma3-27b,85
d0bf1ae7d1a372128eec87d89e7ab6428eab614d,model,gemma3-27b,30
d1a1a80944090dd77baa1f3096e79d16a16bda01,model,gemma3-27b,30
d1eceb6e16de9bb30ef5a1090f9639ee86694689,model,gemma3-27b,95
d1f91fdddc8395c2822726c219d116ff16c65287,model,gemma3-27b,75
d282b1423029bc6d61e936a527755a16d148b1f1,model,gemma3-27b,95
d2a4bc97c3bdbeac499f3ede34659ded6398e23d,model,gemma3-27b,95
d2bcdb9a6c5643cadd687e30e258851c1faa0d15,model,gemma3-27b,85
d2f14a6a01a708fbf43d640fd24588606b9fc0a2,model,gemma3-27b,10
d2fc8b027bf6addfc2ad9b55283b0ac698548233,model,gemma3-27b,20
d3579217452bedd5d8363699de053edd6fbce7b0,model,gemma3-27b,85
d410695f81b34108d5606efcc44a1fce25e62543,model,gemma3-27b,92
d4b0d30d6a00a9fd816ab721d8725bcc4e989022,model,gemma3-27b,10
d4c18139afaac813c7b85c6a3202c198d014a09f,model,gemma3-27b,92
d55c3917228dd77647a06768158a39eec16aa95f,model,gemma3-27b,10
d5969d7c372f4204adec13a82af90a396b86904f,model,gemma3-27b,95
d6a9d7e5b14ef7e67a514bc54b9e7df595558dcb,model,gemma3-27b,85
d6bbdf04aa22bf24efa358ed359ba62f3b0141fe,model,gemma3-27b,20
d74f21e17df866b6f28c3775b18a6fa96908b87d,model,gemma3-27b,85
d842f63bec2c05883b03b7c356e4c186b3f67343,model,gemma3-27b,60
d85af8b918be81f48e044d759b1fe041ede65503,model,gemma3-27b,70
d86cee21c710e9699c77a746da3eaa3fac8c790a,model,gemma3-27b,95
d8f0435a650053ad13c06078b91535e19e426ff2,model,gemma3-27b,95
d99899a7ae75c5168e1618350fd71c32ab0e9fe2,model,gemma3-27b,75
d9b5deb24c0ce29dae61acabc49c7a5efdd2e29d,model,gemma3-27b,95
dac6e8547443a16d7c7c73428c48329d88d7d65c,model,gemma3-27b,45
db536e6b8fb52194e96e1ab0c303df427a250671,model,gemma3-27b,92
db714b9d220b9460a013913641ebcd944cf3daf6,model,gemma3-27b,95
dbe8a172b4ca9be01ea458cb204b01eac3aa681a,model,gemma3-27b,70
dcb78c1ef4e5c9ac865f435705d06ba8e657f509,model,gemma3-27b,75
dcc8a1270980858a1977a37b8afe87aad1099b5c,model,gemma3-27b,95
dd02bbc9c837713ec897c6d1381b0120f375b6c2,model,gemma3-27b,95
dd4e7ad7a086cca50c304fa48f0d63acef501b70,model,gemma3-27b,95
dd52d0af5f8bdc96d7faa12b5eca364ce7638f1f,model,gemma3-27b,95
dd9bbc9fb2fb299f309d9eed3250a11276975a28,model,gemma3-27b,40
de3c232714dfd74bf19ef7d615dd99d18e2ea0fe,model,gemma3-27b,95
df12d705e368f959fcf73a64f38e748973d5efee,model,gemma3-27b,92
dfdeefe4f9fd00fe929510ac3593014d981165b3,model,gemma3-27b,10
dfefa546f2d36f5750812d773aa7ecb3eed57ae4,model,gemma3-27b,95
e0b0fe2005abe6b299b20e40a7f5943c6d712879,model,gemma3-27b,10
e0b4c6c6c3b7cbefe21ee71ff7d6ebf1abece567,model,gemma3-27b,40
e2537df5381b750f0eb6f8d0f000aa8bc434fed1,model,gemma3-27b,85
e29761a2773b31f163476f680b3551ce7e4b3a33,model,gemma3-27b,90
e326e7b27ad0fdc2bf43ecdf2c14ce5bc813319c,model,gemma3-27b,85
e336656105574f313527ff331fa00764443ab7d8,model,gemma3-27b,95
e385320dfc9a15d3d199eae7c6658dc8a3dc8cad,model,gemma3-27b,95
e3b519cd1b1c7f1619ef8021f3ab48a694588c63,model,gemma3-27b,30
e513b6c6fc8108ed6b8d3b7212dfc9448b234bbb,model,gemma3-27b,95
e59b1434bea2180244e2c6064b3fd2f7bcc7a4d7,model,gemma3-27b,40
e5f907600efedf74ecd4e16e0726e867dce24723,model,gemma3-27b,70
e60566c606f65b6b313d1ed2bdf1b4a1f4aa95dc,model,gemma3-27b,95
e684305a55baee99b5e26b80c078d1ff7cf3b18a,model,gemma3-27b,72
e7b7b8baddfdf91ab0047c1aa6236bc382a5c8c1,model,gemma3-27b,60
e7e47687ffbd8fc05ab8cfb989f31d54f8a1c8bc,model,gemma3-27b,95
e8059679af667fc496a6c06f9fbf19e82fb03885,model,gemma3-27b,75
e83a489459e419a0944f58e2eba82e3d0ec78807,model,gemma3-27b,95
e8ba90529d46927957a57b637d7c2fcd82519f47,model,gemma3-27b,85
e8d330c8e3f37ba06d21398516146db0da2f9235,model,gemma3-27b,65
e8dc958a57ba075ea5b25a937aa8b33d5b69d969,model,gemma3-27b,65
e9010ca4b313bd7e8604ce3049d6f5014c11c8f2,model,gemma3-27b,92
ea00b901da45c5edee7d1ab2689e589b3ef42099,model,gemma3-27b,95
ea0b26d045dd1c5a270959f9ab740c0f78a514b8,model,gemma3-27b,70
ea433f9a1f3a7a61682fd244777b4ac4094feaad,model,gemma3-27b,20
eaaf79b98cc2926c54f09ff774473831adcd19cc,model,gemma3-27b,85
eadbfe241699725895d374a89f62fc58ab4bf456,model,gemma3-27b,10
eadd5204f1ece5acef73a3463a1415f8d1ca7a5c,model,gemma3-27b,65
eb7dccb5cce704e34cfe7dd53cda4bc6e469debe,model,gemma3-27b,95
eb852247cce27c58dd0901143dedb1ac9b6bbaff,model,gemma3-27b,85
ec04ac095b60d9a0b31f0b5d72a214a60f127ef7,model,gemma3-27b,65
ec2a3c1ed00ff52458014d33e70c84563bb3a35c,model,gemma3-27b,95
ec2e2d79982cdbf1d590b8573ec7f5c860b3264c,model,gemma3-27b,95
ec9402c0f9938db26b7288b4dd99e6c5b86056f5,model,gemma3-27b,95
ed5384a7dc743ee6f738c279ba62d015f5866870,model,gemma3-27b,40
ee195f15da69dfa9902145e6a671ecdafae39af1,model,gemma3-27b,85
ee9c49bb95a22783949484f1f2238841f9926704,model,gemma3-27b,90
ee9fdf8d6f86c60dfdb9f95346351608b0d441db,model,gemma3-27b,95
efb6187d8fd73fa684008ac36d2107ad86a118fe,model,gemma3-27b,95
f031ff9962d32ad3778cb9bd13321ad4dda93ec9,model,gemma3-27b,90
f0ee30fe144a887631635f81dd3d60ffa3acccf3,model,gemma3-27b,95
f1bc17903487dcf17324c24f87f24d46a0849cf2,model,gemma3-27b,90
f244a3c2792722b06ee82f84ed595ad4ccef0918,model,gemma3-27b,75
f2495270b5001f07a43db9f8880dd5d61e517350,model,gemma3-27b,70
f2dfcf0bcf9577e02e09998eed771caf82f962e9,model,gemma3-27b,65
f32027460d1bc7e18f5257e1a0be16f93f4a43be,model,gemma3-27b,95
f34cc01a5bb417cd41ac8a566b15b440c38f4a61,model,gemma3-27b,85
f4966fb881ad0befdbe18815ad439cd1aee6da10,model,gemma3-27b,20
f52284394545299528da755e96295f6d9123764a,model,gemma3-27b,75
f563f460c2d7abaa71b58167dd58790399415e66,model,gemma3-27b,30
f5a0a53aba630dcbc03b4b3d7c1c8dfc95e4a4ae,model,gemma3-27b,95
f5b6f04b513d4998875f47112e4b4146a8d09f4c,model,gemma3-27b,60
f611b65f3d26583a03fd0fddd19239b6a743ce05,model,gemma3-27b,100
f6391f6f406d73bf364b2d38567a50d20f2f50ea,model,gemma3-27b,85
f67e18dfbd86e80c8b68c56465b17d85e3b483ff,model,gemma3-27b,100
f6db262f97dab612d25e1f12831a8d4ba5373750,model,gemma3-27b,30
f784304e48ff216814f401ba80f689d3fb93aa6c,model,gemma3-27b,75
f82200c45eb94b387ec5a8710621d0e55d73acb6,model,gemma3-27b,95
f88201cfcc88dd35915e861dacc956f6f98d05d0,model,gemma3-27b,65
f898f8c1704e5bddad7d0463972c9f7eafbdc72c,model,gemma3-27b,50
f8ef1514d27eebd8eeb59122f81ac8c40dec459b,model,gemma3-27b,95
f8fe21d130448550da5240e4f3749cdf641e163e,model,gemma3-27b,60
f9df89a8fe8fa0bb2812a2b268982c77ddb7302d,model,gemma3-27b,85
f9fd5c3bafb7f28cd5cfff93a739649f8ee25b45,model,gemma3-27b,75
fa155140bbc4c8c63b1295d2b7f1419303a906d1,model,gemma3-27b,10
fa35784041a884070789d30fd365d61920ab6ea9,model,gemma3-27b,85
fa45a133d7b96d30382960a8ec498ffaa500dc9b,model,gemma3-27b,10
fa5ff1fe2774dcb101a8dd35bbca2669951b4365,model,gemma3-27b,30
fa889e2afe648e07006fea8dacb7e359190043e7,model,gemma3-27b,95
fab4c1d710aa379521f9b11c53c233d44cb30723,model,gemma3-27b,70
fab8f611c4ad7e5facbc10e7b90f9e692cdeddfb,model,gemma3-27b,92
fad5d3576790aa0e8beb8cb5daef2ec3947fa6d6,model,gemma3-27b,75
fb6c74d9f1918fc0bebbd037cdd8a07789bb7120,model,gemma3-27b,75
fbbd580602218a463be1f46ed6289efb068ae9f2,model,gemma3-27b,95
fbd60ec3ead4fe409592a8ea3c015a03c59ccdf2,model,gemma3-27b,70
fc42552f9cbc816633c415489da599b302ba3c9d,model,gemma3-27b,95
fc60284ccc5bd521870f32320160eb4a66cbfd4f,model,gemma3-27b,55
fc6722ec83328e86f69a0f4bb62401300de331f2,model,gemma3-27b,95
fccf1f847f5c34540cfed79490371931d6825ff2,model,gemma3-27b,30
fcf5aacf160763fcd3b278dfede20741ae4713e8,model,gemma3-27b,0
fd1486556d90d86d331b4fc4b80a383668e437c9,model,gemma3-27b,95
fd3a0bea93434f6d9697778652786cd325456be5,model,gemma3-27b,85
fd402cf9179547abfc797792200004d282ad9586,model,gemma3-27b,95
fe1174924fd24ca2eb188220d9144f0c29223e5b,model,gemma3-27b,85
fe25bcd030f426e30e428fb7ad3057a2d15d6168,model,gemma3-27b,85
fe335617af357b4a31bba8b91b7c74f038d541d0,model,gemma3-27b,85
fea474e76fdb59c1c33c9b90a942ea6bddebd48c,model,gemma3-27b,30
ff4faae044cc1038409d8cab5eaec7983906a4db,model,gemma3-27b,75
ff9bcbd0cebacfd79edd3f378adb7201b45a8328,model,gemma3-27b,95
ff9f264908c223aa3b2676195c45beb64d4a559a,model,gemma3-27b,40
ffb7abe9267e1c44588166d3ca3c7bc9ea876502,model,gemma3-27b,40
006d9c4f67a65d9967fada5a33a7bee388e778ea,model,xcomet,0.779280603
00abec85374a10ea0f0733fc6ed83b63406705ac,model,xcomet,0.990431309
00d3e801d792ad63738f2bf5f115c2b6f6f72713,model,xcomet,0.832213342
014908466f9b88ef920f5a337b41691d42fdd7ee,model,xcomet,0.996589184
01a7e25c1b70aaf55be540de83462dc4ebfd90ce,model,xcomet,0.913038611
025220a191cd00746e235024098587096722ec86,model,xcomet,0.998345613
026a87203f9560006280d25991d7369845fd668b,model,xcomet,0.708754778
02702a4c04e3923f7300523b42d2171d6e82d01c,model,xcomet,0.744664192
02827f62db47315bf16b5144d7a1020d62bd80b3,model,xcomet,0.886412203
028285cd8ea3650c692b577128e5695bc695f65f,model,xcomet,0.871488094
0393f3d66e7f9459d0da23879d922857ab89f873,model,xcomet,0.956350446
03a86e325a4de9a461692f63214e93dd80e5815a,model,xcomet,0.33875218
03b5ffcdc1cb1dec54913773c14448b5bf978215,model,xcomet,0.839379668
0458ad4dfbde833d00f379bb93fffdae2e43067a,model,xcomet,0.813277304
0586c348039debf5d3cfe1ebfa23a7710b7f417f,model,xcomet,0.891294301
05ac137df4953aa61d8c54f20ee5868e468719ac,model,xcomet,0.726738095
060579c748deb692d1ff2fbd638d70074627f27f,model,xcomet,0.996254921
064f1c01742a7177ac067aed943880e979fe327e,model,xcomet,0.777849972
0682924fcecc79694dd556e943e50f5e197de52f,model,xcomet,0.412044942
068de6672b6e8811504da07ee73782171f09c778,model,xcomet,0.99119997
06aee728284a6f06a776848b0e14022ab7bffd85,model,xcomet,1
06e4e1392574db07353b1ac6e16970dc01196b33,model,xcomet,0.132315278
06fbe09c6be14d4aa2d8ac2e2bb6462bc578aba6,model,xcomet,0.759484649
0746ebc49d7a634888072e852c5e4fc28dd62b84,model,xcomet,0.466445833
0788ddede6418749303137efa2046f012b83ac99,model,xcomet,0.351808101
07d0763ce73e651b06156a36f39611c25c711610,model,xcomet,0.77244997
0897fb5380bb620907ddc7917fdc86552f1875ae,model,xcomet,1
08bbb49cd73c56f1befd84a3e78f42929423172f,model,xcomet,0.961460233
09a09abf254bebadf0414cdec09295097efd0a8e,model,xcomet,0.952365637
0a6bc2d06b3b45ad171710b3ae74518cc1d1d420,model,xcomet,0.258740157
0b0b4a5693ee14b3e726bc82460a764849bc63b7,model,xcomet,1
0b0dc91d76fb30e6accb8b5ad8725da615ad5b88,model,xcomet,1
0b83b9bb4a1d2aff77260d5e639be61729acb671,model,xcomet,0.550308347
0bf76c191f72ef7f084d2d9b836ad4e6246b740b,model,xcomet,0.831401885
0c19f87314fd7b1a58a2d0a47e81f98cac2771b4,model,xcomet,0.836481094
0c1b48e8b403d48f171995b5ff9a9a3817ba6249,model,xcomet,0.895798862
0c3f576c119b1301a995d1d0fc316277d026cbbb,model,xcomet,0.605790496
0c6bd822bf1e4a41f46fe8028ac548048f4d8185,model,xcomet,0.931441247
0ca3955c0c3b0b1306698a9008c1cedf1c213bb3,model,xcomet,0.988493323
0ce2ddff9d39d5b73f8f27cd027d1c48a55ac509,model,xcomet,0.643331289
0ce9fad1f1659b9c610c789b48b454167c70b3a0,model,xcomet,1
0d5f33e21768ee8cfad43f24e3c3feb93e59995a,model,xcomet,1
0d747bbc3c6dd43581116a2d2c874227cfadc466,model,xcomet,0.986755729
0e024aa9a3966aa08067505120a4aa4c81b274af,model,xcomet,0.500347018
0e6a99c6b6157eedb77ba651a3e7558cc17c6e1a,model,xcomet,1
0eb4dac1005758d358f9bedb9f05e6ff90608f2b,model,xcomet,0.871501327
0f5779e054b19d688b1e693fe3af0c2c9b386ba4,model,xcomet,0.979681253
10db625af733fd61b42bd98ffaffb7a2b5eeb400,model,xcomet,0.87352407
114b9e1ce5b5fb52d0d03cddef42f6a036bf5929,model,xcomet,0.865989327
114e6f0b468637736b5f15fafa80fc6922898c4c,model,xcomet,0.94576776
11eb3063228a052bedb7db6f24d08df0a3f04ba9,model,xcomet,0.138808832
11fe7d1a450dfc61f64de8b4c3d75b1dacd08e21,model,xcomet,0.807077646
129e11df90b0ad148cc98c909bad37be51ab236e,model,xcomet,0.846659839
12ac89c1b3f37c564bb8ebaedb3e82557c997767,model,xcomet,1
13a6fa0a4a0dffa8dbf29f6a82764e4a65bb9988,model,xcomet,0.508962214
1465894633f14090f27598b853f27396bee53f31,model,xcomet,0.376122087
14b3802353782424bf1b2b45d174eb8bc61b4f41,model,xcomet,0.800803006
14f3741f0bc1225948dcf2b94759dc543243b2fb,model,xcomet,0.90505892
15a8faa5126ffdd9a48a85510118a94ed95bdd32,model,xcomet,0.596085429
163f6630cd1f55d1416f2892030e72ba8e6636e6,model,xcomet,0.98239994
16a765535de47bf3b13ee7a9521c3e4d4bdcd7c6,model,xcomet,0.403487951
16acceed38021bcff1d518c48c0ed2cfeef30aef,model,xcomet,1
178fa37efafd58164a2f8e8ee860b580e6bcf7b3,model,xcomet,0.75577426
17fd4e47355b9916471304b0582b9069a4bbd920,model,xcomet,0.804091811
18169ccf5f408192f1adab97e8b208103b046064,model,xcomet,0.692423403
184ba6f68a9c465352b3c635da0b3ad6b5112861,model,xcomet,1
185438f65fc3d29e1dc92041b659cf8d8981ab85,model,xcomet,0.946617067
18cacfa79016389fde0afd28f2b03d60f2907ff3,model,xcomet,0.243240058
18fbe6e2cb0081293f50aede1a33b6891c8c4832,model,xcomet,0.67072165
19b74e815da3a183dca72fcbb579ee0ebbacf46c,model,xcomet,0.994706392
1a562a389efa0abaa01741fcb3f4db953d8606b9,model,xcomet,0.907738805
1abab6bc5ddf68a730eabd9f5f6f85658fc53b94,model,xcomet,1
1c2886437147b98082b6d622f464a5ad12424c32,model,xcomet,0.99441731
1ce15556a6ecd32e85dba5bb36dde4d76e1c5051,model,xcomet,0.922315657
1d1f9f47ab31a71e1727b6f109cf9b7cc33f626c,model,xcomet,0.835794926
1db3ca67955ba3523a1bc897aca84927657831c2,model,xcomet,0.063960597
1e18aa2502288f644f8ae414b02138929b6561e2,model,xcomet,0.791117966
1f302d3672cbabea5a46c02c6fd156c344891270,model,xcomet,0.869031966
202c412f9755b74a78ee5cf92fd091ed1ab06b31,model,xcomet,0.818592846
20af7bb6971f087b4f24782699aa158f0187514a,model,xcomet,0.227354497
20dce25879d07fc86300f9dfd1d44c08f9778dd6,model,xcomet,0.389766663
20f004b98f2a09152440a7d75b03d66ae45bdd60,model,xcomet,0.156032726
2127a9b574f5235d17c4e72abadcda893aeef03e,model,xcomet,1
21b213fcbda7666d29ba385cf4aaf9978767875e,model,xcomet,0.67919004
21b2c104690957655266bda53f61fe245c799e90,model,xcomet,0.763402164
21e7d94f86772b7d82e1dea493686e89c6cc1800,model,xcomet,0.977183223
21e8ed2d9a1562951d380cb25954615e29f7fec5,model,xcomet,0.9943887
225550de116d9d610b299bea4495606fd83a1b8e,model,xcomet,0.809730291
228277422277072584081acbfda85b2628830855,model,xcomet,0.643161654
2313b3a64feeb241357ad91bcd106fc99cdc5ee9,model,xcomet,0.986441255
234a86a6e06755fa59fa48587df22a9215e1035f,model,xcomet,1
246893396c4b46e9c2d82669a2fbaee53d35417a,model,xcomet,0.860167205
250d946079755b475b829caf89be1058f08705af,model,xcomet,0.999189258
2546339b78912e70d022c92e795d81cf2b2dbdf4,model,xcomet,1
2578e1942d0781637126efbb80d6dd19c624cd65,model,xcomet,0.899128914
257cd4572e0c4d111f954c54371f5eb912ba2c0c,model,xcomet,0.970287442
2618665100be076ad2a4bf4729218161d5e68775,model,xcomet,0.772822559
26e9aa666ef48b9084d39a6ef8ebce19aaa49e3d,model,xcomet,1
2722efee8b411f4470bd56639fbf1b3d6b464ed7,model,xcomet,1
283d585eb424d9034c4db6c3097593e815d7e9aa,model,xcomet,0.968006194
28b55c31554a5d612f56c017f2ec7f779529dd79,model,xcomet,0.865179837
28fa659fe0e8c092af37b3d50bedb16543b94ed9,model,xcomet,0.981311798
29be16c72d697002ad208c30bcbd1ee58a96f94a,model,xcomet,0.647449851
2a578b5d52de4ec9182884a99787ef3e881e5d12,model,xcomet,0.146594092
2aaf935f3d8bd47cdac4bc5ed082bafe494eaa33,model,xcomet,0.731700718
2af92ba457bcf166cd9f1bad78f0a04782f2978f,model,xcomet,0.241372481
2b0add218d00588b03b8d293aef1d11c64c642a6,model,xcomet,0.755853295
2b596bf42bf0a16b057c3f0500c5e3ae4b90dd20,model,xcomet,0.966787577
2be84ad895540667b4cfafae9051e74003c4dc32,model,xcomet,1
2c54683a48b1d8cd125f8e8bfe9830841296e227,model,xcomet,0.989326
2c72574904aedcfa4fadf3fe4a186a146243e4fb,model,xcomet,0.901614189
2d67968ec039d92321bb0dd45edf5e40283422c8,model,xcomet,0.974391878
2dcacf10c6f6c733ec2a15228a0e36404c4751a4,model,xcomet,0.822172463
2e0aea39405bc544f7a26bac4e6104732dc77b99,model,xcomet,0.257599503
2e88c7d4f4730bfc06aff96e72bee74bfeee26ad,model,xcomet,0.565774858
2fbb1126373ab74cee5fe2add94a1cb1e753c326,model,xcomet,1
30097b1c6753307a317d856c3a00d793be1be0f0,model,xcomet,1
30201c2be158b57c386767db8ac8b74dca3dfb8e,model,xcomet,0.922730625
30965949e51d26353c9314c48f44f2f95c2ed265,model,xcomet,0.980064094
30e11c6fb100b0dc05637a45042ef61cbbb8e04f,model,xcomet,0.931792438
31109b5541f9ee8ea771e3c12833050efa9f8c9e,model,xcomet,1
3127ff82ab8c81ccf8abcb87c45e08822d51e8c9,model,xcomet,0.979477644
315a03bc6901df26611cea14c4d14f21dc3f4c0e,model,xcomet,0.383823276
319dadd2e601cc6543ab9eb9d546ffa0a29c421d,model,xcomet,1
31d66cc56000c37288bac1958271df27fa104c88,model,xcomet,0.979403019
32015317f880f41cfa2805e39f5425aaa55100e6,model,xcomet,0.791646481
321be8964f0cb22b988d015b6327200fc0336ff5,model,xcomet,1
3227f40af459a36c826a4cddeb69527879ab9035,model,xcomet,0.99119997
32371a0d21926a6332c579cba56c4f2c442f83b7,model,xcomet,0.994210839
3277d89fd4d722b13500775d32130eda8570883f,model,xcomet,0.988529921
33248398de2a6d36fcad0a2087278935677f5430,model,xcomet,0.865419805
333b3a84c35ff52f6ec3f3e6a9ce6ff8c609cfee,model,xcomet,0.88904345
33bc94ed3fab63832bcfe17543e87ffd0aaec99b,model,xcomet,0.382362008
33f9b845de65356a3b519fbad87ff62a27a4bd27,model,xcomet,0.790978432
34cbe32928bd514e1733df1caff2408ed9e51607,model,xcomet,0.870653868
34d6689ddb6793791a6c42c53d28eb05fe46b4aa,model,xcomet,0.623302817
35aaddac4ed1237bb4719b307b34768af97bb3e8,model,xcomet,0.768026471
35ab35243032bbfa0c8fb621b9632f6a38773f4c,model,xcomet,0.956733942
35ff77e72777fbbca61f67449ee40be4d0730c5f,model,xcomet,1
369bec129786b1b8b18779e1bdc580baa48d0287,model,xcomet,1
36fb4923b8fa8760d6781116003ae1e0292723d5,model,xcomet,1
3718dbca9baf6d962091532fe2cde7c955c53286,model,xcomet,1
37955953c5843da679ced3bf8abce78c61a82db6,model,xcomet,0.888239741
37ace8d5baf5a707c875ac396f337b3a096d8b12,model,xcomet,0.897975743
37b9ee3b0ee3879d8ee237564669d1d0eb9b2f04,model,xcomet,0.94215095
3848a94bab1d4aca408fca18b70c52d1f5b1dd6f,model,xcomet,0.878150761
38f9868a261e01e0d5055e52845eedfacf5b9dd5,model,xcomet,0.951233268
394f4f3f0dd124d36d16c644eaaeb2cdbb5ab548,model,xcomet,0.939145088
396fb8b82371181b1645dbf78b4a0f9ae6d672a0,model,xcomet,1
3982c1213bf3426dd26685adcab0cb3ed3ba99d4,model,xcomet,0.908797383
3a243d2b19f92827757c11d930f7af75d0cc6665,model,xcomet,0.913481116
3b1fc2b6201dfe2a15eaaf211768ca36df6b9a3d,model,xcomet,0.371694982
3beabab67aef1d01f3931edd9df24b1dbfcef619,model,xcomet,0.872173429
3c556b5664c60296d9a4023bf6d6bdb2f16c0e62,model,xcomet,0.561277747
3cbdcf582ef683217e40c284439cf2f27133f025,model,xcomet,0.988064766
3cd2bac553c7e63f5a0735c1fb39a0e27d2a0ca3,model,xcomet,0.957532406
3d60c8f8feca917160d787010bbfeebc28eb493c,model,xcomet,0.413334012
3dce7e14c7575c7328380fe10d8017951475c34e,model,xcomet,1
3e6631675e700837bc55fa46d80e3e2a100b563c,model,xcomet,0.992799163
3ea64cfbe523de55a74835a3d1b52a3da4eaab41,model,xcomet,1
3f300b02121b66537e4b3bb286f1515e0e2583ef,model,xcomet,1
3fc124f455111cfabfe4efd53c094b70445d44db,model,xcomet,0.860277295
409f2a86c6d099210e24616f3cc36af0d7d6258f,model,xcomet,0.461523592
40a02ef708479ff3bc45e44e0648fdaf0de040ae,model,xcomet,0.999688029
40bd0e7275a33375f7b4974d3f5a3d798793b746,model,xcomet,1
40daad4fb4d1d29364dbd57f8c316c2a60b3abd0,model,xcomet,1
418f03b62d50bd11e374c13d7a187a593302d8e3,model,xcomet,0.899087489
41f1856032999b9febf9bd4cac37294d162f2ac9,model,xcomet,0.981866896
41f3f9f350e9632b0c0bf639227a1226bb2cfa24,model,xcomet,0.581247091
42b2b494aa4eddb4f9cf1dccfe872a2071d61957,model,xcomet,0.549656332
42e6ff768062c19525334c8b2afedd18358802b0,model,xcomet,1
45489be87419c5cee7973f6546c9e3941a6ae6ae,model,xcomet,1
456e4668eed55444340674157fb259cc4fbcc1cf,model,xcomet,0.588774085
45cee2dfbf73b6b98d8e8ad82b1cf5fe6ba1cc93,model,xcomet,1
46173ca6c5c3b099d26b548b42fcb6ade10ae09e,model,xcomet,0.420341581
461f5851e021d9bdfb40a7a6ea7c7d2e8c73866f,model,xcomet,0.755274177
467e5d44de17d7763b64d0d2e2e92b364417c433,model,xcomet,1
46ce62ff3412bd42c5716f561a9f6002f4555041,model,xcomet,0.811809897
4773e1ba7746bccde9e600ac3abb715ab61868ac,model,xcomet,0.661945343
4796a109e8a51aaeafb3d47785f6f9349d9910ef,model,xcomet,0.547053337
481ab944a05bbc7733817885d7501eae1cd56b7d,model,xcomet,0.735371709
4825536698b944be7ba6c68452f8512ddd6690b7,model,xcomet,0.806895077
482de8da34b4dae89174f010f38ee7b3c3642645,model,xcomet,0.863785625
484fafebc0eed98dcc4c673caa2186a05a72854c,model,xcomet,0.958116412
48570132c8ddb3ac3b622279671d65ea2d9d6b5c,model,xcomet,0.778984785
4885067ac2f066cfa990fb117b64e2b355ebc126,model,xcomet,0.131858334
48dadebe5e23ed35da35419dd713243b649f4777,model,xcomet,0.772815704
493cbfe46e6a45f74bd008c444775736f32f73ba,model,xcomet,0.985663891
4947d3d498ed5765c61ca92ffb9913b262024eaf,model,xcomet,0.915657938
4967f321a1d0f3e70d2f69858ddfd3ecc18793de,model,xcomet,0.963298619
496a797dee79164d5c5f3d3c775d80b8baf055ca,model,xcomet,0.144107863
49a8cf3160b231cfbaee06f7c2467b3e819ddcd0,model,xcomet,0.14331311
4a5d896ece18de4ef4bba5df48ced5ad9afcc48a,model,xcomet,0.503888786
4b0c4e91ae833a6480a6bc86152c27265ec2befe,model,xcomet,1
4b4f6f99fbb9b990af7554e2c7a7cd75e646bc92,model,xcomet,0.282135934
4b83d51e743734641207228b650579a69588ff7e,model,xcomet,1
4d9eb93aa149a88da90f6cb9a17802827702ec07,model,xcomet,0.81853199
4f4de3f855740a74df2ac944967e9f7d6a47c874,model,xcomet,0.715247154
4f7a4d7429bc6bd6912128eb52a392b915701e79,model,xcomet,1
4fd807b6360addbb4ce55cdf773a0dfd10aee829,model,xcomet,0.92369473
4fde45543cf5852c810f649ada7ed3ceda6f86f7,model,xcomet,0.435217321
4feb51273ee0b31101848b5b60cd0925504f8b2b,model,xcomet,0.160499349
4ff080df6db87d5f67c65b8d235dd665c7d618eb,model,xcomet,1
505c9a01450dec3b6035bdbd4e70b1c2f779480f,model,xcomet,0.765523195
50e22042ea676a4ed7f8bbad8f871e8be6d490e0,model,xcomet,0.769270718
51df3b4fab40b799a9c752b3986e239e36d37d68,model,xcomet,1
524eda58d4acaa66c5c406a5e4b03a180f795b79,model,xcomet,1
52744b81b0de7b9bcb641c126f4e588ae21f5b77,model,xcomet,0.862030923
52755fa969d14c9da462da7a4ab72aeddf76677b,model,xcomet,1
540879588e27ef1210a76a6fe68cfd3b71562376,model,xcomet,0.696845949
54359003d63c21718a1bb2cdffd612ed5a36665b,model,xcomet,1
54e535bfc9b712db9ddde27e91d4b3df6301f958,model,xcomet,1
552c8256981a68859261b897beba8967ba801956,model,xcomet,0.99119997
5530ecaa590332062e60c111c32ef1a2b58f19ce,model,xcomet,0.920438707
57a6d6dec8df8c877accb47a466287af33cc45d0,model,xcomet,1
57a8c4813084fe9fd5bb8f4a133ff67e4e3c333f,model,xcomet,0.741904378
5884b921b6045758e688dd8a4503bb7dedc6ced2,model,xcomet,0.970557809
5912721c0e8016a4306b8cf9097e1a0949e0ba72,model,xcomet,0.731387734
596aa72ed7f02be1f079a612aa51a71e00a345cc,model,xcomet,0.990260959
5973d5f07ab3995e36b54659fc111e4899d2daee,model,xcomet,0.653874993
59e4b34d48b33165d1f0f310a5386cdb1c780a16,model,xcomet,0.976114392
59e9d3c51b9f01bd82a8606d833151f5d280b1cd,model,xcomet,0.961945891
59ef7fed61892f3648e22a2f1367adb42232fcbf,model,xcomet,1
59f8c61bda6261f7b1aa80d9d0229df7df1c2186,model,xcomet,0.132582471
5a216c9a2e97c03d914aa46f0c991f71670e4994,model,xcomet,0.860028207
5a3710f12b77ffbf1b4b456d0d65dcf92ee80c7b,model,xcomet,0.811192632
5a410f62cf45825abe4d5b1916fce0c9f52a4fc2,model,xcomet,0.978009045
5a622df002584594ebe07f5f51135319f9abd314,model,xcomet,0.142169431
5a8f3e7918c18794699b1e70a8178a4c13b7e989,model,xcomet,0.978190184
5a97bd5f8c4aefe23e817891de768c7ede94729b,model,xcomet,0.968263268
5b69ba988b4260adf1f70454a43cda4d62249f26,model,xcomet,0.972380877
5bd18b45a4f7344f74342d7042d90f2d9b5e3318,model,xcomet,0.869781733
5bd1bbeebda925d86e6d5dcb466eb634d4671b4a,model,xcomet,1
5bda658268f064d07092af410c7d704295d4eb44,model,xcomet,0.804249465
5bf7d84c816b60b078f60257756861ec6fced931,model,xcomet,0.534081936
5c006b0ffbeeabbf6b3ed05cc7df5ca5d1bfd2d4,model,xcomet,0.99497962
5ca7d264065f2382a7566d45c563d917b5f64119,model,xcomet,0.996262312
5dfb39c732324e56e7fc9a8021372b436457993c,model,xcomet,0.99119997
5f4f7a72ff19350fda913b65aec3ab1024f39915,model,xcomet,0.934313595
5f6ba84fda45b37c463868fcd15b0e1ecea468d1,model,xcomet,1
5fed58786510ad0682b40692d488475832666b77,model,xcomet,1
600895147473f1c069d71f01cdd43dc7bfd5e6a1,model,xcomet,0.994886637
60cabe417660a4ecbc23c4bdd05fa708c774c9ff,model,xcomet,0.724125504
614885e3c2594757ae2ed13ddb2811a365f58ea6,model,xcomet,0.261240333
615cbc34a390f19b6b0b6f9f0cd9c2840fd72abe,model,xcomet,0.995242476
6190e519c3cc31ce568b6226cb8f5ec710fc6a75,model,xcomet,0.988842309
61e994abe0fa4be25267edf541b83f28f6c28c02,model,xcomet,0.844890118
624d25fb41f9cf4b55d04c8eb436377c3a45ce6b,model,xcomet,0.941121459
625860f5cec49b1291e769ce25ce945a459658dd,model,xcomet,1
6265e84b04bcdd0e191208e0a16324d51b19d44e,model,xcomet,0.838491797
627af4005c08984c5b415d1bbedbe7ab0b698a92,model,xcomet,0.942303181
627af443c5ade76c682f9363c7499cf370207476,model,xcomet,1
62d10eef6d9f72c630b79b011433419831198813,model,xcomet,0.991064548
62f76021b76144777ae88c378fba40313c0f161d,model,xcomet,0.637400746
634eced402d1526420b8d937a7d8079d2ea07b0f,model,xcomet,0.842112958
635dfcd33fff0c96f473dc83aa88a2e52f901800,model,xcomet,0.264674395
63851d693c8ea2f9cda2aa8b2a152b82eaf92624,model,xcomet,0.884984314
63ce72833447e73846044f9af3b0101914ef66d9,model,xcomet,0.912621737
63e14c466cabbaeda76b9d297b79a2c8aa606d4b,model,xcomet,0.973369837
6443d2eb4e2a5bf8fdd02ebd347f9ef9ef454852,model,xcomet,0.840489268
648a460dce478d3e2ef0ea59424e3e31dee4bbe5,model,xcomet,0.8856951
64fef683ead61f8abb2fea03183942b00b1b5981,model,xcomet,0.882113814
66017b23a574099ddad764fe7dfb1d1f758697c9,model,xcomet,0.802979827
66321b63b2e2eb79c91488697f05647dea7389f2,model,xcomet,1
667cf1052c8d71355a7e5ccaa16b5d3765a74c0b,model,xcomet,0.763657451
6681e076a045194d31d4b0ec3ff9bb5d0952bc5c,model,xcomet,0.399916619
668b6c00d39f2f3ff61628316f2270f473ac214c,model,xcomet,0.926068783
66b6ada4122e3030f8d14409eed4a15d7f6abef1,model,xcomet,0.915944338
6732d65ee083db463495f5002f1e2ed6816d401e,model,xcomet,0.852380455
677c09fd1cb5e165b4554158fbce27c9fc7e5692,model,xcomet,0.998510361
67d5029946343113c464a53c894592441395c592,model,xcomet,0.976667047
6807a3f03af28e8ed7dee4318280409f4b421aae,model,xcomet,0.313060939
687dfa8d5f02ab11cae0df93145618ef6da711cf,model,xcomet,0.749979436
68f16001979b161e4143c38bccfa02c80cba9b41,model,xcomet,0.978944778
691e22a596f631751240365c7b490de6a00e9ecb,model,xcomet,1
69f066d936be63ab45b8386b65f33ceb6363684d,model,xcomet,1
6aedc5f06f19df8c689befc6f52c8b4d9b037978,model,xcomet,0.956472456
6aef29ca62aa30955bb2d58932f5abf88c6bdf4e,model,xcomet,1
6b38335a2be98bdf7543fdfe6de5c7d9592d235a,model,xcomet,0.67552793
6bb8fd4fb7b23fb77e661d72ca5ee0165d78e330,model,xcomet,0.983894944
6bdf17a7a51de0cedba57bde46ecd6260e23d670,model,xcomet,0.931045532
6c003c37a4cf1198c0e4d418a43b3c9ed9deb849,model,xcomet,0.950060844
6c8f578e95d5f43c4f33875eab9d5093ad040693,model,xcomet,0.922888577
6ce0aaefa81a6268c2f528bd1799c26cc32b65b6,model,xcomet,0.968926072
6cfd852a2b2ad49df219ab4e1f291e072b9b5e19,model,xcomet,0.764819264
6d57b5d755d5d60b6e775a8a7bb8b9c69973181d,model,xcomet,0.999322534
6d999b0f65e5187f50c6f0b042cc0e21048c6834,model,xcomet,0.775217414
6dd5a74f64c233a27631332474690437d6bc376b,model,xcomet,0.591704726
6e1cd320f7b92c117c658a182f78c8786758af9e,model,xcomet,0.794457555
6e83fa175403daa642bf94db05c7fce5adbc63b3,model,xcomet,0.713217854
6ee9083ba928af5973cc227488d5197bdb316776,model,xcomet,0.928814888
6faed76ad73112b3c1e977ac3963de31759414c1,model,xcomet,0.9780159
7021b5bdb3906e2b71eb69f69fc3f8c013f2ca23,model,xcomet,0.915958643
70574301b4de22f990c04ff68a396b115330d257,model,xcomet,0.347973347
706d25f785135993dc3daa10b9138ed7a9b1f485,model,xcomet,0.741891026
70ec01d158700aa2927ad5f850889859c626410e,model,xcomet,0.817858219
715370cf743261d8ea19cee5296bf13ca28a47d4,model,xcomet,0.954532444
717e20d92fcbc0e7a400c76aa571ffbff23c7890,model,xcomet,1
7193ee33487b0bdc8a9cf5418dc184ef10c01505,model,xcomet,0.636309981
72464269d274f3c94553180494f04424aff5f6e8,model,xcomet,0.717203736
72b09adea2dbd65a3d99dfa431c034c14180156c,model,xcomet,0.957650065
7306af179b5d7b27dcea44fe5a1e9e7ce9a8e293,model,xcomet,0.303189933
73092c2e504c33393335ee01bfc42184765d0127,model,xcomet,0.153708175
73139f821cf76aa99088ae158e553b21b4ee9294,model,xcomet,0.967167258
7366cdda827c3c4287f12f84a8be673f638bf0ad,model,xcomet,0.596583247
7376e654bd15452119a191573d7993c691f722fe,model,xcomet,0.890342593
73920e096c5cd1cb8f72df3b044834b4d4e01c60,model,xcomet,0.99119997
73dd7fa8e40ea55ee181d1688566f49c95977999,model,xcomet,0.111973092
740813a7ec6c2c013d7fc310087710b430b7cef3,model,xcomet,0.981883347
7484b50767d5c76573aea11204382a0e56794f3b,model,xcomet,0.970930576
74af4d1a59e6b86e2ff912c49ab0e277ef16c1aa,model,xcomet,1
74ca3fa88f968d07c8a0ba8e1cdad0bb87ca2a76,model,xcomet,1
74f60d919990a51a48b0b06c9705218c18d243f3,model,xcomet,0.99119997
757d25c3fbf701c83ba11ef17aea33165a8a14ec,model,xcomet,1
759d1a60fe07bfe8399ad84f1eaa7dcdde9f96e9,model,xcomet,0.922631145
75f52bc727df25d8f6d140188e51d5355aa9d146,model,xcomet,0.988417566
76a1dcd899ce7e64ec3f43abe0655cd57f6a9af4,model,xcomet,0.839713335
76af39b0e2956dd2e0e3abe9bed5c8d598f96bc4,model,xcomet,0.168856263
76c76bb280987469d38fceee3fc9a5f775df8d7e,model,xcomet,0.787738919
76da88fa9eebbee40b0b6dd3e35caccde914caa0,model,xcomet,0.955581546
772bf159801b6e593efc34f0bd942f06598531d3,model,xcomet,0.620014191
77b3f250ca0b226f7fe5830a56a5896336501073,model,xcomet,0.969895244
77db35356118ed694bea7ea6f88f5b3906794a41,model,xcomet,0.88847065
77ed6564217f1668b8a9e66ad5d4f1da0adc3084,model,xcomet,0.968963623
786b59baccb25433ab104ebed3b6591deaf58d45,model,xcomet,1
78c26754943a165217dc03b8d60dd35ef25aaf31,model,xcomet,1
79050668ea67e5002f3981ab670c7daa3a0fad94,model,xcomet,0.140457988
7984573af8ba53b59e14e25b06bc3f1bffd601bc,model,xcomet,0.98239994
79a11817f8d4a98307e0824c80868ace5865b093,model,xcomet,0.61765337
7acab7af1924573bdb069d1313f75643a2b38059,model,xcomet,0.93146944
7acbf2fa270e2974b849b7443db161f187d81c94,model,xcomet,0.885693371
7b1b1199d9074b93f3a94be770f42cec03ca106c,model,xcomet,0.972473621
7b1dbe275c4a2c6f6e5e766d0415154d0bd2f9f2,model,xcomet,0.82477212
7bb2718a0fab197e0a2ef683016e7d168d2d9bf7,model,xcomet,0.662199855
7be27a850e3aae8e5b2c659cfe94f320c47a8913,model,xcomet,0.972616196
7c0612043467eaad9def4b31caf02851aadfe9a5,model,xcomet,0.974773407
7cadf4089358465625975004263aee218b5ef87e,model,xcomet,0.987368703
7cb8d092815d8cbfc8eb573959f17706eccbf795,model,xcomet,1
7cdeac426487a3667b732e97fc22928c93bad643,model,xcomet,0.855254233
7d1085dfc45ee68b3831119abded38d6b25b7bfa,model,xcomet,1
7d19a7d1f51c00862d47e84405e842a4282e9a5f,model,xcomet,1
7d7487e04e516d9b48cf77dedd9b4d72c9ad3ffd,model,xcomet,1
7d9408dfccf044b80481097acdd09bd7790ff82e,model,xcomet,0.974286795
7d99d74253cb89ed8d78affc67e0814c1b7eb210,model,xcomet,0.805945396
7dd00501cf7148fc5a77efe8f7dd4da42d729d1c,model,xcomet,0.990381122
7e2a4ff9d24e0ed97bbdaeb8d000303ade385822,model,xcomet,0.726446152
7e848591ddbdc6322625455ee55321ad246edf8c,model,xcomet,1
7ea18bbb2442c0e07a63c7955d2225700e55bff4,model,xcomet,0.75443542
7f1455fbc789153c3eb6d33eac5680fe635973e9,model,xcomet,0.686178446
7f2cbe9e70848b20a30e7fec876d676c95139aec,model,xcomet,0.751195669
7fcd97b629e37c71ede8ac523d4652dba5e18c13,model,xcomet,0.107801735
802afa81d4a2159f3a2350484efc329b8878c68d,model,xcomet,0.943216085
8095468049f052f02c66e2c6fea4fa88fd95c99f,model,xcomet,0.888655424
809b3caf29857829ef87f6162b20b95888c8934d,model,xcomet,0.889091611
80a3c2302f88b7d69cb268abcdff81100c5fa3a7,model,xcomet,1
811f3894bc8c81d2b9c0b2fd7c1307796ce0849b,model,xcomet,0.965134025
816ff7006d6123b54d3c0d00e475d4b9e57d1ea7,model,xcomet,0.83548224
817493942a7e083a1fc2e76b96596bb90a4ac586,model,xcomet,0.903550446
81c58f46e907b6b04fa92607d09e5df331251203,model,xcomet,0.968485117
81dc4934426641725fb1b1121b6cffe9a17f7c37,model,xcomet,0.542498827
81de55bd590f467b90074bd2aa7649af69d94c64,model,xcomet,0.988010645
820d4d36c296e174b9cf212f18d2058b6019b4c8,model,xcomet,0.257227033
82bac8ec02fdb015b7b3c833de198051b5d06608,model,xcomet,0.99119997
82d6235fac22f9f16c833d75201d46a4336b1ec8,model,xcomet,1
839dd8d0a834ba7c493f07cd9b432241588589a0,model,xcomet,0.761927307
83d23c6a35d7cadaa100d16ef335b02fc3b8bcb2,model,xcomet,0.146924049
8410d3d4b1b09f36b0de2dd82a06bb5751d26101,model,xcomet,1
8420ea670f16c1ae9f06766c1098dc5dfdaca16d,model,xcomet,0.976406693
844b89fef440970044adff493188225401199b0f,model,xcomet,0.993469715
847d7d0b13b47a8152f4025bf6c94134a4ab7f41,model,xcomet,0.83904922
84c8ea6984c09539e31c7599467956c85563c664,model,xcomet,0.487451494
84f372c80cf02b332895d7ac8d403b6b109340bf,model,xcomet,0.617995858
850f1096ba33bc861164313bf10b9c8d2d6083ed,model,xcomet,1
866a4169a36469bd141957d100eb9d6066fab43a,model,xcomet,0.187197685
8694aabe9a1aa232e06032cae723f84492b5c7c0,model,xcomet,0.922777891
86a494e92fcd802d0aa2d9f694bd61ede741a6fe,model,xcomet,0.711834073
86c40ccddd5122fbe2ff35378ee721dfb4f49a4a,model,xcomet,0.376128912
86cef2d2351d2b4f3ef855ea8fa932677a6c24c8,model,xcomet,0.714347899
870511221a136dd6798b977b841c406693b527bb,model,xcomet,1
87322fc4317d1d57eb4b367f785d14b731262e0d,model,xcomet,1
879a417739f6bbdf6a6dc4103bbf2dee1c3a6df4,model,xcomet,0.527382791
87e0fdac10b0d4ad91fa7cd853ca85bd4919d518,model,xcomet,0.134197548
87e3f4b7e87ba2c03a6c3b96da49fd1b433f52b7,model,xcomet,0.995458484
89a86aab9a0d10df326a8e96f353e5878e76d654,model,xcomet,1
89ac42a7fe4439a1e1f67760708f3e94f03574dd,model,xcomet,1
89c4a122a8376801acefcbfbff8bc9d8840f1e16,model,xcomet,0.716923654
8a00ce7b4498d8ab675a5aac3df18a98329e486e,model,xcomet,0.580941796
8af86ee0a6a71ac2404422668bb2e0c7144e8f25,model,xcomet,0.99119997
8afc94ec777297fb135510ead03875f1620cd154,model,xcomet,0.969827771
8b383df9f61ef668700db1946986fd9b7e26d334,model,xcomet,0.595729053
8b70545642cdaf045d34aba9eb1b427d244be8cb,model,xcomet,0.131179377
8b728017fb2cd21ead1187aa79feb03c2fc42b91,model,xcomet,0.806007624
8bb06c2cbfe1bd099f6445ebe980755d6abcd827,model,xcomet,0.863186479
8c0b2bdd79e8ffa37e9465d247cc653ea502ba0b,model,xcomet,1
8c681f138869666c01a9c149764f0dc381a5917c,model,xcomet,0.650529742
8cdae10537878476fbe2b84ea51526a7a87a5762,model,xcomet,0.953614235
8d7a815fa6e50f38151eb57f6524c99ca7d2f9fb,model,xcomet,0.960298419
8d96bc4a573d9f8a43b44b650fb63e022d0a5329,model,xcomet,0.221981257
8d99627a9b05a6a05c84cd3afd2ee8ebbe60c1f0,model,xcomet,0.767795563
8db50efe8062e579537c5235524b17d60026a407,model,xcomet,0.959106803
8e2eb37e7a08b7446fe58d7c2a152397ee4c6769,model,xcomet,0.997457147
8e593973388399639eabb0c34b1556b54a26e47a,model,xcomet,0.210329041
8e8fd49a9734804f4334ecd15ba615eb6f317bf3,model,xcomet,1
8f15a19f19cb1bcaef07f89c03af33d032a9cfcc,model,xcomet,0.849630952
8ffad5ce01f3eca6f0ad37c61162ebdb8c06014c,model,xcomet,0.87273407
908aaaa922054ede9e07056680346998ae0929c6,model,xcomet,0.247195035
90f24c1c91e46787ba109caed736cfedb293e45c,model,xcomet,1
911f2f825a93e3d27aa26368ad87eb6f54dbcf69,model,xcomet,0.811301708
91690e37cac6efa7052d9445c964f6bc30f5d5ba,model,xcomet,1
91836b79076bfdad7e6629ed21b275a3fa5cd30d,model,xcomet,0.922127724
9237841c3325714d47158c045c9773e538fd988b,model,xcomet,0.896927118
92a6a1086db5b6839414653ca40d11353663cf6d,model,xcomet,0.978155851
92e1cdab5303143c39211c1a8a5bb78661c8c0a6,model,xcomet,0.242523536
9306d668079f4202c71221b741e004df6f2e444e,model,xcomet,0.187443942
9323c63e5368ba99fd44a58845fb914be492153f,model,xcomet,0.958686113
9373de2a12b3d5c1a6741d2e0355bf613fb8da97,model,xcomet,0.992489815
940ca96d210e50163d7f110b79c45e5c78961eff,model,xcomet,0.936273396
948e53aa5d684810ea565fcf5e6cddcc1116e944,model,xcomet,0.675187528
94cc72dce14026172816ba199a63b338a7ab48f2,model,xcomet,1
951938ef77dad27019a6f54b7ee55b166a35e573,model,xcomet,0.986429334
95c857436753bae3882f6f7e6f5a99ce0016c7d1,model,xcomet,0.658815861
95f97c38fffc95d8a7fb9eda04fa8548b750d1c8,model,xcomet,0.687954903
960c4962ae7d01a0d297467dcb6c2efc66a8b15b,model,xcomet,0.434052318
960d1593ec061fe57d84db73f882d00e51fa155e,model,xcomet,0.968614221
96173a3da68bda36f8f1009994a4e7c2f269ef20,model,xcomet,0.969083548
96d95c1e2af4c3568cffdc310e5e93c37d697300,model,xcomet,0.590089798
970b0b2d794e9642252c562ccaa6c4029fa64155,model,xcomet,0.979095101
9723236419333e680a0501e146d84d76f69970fb,model,xcomet,0.811501861
973f0b561bc13214f7932fd128eb234669d3fd49,model,xcomet,0.72253865
974caa22e2c86ad8ba5073a3d0530e1f870ab09f,model,xcomet,0.981180549
974e365b20b72ee7f0e6c6cd1f69a6fc4891e65e,model,xcomet,0.645154238
97b3127fac5bbd209a6b0cf1697d59c4ec72cc26,model,xcomet,0.943691552
9800c67c4d73bb9ca75d8d54e75154e9359fdb2a,model,xcomet,0.936737776
98577d9ca460fc3775ded2cbbcf239d4226027f9,model,xcomet,1
98b40a1aac8bdba3cd10bfc3bc5ced9881a39ca5,model,xcomet,0.916971803
98da4c99a9ac210ba9c4ef7e6d75e77f866bf361,model,xcomet,0.230691239
98f47229fe5b353fa4e4db73bb2d97d63546018f,model,xcomet,0.979812264
98f9f26757059772327c22c57e6a61dd635ffe36,model,xcomet,0.571744323
9947f32bf93c2faa909930f1f47c7572c2a9ba44,model,xcomet,0.341510534
9960a58f1665446ea2076633c13faf298bd4d043,model,xcomet,1
9982acf081bb0e92cef530eef662145da0ff5969,model,xcomet,0.747684181
99e3bd69c4f074cb5f1245ebb33024a42b983484,model,xcomet,0.613440216
9a1c480dfed61ec11c278381aa66b0bd65dac3b3,model,xcomet,0.804104447
9a4ce16b8d1e962f94e2a8945b6d773bd6b59d6d,model,xcomet,1
9a88fb66675988d4e3e53f5c4d560b406be16adc,model,xcomet,0.17164962
9b1300bf13adbf74106d550ced043f7c559984dc,model,xcomet,0.174865425
9b6ac8e19de5dac834b702afefc3e7c973e391a9,model,xcomet,0.948586762
9c614fe01ff0021d39492317cbbea8dd581a3b16,model,xcomet,1
9ccc67e37a2df75b8227904c2d88832b44550399,model,xcomet,0.962197483
9d343d6719b4124d3f760a4a3a879357439ff0fb,model,xcomet,0.1304546
9d752b5d4a1432d7553476fbd465af5ae3aa3bf4,model,xcomet,0.843300581
9dd983d834b37190ba0a8e993e1290b0e1351045,model,xcomet,0.597556055
9dec0a71790ff51afb5e71647e837d72da3fefe1,model,xcomet,0.926326394
9df764508baadee51374d408011836430453b867,model,xcomet,0.137008652
9f5b41bb78f3cfe47deaa8b2e0644b1ce9abe91a,model,xcomet,0.958829403
a02e47b3b09813d2c2cf744337b240ed9b5d24b2,model,xcomet,0.918624401
a0773bc3abfaaf905ee13f2b989d8d8e77be70b9,model,xcomet,1
a0791b1392d79d0b7aa5e4ce8c6a1807a1878aad,model,xcomet,1
a12c226d695665706c536efca6a9e9df1d050e45,model,xcomet,0.15604417
a19fc8e0d9463026b01e2237b418720ca3ce9b09,model,xcomet,0.842624128
a1b4aeefdf1feb3f16ba30dfac6ddc888fcb20d9,model,xcomet,0.810998321
a24445327e1e6c399fd3da56df32d59d37a32d38,model,xcomet,0.854850292
a25e0a034bea78f541c0b097b7c30742c92b3a74,model,xcomet,0.656697154
a2edb76ef8ee4a58202f0d46eb30d40baa01db5d,model,xcomet,0.686451077
a34fbb067cbd14cd6a31f48b71723ed4dc0826d9,model,xcomet,0.773530245
a3c358d94e8dcdac961fd0af1c647e5917f11b3f,model,xcomet,1
a3c3cf89f0cdc432c495594d8b4478cc92a28a41,model,xcomet,0.924604893
a3cbe57f0a37bcc1bbf4392ebd394ea2c33b8afe,model,xcomet,0.333886743
a41c848b7e85308a6d59d8754b98ecca5c2a496a,model,xcomet,0.185080394
a4621b4421747e1eeb02f3b5553bc86e958bc942,model,xcomet,0.925109029
a4c05056fa05c31cd188bb925bd7129a27da63c8,model,xcomet,0.235210761
a570791ae346cd4a655e8b9babe6b5814004490c,model,xcomet,0.964069247
a57b1f61060d71a65ffadf47cd9e1e6e32775a10,model,xcomet,1
a6193af9be59206bfff0be15c3bd68ebaaf34894,model,xcomet,1
a63f2ac9d9e92876cf10bcaaac9359fc5dc19928,model,xcomet,1
a645da4a68a739b0e75a260be225db5c657d09a0,model,xcomet,1
a65f271f1ab821b4b97bf7c9dc7990c01ac1903b,model,xcomet,0.670520186
a6d09b6180fc68829112be619074f860614d6b0e,model,xcomet,1
a6d3d9faa1935f106767724fc62ad990ecfdc7e7,model,xcomet,1
a7cdb9493bcf3398169af61bfa15d46a8d7905d7,model,xcomet,0.978667855
a8089d829a0eaec23b831d26142e5c6cca905a01,model,xcomet,1
a809ae6b2d8a9ff09956c23fdff5e4e43c547422,model,xcomet,0.664371431
a80d7def3493d223517c0d7d268add2eabbc79ba,model,xcomet,1
a85fe9311b3d8819b5b98a750664b73d9e29062d,model,xcomet,0.127664194
a861081bd228a2833a033c7641331b8da4cf3f75,model,xcomet,0.774640739
a8b126ad58c3a9f135a99e99ff322542b936fd2c,model,xcomet,1
a8cd1ded47af69037096210be864861b551d70d4,model,xcomet,1
aa2255a0726d23a5c74a3a902444a96f6b3a9c62,model,xcomet,0.938682675
aaaa7aabae54e895cbf69d6c73642e9e09524b6c,model,xcomet,0.770504713
aad932c4541f26a3701a62311c1e5ff4b0dab646,model,xcomet,1
ab4cdd2ad313b18a6a2c28f35ba31fcba197438c,model,xcomet,0.99119997
ac728865d197f6c4df39a8e83b9a303ee6296702,model,xcomet,1
ad66d76049f2a8dcaf9dba95253e1c0d304b828a,model,xcomet,0.99119997
adee43331f7338f0c9c4a72228033be4df4dec86,model,xcomet,0.335853368
ae1283e151beac8b1cec137a1415bdd6421ac8ab,model,xcomet,1
ae2820ffc67733defb10442de981e8942ac9c923,model,xcomet,0.787254214
ae783a5ee74a975c46411b99e77b93beafe3ef0b,model,xcomet,1
af1c0eeb0a6ca8aa3d40a647071b3ed9704e27a3,model,xcomet,0.990598321
af2b64a603f0c7a9c27482f435417aae289ad230,model,xcomet,0.85553664
afdb2efa0b45fbc29e29811bc99e856c934de0ef,model,xcomet,0.842634737
affab9a235577c4aff1fb28bee7001c64005a0c6,model,xcomet,0.527186453
b0346634e17603ebbfd5375942399f28ae13d597,model,xcomet,0.644325852
b054601934791d5b361a33980c7a8bf65e310def,model,xcomet,0.279788435
b0628b995da51161a4a82bf282d4667334f5239e,model,xcomet,0.977817535
b07a35682f257d8dd72a3fd1ca9bfa2dc42663de,model,xcomet,0.984092355
b08aad1464629022ccc95ce0c4e6fc662ae1c213,model,xcomet,0.696760416
b0f3e51851018d2c7f8f5c7ca5b1970221eaf000,model,xcomet,0.544322729
b12d74a0c1efaab95de155263fc339a809eaf80e,model,xcomet,0.328126311
b1392c411fb26a13435222665626b30f97ca3b1b,model,xcomet,0.970878422
b13ab40de07bf1a3d7c898b41025edc071d45179,model,xcomet,0.598859549
b2464c2193c0669b93486d394f53fc52cfa27e3e,model,xcomet,0.203533292
b2749be01ef623373c363c94262b41639fa1a7cf,model,xcomet,0.222914681
b2823a6c067844eb1cd386632577de12ec55564c,model,xcomet,0.87197113
b28fd14764b1b3e0d41dc913bb622f7eef1d8749,model,xcomet,0.879783988
b2bc619dc48e669f2593bc442ff8d5a859a2e9b4,model,xcomet,0.589473009
b2ca5f8629a7b5fb2477fa68c53f496a42add35f,model,xcomet,1
b328fc73453f760f6e842e2b573eb1ec6cd04ca7,model,xcomet,0.497232437
b37b2b5b025c577a7480813cb5d21e5211b69375,model,xcomet,0.490674317
b466d36fe52b190ae7da1e2ec16246f37b027e41,model,xcomet,0.759369612
b4819d66284ba8ac6d3692af17b68aee61c963b9,model,xcomet,0.84529233
b4e9a2fafc5f41c180e374a6bc8eb563cebb1968,model,xcomet,0.219492346
b4eff200fd8cfd311606d53104b4607b6c48ea9b,model,xcomet,0.165664285
b535a47412d4f62b0aaecfce07fa3a1cf8ca03a3,model,xcomet,0.989810824
b5a7c7d521ccb75e1dc487863cb3d663b2f1002e,model,xcomet,1
b685681c665f6bb8591e6376137a0f23739b1ef5,model,xcomet,0.570644915
b6f68060cb80924cfe6f34153ca3ad491ec90e36,model,xcomet,1
b7389fe705c2940a43e07c9de22b61a2b6c7df45,model,xcomet,0.752172351
b7896967004f1f431498f335da96196c06eb9029,model,xcomet,0.949318767
b7a2d0cbdc170b6cf44a5186deb8068a3c757aeb,model,xcomet,0.930278957
b7b15be52847f34c3f4e89f79916b7f1eef935f7,model,xcomet,0.437627733
b7d093ea46ae1c7294264f7dc2a1c6c6e899a894,model,xcomet,0.989373267
b7ed63e3e839a47424b597fbe9afe34a02f2bff7,model,xcomet,0.625347614
b85c5e0dd860cced371f80ec7c3642d4d8a8dccf,model,xcomet,0.292222917
b87d4f00bf501f6f75d6245cd75fdc8e5399fc11,model,xcomet,0.834112644
b8f6dd7ae7479186d3b97065fdd405fce96b8592,model,xcomet,0.983725548
b900fbe14a91f99ee038809476147746529eeb7f,model,xcomet,0.371830106
b9bc681457faf51e41e8b6c34b473380b17f5975,model,xcomet,0.976788998
b9ecb675cba911185279d142ea86f1247ee2f723,model,xcomet,0.906425834
ba4bf54c3c4968ce6e73cb6a03348a18b8780835,model,xcomet,1
ba61e17ad9f813bab58a23438fa22b92d3ff4876,model,xcomet,0.093168885
bb58f4edebd88e642c145866d2f9b69fca840ffc,model,xcomet,0.240290403
bb9e4dd58a0179b8f2bf12af8cccf24efeb0ff32,model,xcomet,0.960070789
bc3c0ea07a77158fad82caba8a2c6cc567910e09,model,xcomet,0.383916855
bc515e0b2e22698ebf2d43848e13530cab176063,model,xcomet,0.582816005
bd84145f8d2dc4e21a48c3977bf3ea667b92e865,model,xcomet,0.978048384
bdef84ce6ca276a28e4c9bce00c83d02c8491066,model,xcomet,0.958181024
be2a0403c02699697d4ae74e9e34e6235065c47e,model,xcomet,1
be7a769dfff62216336f188f42d15f9536cc177f,model,xcomet,0.819538474
be993068ab76d232d566068fb4698e0439ab9263,model,xcomet,0.807413638
bea1cd7bbbe650b1f6f8af958cb8625bc9c3867b,model,xcomet,0.995391488
c050373c67f62d403af007d9eb5d13e0be7e7499,model,xcomet,0.683011889
c0c98b9e3b09f1e6802dbc745373568ccb6a6f57,model,xcomet,1
c0cba93840432e5476f93796ed6222493492293f,model,xcomet,1
c18ee24947a7223765862efb5afd70b3f59acb68,model,xcomet,0.677092314
c1bdaab68b357149b7f382064c6343dc439ff91a,model,xcomet,0.236193553
c2d2726f8d89d3f3265bbcf4ec41ae071d08bf73,model,xcomet,0.775734067
c2f272537b75df8c6ce6ca78d4bc2b42bdb78ea5,model,xcomet,0.970788479
c377eb8ff288faab7853b1f9f6b8c8013ce2711b,model,xcomet,0.348896325
c48d6a447849ec7c7d02502cdba0a1d960ecd4c7,model,xcomet,0.684224606
c526a3cd729a7f1a2ff6f6c6e1ea7112870fabf4,model,xcomet,0.957685113
c5c65102d7af89114b01bb1dfa3afb6f62e0b111,model,xcomet,0.968797207
c5fbe52d4985c864997ff32c9ff986c7685ded1b,model,xcomet,0.99119997
c7bdb8284c813ae6590f39a0b57adb193cec359c,model,xcomet,0.913445115
c7c7405ae8cb55c8d762032e0e075fe76cd4c633,model,xcomet,0.735249877
c83bf411fbe1f734e88266d19f7df0ebeb72477f,model,xcomet,0.913420439
c85634cf9e18db0e34b8a0a95f5ac377ac9554d7,model,xcomet,0.777296901
c8c624dbc7c3057ea6e05871ae718ca159be2e49,model,xcomet,0.996222019
c92eb6937fbb3ce86073e9ab2d17557e39ecbe40,model,xcomet,0.902110457
c9b6ef480dde0947fa96ab6d62f3b19b8dc30cb1,model,xcomet,0.896537304
cacb2924a25959b9569b942cadb0831cbc039e26,model,xcomet,0.570224404
cb61165067f6dc6051bc1309a3f0591283db4b1d,model,xcomet,0.160350889
cba06a1baab78294bf4dbee0b04fc9475c662e89,model,xcomet,0.679419398
cbafdcc72ed819a9f8b44132c97631ea033e5f15,model,xcomet,0.771528363
cc0b4511f2a4459bd8c219f11b7f4573f9d5fee7,model,xcomet,0.913519442
cc568d38c06b4101e795410a11cf0c87e2a9d7f0,model,xcomet,0.941132009
cdd47730cf57e31c9285c8d1d5e756b714b3a82e,model,xcomet,0.943323135
cdea94f40e03c73dc26c5ab792e5f6a289d60220,model,xcomet,0.169635266
ce2090b839d7575936982674483ee199e0b52a90,model,xcomet,0.897093654
cf79d4048efb70c96f8c0303e10503f01694baa5,model,xcomet,0.534675479
cf9571f8588a92f7298c84edabcc853471e30e2f,model,xcomet,0.6837309
cf9f2e0669f2afc40a602b68d10dd859a0c6bb8b,model,xcomet,0.970126152
cfb927e084eb7136f3268d929503f0acc457fa5b,model,xcomet,1
d0bf1ae7d1a372128eec87d89e7ab6428eab614d,model,xcomet,0.275301069
d1a1a80944090dd77baa1f3096e79d16a16bda01,model,xcomet,0.727271676
d1eceb6e16de9bb30ef5a1090f9639ee86694689,model,xcomet,0.975882649
d1f91fdddc8395c2822726c219d116ff16c65287,model,xcomet,0.723623455
d282b1423029bc6d61e936a527755a16d148b1f1,model,xcomet,0.99119997
d2a4bc97c3bdbeac499f3ede34659ded6398e23d,model,xcomet,1
d2bcdb9a6c5643cadd687e30e258851c1faa0d15,model,xcomet,0.938074291
d2f14a6a01a708fbf43d640fd24588606b9fc0a2,model,xcomet,0.363694102
d2fc8b027bf6addfc2ad9b55283b0ac698548233,model,xcomet,0.40914771
d3579217452bedd5d8363699de053edd6fbce7b0,model,xcomet,0.990636468
d410695f81b34108d5606efcc44a1fce25e62543,model,xcomet,0.905472219
d4b0d30d6a00a9fd816ab721d8725bcc4e989022,model,xcomet,0.554829001
d4c18139afaac813c7b85c6a3202c198d014a09f,model,xcomet,1
d55c3917228dd77647a06768158a39eec16aa95f,model,xcomet,0.220793545
d5969d7c372f4204adec13a82af90a396b86904f,model,xcomet,0.906129658
d6a9d7e5b14ef7e67a514bc54b9e7df595558dcb,model,xcomet,0.949412525
d6bbdf04aa22bf24efa358ed359ba62f3b0141fe,model,xcomet,0.386417359
d74f21e17df866b6f28c3775b18a6fa96908b87d,model,xcomet,0.681819677
d842f63bec2c05883b03b7c356e4c186b3f67343,model,xcomet,0.696055293
d85af8b918be81f48e044d759b1fe041ede65503,model,xcomet,0.800433993
d86cee21c710e9699c77a746da3eaa3fac8c790a,model,xcomet,0.97625792
d8f0435a650053ad13c06078b91535e19e426ff2,model,xcomet,0.940368652
d99899a7ae75c5168e1618350fd71c32ab0e9fe2,model,xcomet,0.760467947
d9b5deb24c0ce29dae61acabc49c7a5efdd2e29d,model,xcomet,1
dac6e8547443a16d7c7c73428c48329d88d7d65c,model,xcomet,0.839048564
db536e6b8fb52194e96e1ab0c303df427a250671,model,xcomet,1
db714b9d220b9460a013913641ebcd944cf3daf6,model,xcomet,0.997695804
dbe8a172b4ca9be01ea458cb204b01eac3aa681a,model,xcomet,0.89894855
dcb78c1ef4e5c9ac865f435705d06ba8e657f509,model,xcomet,0.959496498
dcc8a1270980858a1977a37b8afe87aad1099b5c,model,xcomet,0.786362469
dd02bbc9c837713ec897c6d1381b0120f375b6c2,model,xcomet,0.775076032
dd4e7ad7a086cca50c304fa48f0d63acef501b70,model,xcomet,1
dd52d0af5f8bdc96d7faa12b5eca364ce7638f1f,model,xcomet,0.929271042
dd9bbc9fb2fb299f309d9eed3250a11276975a28,model,xcomet,0.708627522
de3c232714dfd74bf19ef7d615dd99d18e2ea0fe,model,xcomet,0.748879313
df12d705e368f959fcf73a64f38e748973d5efee,model,xcomet,0.992940068
dfdeefe4f9fd00fe929510ac3593014d981165b3,model,xcomet,0.146965861
dfefa546f2d36f5750812d773aa7ecb3eed57ae4,model,xcomet,0.758615851
e0b0fe2005abe6b299b20e40a7f5943c6d712879,model,xcomet,0.655773163
e0b4c6c6c3b7cbefe21ee71ff7d6ebf1abece567,model,xcomet,0.872963905
e2537df5381b750f0eb6f8d0f000aa8bc434fed1,model,xcomet,0.975824594
e29761a2773b31f163476f680b3551ce7e4b3a33,model,xcomet,1
e326e7b27ad0fdc2bf43ecdf2c14ce5bc813319c,model,xcomet,0.95326376
e336656105574f313527ff331fa00764443ab7d8,model,xcomet,0.736737609
e385320dfc9a15d3d199eae7c6658dc8a3dc8cad,model,xcomet,1
e3b519cd1b1c7f1619ef8021f3ab48a694588c63,model,xcomet,0.858046651
e513b6c6fc8108ed6b8d3b7212dfc9448b234bbb,model,xcomet,0.953223348
e59b1434bea2180244e2c6064b3fd2f7bcc7a4d7,model,xcomet,0.857864022
e5f907600efedf74ecd4e16e0726e867dce24723,model,xcomet,1
e60566c606f65b6b313d1ed2bdf1b4a1f4aa95dc,model,xcomet,0.971802711
e684305a55baee99b5e26b80c078d1ff7cf3b18a,model,xcomet,0.971036434
e7b7b8baddfdf91ab0047c1aa6236bc382a5c8c1,model,xcomet,0.794783115
e7e47687ffbd8fc05ab8cfb989f31d54f8a1c8bc,model,xcomet,0.906495094
e8059679af667fc496a6c06f9fbf19e82fb03885,model,xcomet,0.944956541
e83a489459e419a0944f58e2eba82e3d0ec78807,model,xcomet,0.991523743
e8ba90529d46927957a57b637d7c2fcd82519f47,model,xcomet,0.806381881
e8d330c8e3f37ba06d21398516146db0da2f9235,model,xcomet,0.880130887
e8dc958a57ba075ea5b25a937aa8b33d5b69d969,model,xcomet,0.963856101
e9010ca4b313bd7e8604ce3049d6f5014c11c8f2,model,xcomet,0.988188505
ea00b901da45c5edee7d1ab2689e589b3ef42099,model,xcomet,0.954702735
ea0b26d045dd1c5a270959f9ab740c0f78a514b8,model,xcomet,0.946774721
ea433f9a1f3a7a61682fd244777b4ac4094feaad,model,xcomet,0.410915434
eaaf79b98cc2926c54f09ff774473831adcd19cc,model,xcomet,0.997944117
eadbfe241699725895d374a89f62fc58ab4bf456,model,xcomet,0.725056946
eadd5204f1ece5acef73a3463a1415f8d1ca7a5c,model,xcomet,0.937952518
eb7dccb5cce704e34cfe7dd53cda4bc6e469debe,model,xcomet,0.993835926
eb852247cce27c58dd0901143dedb1ac9b6bbaff,model,xcomet,0.962963402
ec04ac095b60d9a0b31f0b5d72a214a60f127ef7,model,xcomet,0.659249067
ec2a3c1ed00ff52458014d33e70c84563bb3a35c,model,xcomet,0.989981771
ec2e2d79982cdbf1d590b8573ec7f5c860b3264c,model,xcomet,0.800962269
ec9402c0f9938db26b7288b4dd99e6c5b86056f5,model,xcomet,1
ed5384a7dc743ee6f738c279ba62d015f5866870,model,xcomet,0.82520014
ee195f15da69dfa9902145e6a671ecdafae39af1,model,xcomet,0.976648033
ee9c49bb95a22783949484f1f2238841f9926704,model,xcomet,0.784490585
ee9fdf8d6f86c60dfdb9f95346351608b0d441db,model,xcomet,0.882689238
efb6187d8fd73fa684008ac36d2107ad86a118fe,model,xcomet,1
f031ff9962d32ad3778cb9bd13321ad4dda93ec9,model,xcomet,1
f0ee30fe144a887631635f81dd3d60ffa3acccf3,model,xcomet,0.870953619
f1bc17903487dcf17324c24f87f24d46a0849cf2,model,xcomet,0.99119997
f244a3c2792722b06ee82f84ed595ad4ccef0918,model,xcomet,1
f2495270b5001f07a43db9f8880dd5d61e517350,model,xcomet,0.978411794
f2dfcf0bcf9577e02e09998eed771caf82f962e9,model,xcomet,0.804404616
f32027460d1bc7e18f5257e1a0be16f93f4a43be,model,xcomet,0.982582211
f34cc01a5bb417cd41ac8a566b15b440c38f4a61,model,xcomet,0.838649988
f4966fb881ad0befdbe18815ad439cd1aee6da10,model,xcomet,0.130257159
f52284394545299528da755e96295f6d9123764a,model,xcomet,0.938113034
f563f460c2d7abaa71b58167dd58790399415e66,model,xcomet,0.925443172
f5a0a53aba630dcbc03b4b3d7c1c8dfc95e4a4ae,model,xcomet,0.995065451
f5b6f04b513d4998875f47112e4b4146a8d09f4c,model,xcomet,0.441981673
f611b65f3d26583a03fd0fddd19239b6a743ce05,model,xcomet,0.883963883
f6391f6f406d73bf364b2d38567a50d20f2f50ea,model,xcomet,1
f67e18dfbd86e80c8b68c56465b17d85e3b483ff,model,xcomet,0.951187491
f6db262f97dab612d25e1f12831a8d4ba5373750,model,xcomet,0.740016758
f784304e48ff216814f401ba80f689d3fb93aa6c,model,xcomet,0.999623775
f82200c45eb94b387ec5a8710621d0e55d73acb6,model,xcomet,1
f88201cfcc88dd35915e861dacc956f6f98d05d0,model,xcomet,0.801311851
f898f8c1704e5bddad7d0463972c9f7eafbdc72c,model,xcomet,0.286064386
f8ef1514d27eebd8eeb59122f81ac8c40dec459b,model,xcomet,1
f8fe21d130448550da5240e4f3749cdf641e163e,model,xcomet,0.427807331
f9df89a8fe8fa0bb2812a2b268982c77ddb7302d,model,xcomet,0.98482585
f9fd5c3bafb7f28cd5cfff93a739649f8ee25b45,model,xcomet,0.796845675
fa155140bbc4c8c63b1295d2b7f1419303a906d1,model,xcomet,0.471384078
fa35784041a884070789d30fd365d61920ab6ea9,model,xcomet,0.978895187
fa45a133d7b96d30382960a8ec498ffaa500dc9b,model,xcomet,0.63211596
fa5ff1fe2774dcb101a8dd35bbca2669951b4365,model,xcomet,0.154618949
fa889e2afe648e07006fea8dacb7e359190043e7,model,xcomet,1
fab4c1d710aa379521f9b11c53c233d44cb30723,model,xcomet,0.958755195
fab8f611c4ad7e5facbc10e7b90f9e692cdeddfb,model,xcomet,0.911530972
fad5d3576790aa0e8beb8cb5daef2ec3947fa6d6,model,xcomet,0.9801898
fb6c74d9f1918fc0bebbd037cdd8a07789bb7120,model,xcomet,0.867710888
fbbd580602218a463be1f46ed6289efb068ae9f2,model,xcomet,1
fbd60ec3ead4fe409592a8ea3c015a03c59ccdf2,model,xcomet,0.990795374
fc42552f9cbc816633c415489da599b302ba3c9d,model,xcomet,0.982147694
fc60284ccc5bd521870f32320160eb4a66cbfd4f,model,xcomet,0.877247095
fc6722ec83328e86f69a0f4bb62401300de331f2,model,xcomet,0.772077501
fccf1f847f5c34540cfed79490371931d6825ff2,model,xcomet,0.160477087
fcf5aacf160763fcd3b278dfede20741ae4713e8,model,xcomet,0.323604882
fd1486556d90d86d331b4fc4b80a383668e437c9,model,xcomet,1
fd3a0bea93434f6d9697778652786cd325456be5,model,xcomet,0.840543926
fd402cf9179547abfc797792200004d282ad9586,model,xcomet,0.991972685
fe1174924fd24ca2eb188220d9144f0c29223e5b,model,xcomet,0.970661163
fe25bcd030f426e30e428fb7ad3057a2d15d6168,model,xcomet,0.865388989
fe335617af357b4a31bba8b91b7c74f038d541d0,model,xcomet,0.963717163
fea474e76fdb59c1c33c9b90a942ea6bddebd48c,model,xcomet,0.662902474
ff4faae044cc1038409d8cab5eaec7983906a4db,model,xcomet,0.792622089
ff9bcbd0cebacfd79edd3f378adb7201b45a8328,model,xcomet,1
ff9f264908c223aa3b2676195c45beb64d4a559a,model,xcomet,0.989293814
ffb7abe9267e1c44588166d3ca3c7bc9ea876502,model,xcomet,0.365407586
006d9c4f67a65d9967fada5a33a7bee388e778ea,model,wmt22,0.732943416
00abec85374a10ea0f0733fc6ed83b63406705ac,model,wmt22,0.891515255
00d3e801d792ad63738f2bf5f115c2b6f6f72713,model,wmt22,0.692867994
014908466f9b88ef920f5a337b41691d42fdd7ee,model,wmt22,0.871324182
01a7e25c1b70aaf55be540de83462dc4ebfd90ce,model,wmt22,0.855546713
025220a191cd00746e235024098587096722ec86,model,wmt22,0.874540627
026a87203f9560006280d25991d7369845fd668b,model,wmt22,0.65827167
02702a4c04e3923f7300523b42d2171d6e82d01c,model,wmt22,0.685059965
02827f62db47315bf16b5144d7a1020d62bd80b3,model,wmt22,0.822869658
028285cd8ea3650c692b577128e5695bc695f65f,model,wmt22,0.85506773
0393f3d66e7f9459d0da23879d922857ab89f873,model,wmt22,0.832982481
03a86e325a4de9a461692f63214e93dd80e5815a,model,wmt22,0.472684592
03b5ffcdc1cb1dec54913773c14448b5bf978215,model,wmt22,0.864354372
0458ad4dfbde833d00f379bb93fffdae2e43067a,model,wmt22,0.861697376
0586c348039debf5d3cfe1ebfa23a7710b7f417f,model,wmt22,0.843424082
05ac137df4953aa61d8c54f20ee5868e468719ac,model,wmt22,0.673243403
060579c748deb692d1ff2fbd638d70074627f27f,model,wmt22,0.86025387
064f1c01742a7177ac067aed943880e979fe327e,model,wmt22,0.621759832
0682924fcecc79694dd556e943e50f5e197de52f,model,wmt22,0.578462958
068de6672b6e8811504da07ee73782171f09c778,model,wmt22,0.872859836
06aee728284a6f06a776848b0e14022ab7bffd85,model,wmt22,0.874222159
06e4e1392574db07353b1ac6e16970dc01196b33,model,wmt22,0.44918254
06fbe09c6be14d4aa2d8ac2e2bb6462bc578aba6,model,wmt22,0.808815241
0746ebc49d7a634888072e852c5e4fc28dd62b84,model,wmt22,0.809144258
0788ddede6418749303137efa2046f012b83ac99,model,wmt22,0.548717856
07d0763ce73e651b06156a36f39611c25c711610,model,wmt22,0.719122946
0897fb5380bb620907ddc7917fdc86552f1875ae,model,wmt22,0.877050042
08bbb49cd73c56f1befd84a3e78f42929423172f,model,wmt22,0.868011713
09a09abf254bebadf0414cdec09295097efd0a8e,model,wmt22,0.873348236
0a6bc2d06b3b45ad171710b3ae74518cc1d1d420,model,wmt22,0.564110935
0b0b4a5693ee14b3e726bc82460a764849bc63b7,model,wmt22,0.67814517
0b0dc91d76fb30e6accb8b5ad8725da615ad5b88,model,wmt22,0.858875751
0b83b9bb4a1d2aff77260d5e639be61729acb671,model,wmt22,0.503004253
0bf76c191f72ef7f084d2d9b836ad4e6246b740b,model,wmt22,0.709494948
0c19f87314fd7b1a58a2d0a47e81f98cac2771b4,model,wmt22,0.861047208
0c1b48e8b403d48f171995b5ff9a9a3817ba6249,model,wmt22,0.815582991
0c3f576c119b1301a995d1d0fc316277d026cbbb,model,wmt22,0.519100964
0c6bd822bf1e4a41f46fe8028ac548048f4d8185,model,wmt22,0.864595532
0ca3955c0c3b0b1306698a9008c1cedf1c213bb3,model,wmt22,0.891407013
0ce2ddff9d39d5b73f8f27cd027d1c48a55ac509,model,wmt22,0.800476551
0ce9fad1f1659b9c610c789b48b454167c70b3a0,model,wmt22,0.837290108
0d5f33e21768ee8cfad43f24e3c3feb93e59995a,model,wmt22,0.880926371
0d747bbc3c6dd43581116a2d2c874227cfadc466,model,wmt22,0.883437991
0e024aa9a3966aa08067505120a4aa4c81b274af,model,wmt22,0.506491303
0e6a99c6b6157eedb77ba651a3e7558cc17c6e1a,model,wmt22,0.881015003
0eb4dac1005758d358f9bedb9f05e6ff90608f2b,model,wmt22,0.558368742
0f5779e054b19d688b1e693fe3af0c2c9b386ba4,model,wmt22,0.512973487
10db625af733fd61b42bd98ffaffb7a2b5eeb400,model,wmt22,0.804406762
114b9e1ce5b5fb52d0d03cddef42f6a036bf5929,model,wmt22,0.600932121
114e6f0b468637736b5f15fafa80fc6922898c4c,model,wmt22,0.841268897
11eb3063228a052bedb7db6f24d08df0a3f04ba9,model,wmt22,0.659551382
11fe7d1a450dfc61f64de8b4c3d75b1dacd08e21,model,wmt22,0.883120477
129e11df90b0ad148cc98c909bad37be51ab236e,model,wmt22,0.883451402
12ac89c1b3f37c564bb8ebaedb3e82557c997767,model,wmt22,0.851012468
13a6fa0a4a0dffa8dbf29f6a82764e4a65bb9988,model,wmt22,0.494278908
1465894633f14090f27598b853f27396bee53f31,model,wmt22,0.6233989
14b3802353782424bf1b2b45d174eb8bc61b4f41,model,wmt22,0.853094399
14f3741f0bc1225948dcf2b94759dc543243b2fb,model,wmt22,0.861010075
15a8faa5126ffdd9a48a85510118a94ed95bdd32,model,wmt22,0.714573026
163f6630cd1f55d1416f2892030e72ba8e6636e6,model,wmt22,0.839873552
16a765535de47bf3b13ee7a9521c3e4d4bdcd7c6,model,wmt22,0.446461976
16acceed38021bcff1d518c48c0ed2cfeef30aef,model,wmt22,0.891678035
178fa37efafd58164a2f8e8ee860b580e6bcf7b3,model,wmt22,0.684866548
17fd4e47355b9916471304b0582b9069a4bbd920,model,wmt22,0.853622019
18169ccf5f408192f1adab97e8b208103b046064,model,wmt22,0.840923429
184ba6f68a9c465352b3c635da0b3ad6b5112861,model,wmt22,0.864309311
185438f65fc3d29e1dc92041b659cf8d8981ab85,model,wmt22,0.869970262
18cacfa79016389fde0afd28f2b03d60f2907ff3,model,wmt22,0.546565652
18fbe6e2cb0081293f50aede1a33b6891c8c4832,model,wmt22,0.535679102
19b74e815da3a183dca72fcbb579ee0ebbacf46c,model,wmt22,0.887590647
1a562a389efa0abaa01741fcb3f4db953d8606b9,model,wmt22,0.701565623
1abab6bc5ddf68a730eabd9f5f6f85658fc53b94,model,wmt22,0.863967478
1c2886437147b98082b6d622f464a5ad12424c32,model,wmt22,0.86925149
1ce15556a6ecd32e85dba5bb36dde4d76e1c5051,model,wmt22,0.847409129
1d1f9f47ab31a71e1727b6f109cf9b7cc33f626c,model,wmt22,0.795580029
1db3ca67955ba3523a1bc897aca84927657831c2,model,wmt22,0.746395826
1e18aa2502288f644f8ae414b02138929b6561e2,model,wmt22,0.865072608
1f302d3672cbabea5a46c02c6fd156c344891270,model,wmt22,0.831134737
202c412f9755b74a78ee5cf92fd091ed1ab06b31,model,wmt22,0.739328861
20af7bb6971f087b4f24782699aa158f0187514a,model,wmt22,0.458177358
20dce25879d07fc86300f9dfd1d44c08f9778dd6,model,wmt22,0.807906747
20f004b98f2a09152440a7d75b03d66ae45bdd60,model,wmt22,0.568147063
2127a9b574f5235d17c4e72abadcda893aeef03e,model,wmt22,0.879324257
21b213fcbda7666d29ba385cf4aaf9978767875e,model,wmt22,0.757909656
21b2c104690957655266bda53f61fe245c799e90,model,wmt22,0.714463472
21e7d94f86772b7d82e1dea493686e89c6cc1800,model,wmt22,0.814540386
21e8ed2d9a1562951d380cb25954615e29f7fec5,model,wmt22,0.808069348
225550de116d9d610b299bea4495606fd83a1b8e,model,wmt22,0.779533386
228277422277072584081acbfda85b2628830855,model,wmt22,0.628570914
2313b3a64feeb241357ad91bcd106fc99cdc5ee9,model,wmt22,0.856762409
234a86a6e06755fa59fa48587df22a9215e1035f,model,wmt22,0.893569887
246893396c4b46e9c2d82669a2fbaee53d35417a,model,wmt22,0.878302336
250d946079755b475b829caf89be1058f08705af,model,wmt22,0.894037247
2546339b78912e70d022c92e795d81cf2b2dbdf4,model,wmt22,0.87211293
2578e1942d0781637126efbb80d6dd19c624cd65,model,wmt22,0.864777446
257cd4572e0c4d111f954c54371f5eb912ba2c0c,model,wmt22,0.768768489
2618665100be076ad2a4bf4729218161d5e68775,model,wmt22,0.861039698
26e9aa666ef48b9084d39a6ef8ebce19aaa49e3d,model,wmt22,0.855369866
2722efee8b411f4470bd56639fbf1b3d6b464ed7,model,wmt22,0.885417223
283d585eb424d9034c4db6c3097593e815d7e9aa,model,wmt22,0.884495497
28b55c31554a5d612f56c017f2ec7f779529dd79,model,wmt22,0.857165873
28fa659fe0e8c092af37b3d50bedb16543b94ed9,model,wmt22,0.872474909
29be16c72d697002ad208c30bcbd1ee58a96f94a,model,wmt22,0.671022773
2a578b5d52de4ec9182884a99787ef3e881e5d12,model,wmt22,0.796657145
2aaf935f3d8bd47cdac4bc5ed082bafe494eaa33,model,wmt22,0.598788083
2af92ba457bcf166cd9f1bad78f0a04782f2978f,model,wmt22,0.709770083
2b0add218d00588b03b8d293aef1d11c64c642a6,model,wmt22,0.873429418
2b596bf42bf0a16b057c3f0500c5e3ae4b90dd20,model,wmt22,0.829670548
2be84ad895540667b4cfafae9051e74003c4dc32,model,wmt22,0.865445673
2c54683a48b1d8cd125f8e8bfe9830841296e227,model,wmt22,0.819310606
2c72574904aedcfa4fadf3fe4a186a146243e4fb,model,wmt22,0.86460489
2d67968ec039d92321bb0dd45edf5e40283422c8,model,wmt22,0.834929824
2dcacf10c6f6c733ec2a15228a0e36404c4751a4,model,wmt22,0.630102277
2e0aea39405bc544f7a26bac4e6104732dc77b99,model,wmt22,0.520403147
2e88c7d4f4730bfc06aff96e72bee74bfeee26ad,model,wmt22,0.751027942
2fbb1126373ab74cee5fe2add94a1cb1e753c326,model,wmt22,0.878228009
30097b1c6753307a317d856c3a00d793be1be0f0,model,wmt22,0.868648589
30201c2be158b57c386767db8ac8b74dca3dfb8e,model,wmt22,0.77657938
30965949e51d26353c9314c48f44f2f95c2ed265,model,wmt22,0.863389015
30e11c6fb100b0dc05637a45042ef61cbbb8e04f,model,wmt22,0.527782023
31109b5541f9ee8ea771e3c12833050efa9f8c9e,model,wmt22,0.871623993
3127ff82ab8c81ccf8abcb87c45e08822d51e8c9,model,wmt22,0.814148068
315a03bc6901df26611cea14c4d14f21dc3f4c0e,model,wmt22,0.539520741
319dadd2e601cc6543ab9eb9d546ffa0a29c421d,model,wmt22,0.871387243
31d66cc56000c37288bac1958271df27fa104c88,model,wmt22,0.858072996
32015317f880f41cfa2805e39f5425aaa55100e6,model,wmt22,0.827893376
321be8964f0cb22b988d015b6327200fc0336ff5,model,wmt22,0.900543213
3227f40af459a36c826a4cddeb69527879ab9035,model,wmt22,0.858407676
32371a0d21926a6332c579cba56c4f2c442f83b7,model,wmt22,0.886344075
3277d89fd4d722b13500775d32130eda8570883f,model,wmt22,0.889248133
33248398de2a6d36fcad0a2087278935677f5430,model,wmt22,0.802020073
333b3a84c35ff52f6ec3f3e6a9ce6ff8c609cfee,model,wmt22,0.568084359
33bc94ed3fab63832bcfe17543e87ffd0aaec99b,model,wmt22,0.643738747
33f9b845de65356a3b519fbad87ff62a27a4bd27,model,wmt22,0.682415843
34cbe32928bd514e1733df1caff2408ed9e51607,model,wmt22,0.785195708
34d6689ddb6793791a6c42c53d28eb05fe46b4aa,model,wmt22,0.520199716
35aaddac4ed1237bb4719b307b34768af97bb3e8,model,wmt22,0.643766582
35ab35243032bbfa0c8fb621b9632f6a38773f4c,model,wmt22,0.764114141
35ff77e72777fbbca61f67449ee40be4d0730c5f,model,wmt22,0.87616986
369bec129786b1b8b18779e1bdc580baa48d0287,model,wmt22,0.866745114
36fb4923b8fa8760d6781116003ae1e0292723d5,model,wmt22,0.870598137
3718dbca9baf6d962091532fe2cde7c955c53286,model,wmt22,0.847345591
37955953c5843da679ced3bf8abce78c61a82db6,model,wmt22,0.856686354
37ace8d5baf5a707c875ac396f337b3a096d8b12,model,wmt22,0.851084173
37b9ee3b0ee3879d8ee237564669d1d0eb9b2f04,model,wmt22,0.848408461
3848a94bab1d4aca408fca18b70c52d1f5b1dd6f,model,wmt22,0.817103148
38f9868a261e01e0d5055e52845eedfacf5b9dd5,model,wmt22,0.866387784
394f4f3f0dd124d36d16c644eaaeb2cdbb5ab548,model,wmt22,0.685026765
396fb8b82371181b1645dbf78b4a0f9ae6d672a0,model,wmt22,0.883683622
3982c1213bf3426dd26685adcab0cb3ed3ba99d4,model,wmt22,0.774445593
3a243d2b19f92827757c11d930f7af75d0cc6665,model,wmt22,0.815893412
3b1fc2b6201dfe2a15eaaf211768ca36df6b9a3d,model,wmt22,0.767481565
3beabab67aef1d01f3931edd9df24b1dbfcef619,model,wmt22,0.776163101
3c556b5664c60296d9a4023bf6d6bdb2f16c0e62,model,wmt22,0.780990124
3cbdcf582ef683217e40c284439cf2f27133f025,model,wmt22,0.849938452
3cd2bac553c7e63f5a0735c1fb39a0e27d2a0ca3,model,wmt22,0.849445701
3d60c8f8feca917160d787010bbfeebc28eb493c,model,wmt22,0.858875155
3dce7e14c7575c7328380fe10d8017951475c34e,model,wmt22,0.883581877
3e6631675e700837bc55fa46d80e3e2a100b563c,model,wmt22,0.885907173
3ea64cfbe523de55a74835a3d1b52a3da4eaab41,model,wmt22,0.876937687
3f300b02121b66537e4b3bb286f1515e0e2583ef,model,wmt22,0.8586303
3fc124f455111cfabfe4efd53c094b70445d44db,model,wmt22,0.802080691
409f2a86c6d099210e24616f3cc36af0d7d6258f,model,wmt22,0.69934094
40a02ef708479ff3bc45e44e0648fdaf0de040ae,model,wmt22,0.883209825
40bd0e7275a33375f7b4974d3f5a3d798793b746,model,wmt22,0.865343988
40daad4fb4d1d29364dbd57f8c316c2a60b3abd0,model,wmt22,0.885852098
418f03b62d50bd11e374c13d7a187a593302d8e3,model,wmt22,0.683059096
41f1856032999b9febf9bd4cac37294d162f2ac9,model,wmt22,0.8302145
41f3f9f350e9632b0c0bf639227a1226bb2cfa24,model,wmt22,0.867883801
42b2b494aa4eddb4f9cf1dccfe872a2071d61957,model,wmt22,0.704658151
42e6ff768062c19525334c8b2afedd18358802b0,model,wmt22,0.871313393
45489be87419c5cee7973f6546c9e3941a6ae6ae,model,wmt22,0.874582291
456e4668eed55444340674157fb259cc4fbcc1cf,model,wmt22,0.78362447
45cee2dfbf73b6b98d8e8ad82b1cf5fe6ba1cc93,model,wmt22,0.858958602
46173ca6c5c3b099d26b548b42fcb6ade10ae09e,model,wmt22,0.826158404
461f5851e021d9bdfb40a7a6ea7c7d2e8c73866f,model,wmt22,0.763514876
467e5d44de17d7763b64d0d2e2e92b364417c433,model,wmt22,0.870824754
46ce62ff3412bd42c5716f561a9f6002f4555041,model,wmt22,0.726282477
4773e1ba7746bccde9e600ac3abb715ab61868ac,model,wmt22,0.727383256
4796a109e8a51aaeafb3d47785f6f9349d9910ef,model,wmt22,0.643373728
481ab944a05bbc7733817885d7501eae1cd56b7d,model,wmt22,0.688800097
4825536698b944be7ba6c68452f8512ddd6690b7,model,wmt22,0.762987971
482de8da34b4dae89174f010f38ee7b3c3642645,model,wmt22,0.58173573
484fafebc0eed98dcc4c673caa2186a05a72854c,model,wmt22,0.832132995
48570132c8ddb3ac3b622279671d65ea2d9d6b5c,model,wmt22,0.842688084
4885067ac2f066cfa990fb117b64e2b355ebc126,model,wmt22,0.488927156
48dadebe5e23ed35da35419dd713243b649f4777,model,wmt22,0.847266734
493cbfe46e6a45f74bd008c444775736f32f73ba,model,wmt22,0.861943781
4947d3d498ed5765c61ca92ffb9913b262024eaf,model,wmt22,0.847726524
4967f321a1d0f3e70d2f69858ddfd3ecc18793de,model,wmt22,0.873119116
496a797dee79164d5c5f3d3c775d80b8baf055ca,model,wmt22,0.459926546
49a8cf3160b231cfbaee06f7c2467b3e819ddcd0,model,wmt22,0.416022003
4a5d896ece18de4ef4bba5df48ced5ad9afcc48a,model,wmt22,0.470522165
4b0c4e91ae833a6480a6bc86152c27265ec2befe,model,wmt22,0.87160027
4b4f6f99fbb9b990af7554e2c7a7cd75e646bc92,model,wmt22,0.821764767
4b83d51e743734641207228b650579a69588ff7e,model,wmt22,0.837098777
4d9eb93aa149a88da90f6cb9a17802827702ec07,model,wmt22,0.596689165
4f4de3f855740a74df2ac944967e9f7d6a47c874,model,wmt22,0.834230661
4f7a4d7429bc6bd6912128eb52a392b915701e79,model,wmt22,0.86437887
4fd807b6360addbb4ce55cdf773a0dfd10aee829,model,wmt22,0.86472404
4fde45543cf5852c810f649ada7ed3ceda6f86f7,model,wmt22,0.843611419
4feb51273ee0b31101848b5b60cd0925504f8b2b,model,wmt22,0.693432808
4ff080df6db87d5f67c65b8d235dd665c7d618eb,model,wmt22,0.893252194
505c9a01450dec3b6035bdbd4e70b1c2f779480f,model,wmt22,0.846280932
50e22042ea676a4ed7f8bbad8f871e8be6d490e0,model,wmt22,0.509192824
51df3b4fab40b799a9c752b3986e239e36d37d68,model,wmt22,0.879571557
524eda58d4acaa66c5c406a5e4b03a180f795b79,model,wmt22,0.88784194
52744b81b0de7b9bcb641c126f4e588ae21f5b77,model,wmt22,0.857294917
52755fa969d14c9da462da7a4ab72aeddf76677b,model,wmt22,0.887723565
540879588e27ef1210a76a6fe68cfd3b71562376,model,wmt22,0.663366795
54359003d63c21718a1bb2cdffd612ed5a36665b,model,wmt22,0.877286792
54e535bfc9b712db9ddde27e91d4b3df6301f958,model,wmt22,0.875673592
552c8256981a68859261b897beba8967ba801956,model,wmt22,0.884911358
5530ecaa590332062e60c111c32ef1a2b58f19ce,model,wmt22,0.868266404
57a6d6dec8df8c877accb47a466287af33cc45d0,model,wmt22,0.893561125
57a8c4813084fe9fd5bb8f4a133ff67e4e3c333f,model,wmt22,0.869331837
5884b921b6045758e688dd8a4503bb7dedc6ced2,model,wmt22,0.776171982
5912721c0e8016a4306b8cf9097e1a0949e0ba72,model,wmt22,0.812431455
596aa72ed7f02be1f079a612aa51a71e00a345cc,model,wmt22,0.89135623
5973d5f07ab3995e36b54659fc111e4899d2daee,model,wmt22,0.745492578
59e4b34d48b33165d1f0f310a5386cdb1c780a16,model,wmt22,0.875429213
59e9d3c51b9f01bd82a8606d833151f5d280b1cd,model,wmt22,0.848421335
59ef7fed61892f3648e22a2f1367adb42232fcbf,model,wmt22,0.889033318
59f8c61bda6261f7b1aa80d9d0229df7df1c2186,model,wmt22,0.399828494
5a216c9a2e97c03d914aa46f0c991f71670e4994,model,wmt22,0.679645836
5a3710f12b77ffbf1b4b456d0d65dcf92ee80c7b,model,wmt22,0.806206107
5a410f62cf45825abe4d5b1916fce0c9f52a4fc2,model,wmt22,0.856571794
5a622df002584594ebe07f5f51135319f9abd314,model,wmt22,0.531446338
5a8f3e7918c18794699b1e70a8178a4c13b7e989,model,wmt22,0.701640129
5a97bd5f8c4aefe23e817891de768c7ede94729b,model,wmt22,0.873042047
5b69ba988b4260adf1f70454a43cda4d62249f26,model,wmt22,0.820260167
5bd18b45a4f7344f74342d7042d90f2d9b5e3318,model,wmt22,0.696024537
5bd1bbeebda925d86e6d5dcb466eb634d4671b4a,model,wmt22,0.887925506
5bda658268f064d07092af410c7d704295d4eb44,model,wmt22,0.69194448
5bf7d84c816b60b078f60257756861ec6fced931,model,wmt22,0.809771597
5c006b0ffbeeabbf6b3ed05cc7df5ca5d1bfd2d4,model,wmt22,0.869042099
5ca7d264065f2382a7566d45c563d917b5f64119,model,wmt22,0.873972654
5dfb39c732324e56e7fc9a8021372b436457993c,model,wmt22,0.834023714
5f4f7a72ff19350fda913b65aec3ab1024f39915,model,wmt22,0.735232234
5f6ba84fda45b37c463868fcd15b0e1ecea468d1,model,wmt22,0.846245885
5fed58786510ad0682b40692d488475832666b77,model,wmt22,0.879358411
600895147473f1c069d71f01cdd43dc7bfd5e6a1,model,wmt22,0.887516916
60cabe417660a4ecbc23c4bdd05fa708c774c9ff,model,wmt22,0.708076954
614885e3c2594757ae2ed13ddb2811a365f58ea6,model,wmt22,0.874386191
615cbc34a390f19b6b0b6f9f0cd9c2840fd72abe,model,wmt22,0.879384518
6190e519c3cc31ce568b6226cb8f5ec710fc6a75,model,wmt22,0.891601145
61e994abe0fa4be25267edf541b83f28f6c28c02,model,wmt22,0.789712787
624d25fb41f9cf4b55d04c8eb436377c3a45ce6b,model,wmt22,0.655961156
625860f5cec49b1291e769ce25ce945a459658dd,model,wmt22,0.879443407
6265e84b04bcdd0e191208e0a16324d51b19d44e,model,wmt22,0.649717689
627af4005c08984c5b415d1bbedbe7ab0b698a92,model,wmt22,0.862765372
627af443c5ade76c682f9363c7499cf370207476,model,wmt22,0.878248572
62d10eef6d9f72c630b79b011433419831198813,model,wmt22,0.85042572
62f76021b76144777ae88c378fba40313c0f161d,model,wmt22,0.863377929
634eced402d1526420b8d937a7d8079d2ea07b0f,model,wmt22,0.807712138
635dfcd33fff0c96f473dc83aa88a2e52f901800,model,wmt22,0.545273125
63851d693c8ea2f9cda2aa8b2a152b82eaf92624,model,wmt22,0.848860145
63ce72833447e73846044f9af3b0101914ef66d9,model,wmt22,0.731824279
63e14c466cabbaeda76b9d297b79a2c8aa606d4b,model,wmt22,0.852797627
6443d2eb4e2a5bf8fdd02ebd347f9ef9ef454852,model,wmt22,0.798670888
648a460dce478d3e2ef0ea59424e3e31dee4bbe5,model,wmt22,0.70907563
64fef683ead61f8abb2fea03183942b00b1b5981,model,wmt22,0.669801831
66017b23a574099ddad764fe7dfb1d1f758697c9,model,wmt22,0.712603748
66321b63b2e2eb79c91488697f05647dea7389f2,model,wmt22,0.859553099
667cf1052c8d71355a7e5ccaa16b5d3765a74c0b,model,wmt22,0.882465065
6681e076a045194d31d4b0ec3ff9bb5d0952bc5c,model,wmt22,0.871514797
668b6c00d39f2f3ff61628316f2270f473ac214c,model,wmt22,0.848069191
66b6ada4122e3030f8d14409eed4a15d7f6abef1,model,wmt22,0.824908376
6732d65ee083db463495f5002f1e2ed6816d401e,model,wmt22,0.821164548
677c09fd1cb5e165b4554158fbce27c9fc7e5692,model,wmt22,0.877473474
67d5029946343113c464a53c894592441395c592,model,wmt22,0.858373642
6807a3f03af28e8ed7dee4318280409f4b421aae,model,wmt22,0.386289537
687dfa8d5f02ab11cae0df93145618ef6da711cf,model,wmt22,0.752462506
68f16001979b161e4143c38bccfa02c80cba9b41,model,wmt22,0.829099834
691e22a596f631751240365c7b490de6a00e9ecb,model,wmt22,0.879619181
69f066d936be63ab45b8386b65f33ceb6363684d,model,wmt22,0.87968415
6aedc5f06f19df8c689befc6f52c8b4d9b037978,model,wmt22,0.876480579
6aef29ca62aa30955bb2d58932f5abf88c6bdf4e,model,wmt22,0.867167473
6b38335a2be98bdf7543fdfe6de5c7d9592d235a,model,wmt22,0.592771649
6bb8fd4fb7b23fb77e661d72ca5ee0165d78e330,model,wmt22,0.879391491
6bdf17a7a51de0cedba57bde46ecd6260e23d670,model,wmt22,0.871494234
6c003c37a4cf1198c0e4d418a43b3c9ed9deb849,model,wmt22,0.854767442
6c8f578e95d5f43c4f33875eab9d5093ad040693,model,wmt22,0.795159101
6ce0aaefa81a6268c2f528bd1799c26cc32b65b6,model,wmt22,0.869749784
6cfd852a2b2ad49df219ab4e1f291e072b9b5e19,model,wmt22,0.789797306
6d57b5d755d5d60b6e775a8a7bb8b9c69973181d,model,wmt22,0.887726784
6d999b0f65e5187f50c6f0b042cc0e21048c6834,model,wmt22,0.702080607
6dd5a74f64c233a27631332474690437d6bc376b,model,wmt22,0.699501276
6e1cd320f7b92c117c658a182f78c8786758af9e,model,wmt22,0.856075764
6e83fa175403daa642bf94db05c7fce5adbc63b3,model,wmt22,0.854986548
6ee9083ba928af5973cc227488d5197bdb316776,model,wmt22,0.782496631
6faed76ad73112b3c1e977ac3963de31759414c1,model,wmt22,0.838255882
7021b5bdb3906e2b71eb69f69fc3f8c013f2ca23,model,wmt22,0.805876911
70574301b4de22f990c04ff68a396b115330d257,model,wmt22,0.633281112
706d25f785135993dc3daa10b9138ed7a9b1f485,model,wmt22,0.842654645
70ec01d158700aa2927ad5f850889859c626410e,model,wmt22,0.684359908
715370cf743261d8ea19cee5296bf13ca28a47d4,model,wmt22,0.876747906
717e20d92fcbc0e7a400c76aa571ffbff23c7890,model,wmt22,0.892104745
7193ee33487b0bdc8a9cf5418dc184ef10c01505,model,wmt22,0.722719431
72464269d274f3c94553180494f04424aff5f6e8,model,wmt22,0.652995586
72b09adea2dbd65a3d99dfa431c034c14180156c,model,wmt22,0.853826225
7306af179b5d7b27dcea44fe5a1e9e7ce9a8e293,model,wmt22,0.490411699
73092c2e504c33393335ee01bfc42184765d0127,model,wmt22,0.464165241
73139f821cf76aa99088ae158e553b21b4ee9294,model,wmt22,0.743687868
7366cdda827c3c4287f12f84a8be673f638bf0ad,model,wmt22,0.684391379
7376e654bd15452119a191573d7993c691f722fe,model,wmt22,0.864709496
73920e096c5cd1cb8f72df3b044834b4d4e01c60,model,wmt22,0.85099262
73dd7fa8e40ea55ee181d1688566f49c95977999,model,wmt22,0.426063746
740813a7ec6c2c013d7fc310087710b430b7cef3,model,wmt22,0.87645483
7484b50767d5c76573aea11204382a0e56794f3b,model,wmt22,0.842631757
74af4d1a59e6b86e2ff912c49ab0e277ef16c1aa,model,wmt22,0.884593189
74ca3fa88f968d07c8a0ba8e1cdad0bb87ca2a76,model,wmt22,0.868949771
74f60d919990a51a48b0b06c9705218c18d243f3,model,wmt22,0.879381239
757d25c3fbf701c83ba11ef17aea33165a8a14ec,model,wmt22,0.891297102
759d1a60fe07bfe8399ad84f1eaa7dcdde9f96e9,model,wmt22,0.89431107
75f52bc727df25d8f6d140188e51d5355aa9d146,model,wmt22,0.865061164
76a1dcd899ce7e64ec3f43abe0655cd57f6a9af4,model,wmt22,0.826373696
76af39b0e2956dd2e0e3abe9bed5c8d598f96bc4,model,wmt22,0.702344477
76c76bb280987469d38fceee3fc9a5f775df8d7e,model,wmt22,0.68894434
76da88fa9eebbee40b0b6dd3e35caccde914caa0,model,wmt22,0.832350731
772bf159801b6e593efc34f0bd942f06598531d3,model,wmt22,0.843691707
77b3f250ca0b226f7fe5830a56a5896336501073,model,wmt22,0.869495749
77db35356118ed694bea7ea6f88f5b3906794a41,model,wmt22,0.76402849
77ed6564217f1668b8a9e66ad5d4f1da0adc3084,model,wmt22,0.876835585
786b59baccb25433ab104ebed3b6591deaf58d45,model,wmt22,0.863498807
78c26754943a165217dc03b8d60dd35ef25aaf31,model,wmt22,0.865095556
79050668ea67e5002f3981ab670c7daa3a0fad94,model,wmt22,0.610744536
7984573af8ba53b59e14e25b06bc3f1bffd601bc,model,wmt22,0.867449522
79a11817f8d4a98307e0824c80868ace5865b093,model,wmt22,0.822716236
7acab7af1924573bdb069d1313f75643a2b38059,model,wmt22,0.830753088
7acbf2fa270e2974b849b7443db161f187d81c94,model,wmt22,0.843421578
7b1b1199d9074b93f3a94be770f42cec03ca106c,model,wmt22,0.866015196
7b1dbe275c4a2c6f6e5e766d0415154d0bd2f9f2,model,wmt22,0.693839073
7bb2718a0fab197e0a2ef683016e7d168d2d9bf7,model,wmt22,0.842846513
7be27a850e3aae8e5b2c659cfe94f320c47a8913,model,wmt22,0.896028757
7c0612043467eaad9def4b31caf02851aadfe9a5,model,wmt22,0.855626762
7cadf4089358465625975004263aee218b5ef87e,model,wmt22,0.860271811
7cb8d092815d8cbfc8eb573959f17706eccbf795,model,wmt22,0.871506214
7cdeac426487a3667b732e97fc22928c93bad643,model,wmt22,0.8111974
7d1085dfc45ee68b3831119abded38d6b25b7bfa,model,wmt22,0.861156642
7d19a7d1f51c00862d47e84405e842a4282e9a5f,model,wmt22,0.861108005
7d7487e04e516d9b48cf77dedd9b4d72c9ad3ffd,model,wmt22,0.887064934
7d9408dfccf044b80481097acdd09bd7790ff82e,model,wmt22,0.884878039
7d99d74253cb89ed8d78affc67e0814c1b7eb210,model,wmt22,0.769222081
7dd00501cf7148fc5a77efe8f7dd4da42d729d1c,model,wmt22,0.887268722
7e2a4ff9d24e0ed97bbdaeb8d000303ade385822,model,wmt22,0.834698677
7e848591ddbdc6322625455ee55321ad246edf8c,model,wmt22,0.873022497
7ea18bbb2442c0e07a63c7955d2225700e55bff4,model,wmt22,0.678844094
7f1455fbc789153c3eb6d33eac5680fe635973e9,model,wmt22,0.478109926
7f2cbe9e70848b20a30e7fec876d676c95139aec,model,wmt22,0.66437006
7fcd97b629e37c71ede8ac523d4652dba5e18c13,model,wmt22,0.679858625
802afa81d4a2159f3a2350484efc329b8878c68d,model,wmt22,0.857013524
8095468049f052f02c66e2c6fea4fa88fd95c99f,model,wmt22,0.762890816
809b3caf29857829ef87f6162b20b95888c8934d,model,wmt22,0.713866472
80a3c2302f88b7d69cb268abcdff81100c5fa3a7,model,wmt22,0.873853505
811f3894bc8c81d2b9c0b2fd7c1307796ce0849b,model,wmt22,0.886192799
816ff7006d6123b54d3c0d00e475d4b9e57d1ea7,model,wmt22,0.718559682
817493942a7e083a1fc2e76b96596bb90a4ac586,model,wmt22,0.852018833
81c58f46e907b6b04fa92607d09e5df331251203,model,wmt22,0.80731833
81dc4934426641725fb1b1121b6cffe9a17f7c37,model,wmt22,0.569564283
81de55bd590f467b90074bd2aa7649af69d94c64,model,wmt22,0.881879866
820d4d36c296e174b9cf212f18d2058b6019b4c8,model,wmt22,0.489828914
82bac8ec02fdb015b7b3c833de198051b5d06608,model,wmt22,0.88992703
82d6235fac22f9f16c833d75201d46a4336b1ec8,model,wmt22,0.882572234
839dd8d0a834ba7c493f07cd9b432241588589a0,model,wmt22,0.724228978
83d23c6a35d7cadaa100d16ef335b02fc3b8bcb2,model,wmt22,0.674775124
8410d3d4b1b09f36b0de2dd82a06bb5751d26101,model,wmt22,0.890183926
8420ea670f16c1ae9f06766c1098dc5dfdaca16d,model,wmt22,0.838775873
844b89fef440970044adff493188225401199b0f,model,wmt22,0.877230525
847d7d0b13b47a8152f4025bf6c94134a4ab7f41,model,wmt22,0.802616239
84c8ea6984c09539e31c7599467956c85563c664,model,wmt22,0.457515895
84f372c80cf02b332895d7ac8d403b6b109340bf,model,wmt22,0.779265404
850f1096ba33bc861164313bf10b9c8d2d6083ed,model,wmt22,0.868651688
866a4169a36469bd141957d100eb9d6066fab43a,model,wmt22,0.69884932
8694aabe9a1aa232e06032cae723f84492b5c7c0,model,wmt22,0.807618201
86a494e92fcd802d0aa2d9f694bd61ede741a6fe,model,wmt22,0.765013099
86c40ccddd5122fbe2ff35378ee721dfb4f49a4a,model,wmt22,0.46345222
86cef2d2351d2b4f3ef855ea8fa932677a6c24c8,model,wmt22,0.803238034
870511221a136dd6798b977b841c406693b527bb,model,wmt22,0.879899263
87322fc4317d1d57eb4b367f785d14b731262e0d,model,wmt22,0.880701125
879a417739f6bbdf6a6dc4103bbf2dee1c3a6df4,model,wmt22,0.876394033
87e0fdac10b0d4ad91fa7cd853ca85bd4919d518,model,wmt22,0.524845362
87e3f4b7e87ba2c03a6c3b96da49fd1b433f52b7,model,wmt22,0.866075635
89a86aab9a0d10df326a8e96f353e5878e76d654,model,wmt22,0.890721917
89ac42a7fe4439a1e1f67760708f3e94f03574dd,model,wmt22,0.883830607
89c4a122a8376801acefcbfbff8bc9d8840f1e16,model,wmt22,0.576920033
8a00ce7b4498d8ab675a5aac3df18a98329e486e,model,wmt22,0.757689238
8af86ee0a6a71ac2404422668bb2e0c7144e8f25,model,wmt22,0.855428576
8afc94ec777297fb135510ead03875f1620cd154,model,wmt22,0.876082063
8b383df9f61ef668700db1946986fd9b7e26d334,model,wmt22,0.483088255
8b70545642cdaf045d34aba9eb1b427d244be8cb,model,wmt22,0.401896149
8b728017fb2cd21ead1187aa79feb03c2fc42b91,model,wmt22,0.622703791
8bb06c2cbfe1bd099f6445ebe980755d6abcd827,model,wmt22,0.611275375
8c0b2bdd79e8ffa37e9465d247cc653ea502ba0b,model,wmt22,0.869203687
8c681f138869666c01a9c149764f0dc381a5917c,model,wmt22,0.808698297
8cdae10537878476fbe2b84ea51526a7a87a5762,model,wmt22,0.819101036
8d7a815fa6e50f38151eb57f6524c99ca7d2f9fb,model,wmt22,0.845324397
8d96bc4a573d9f8a43b44b650fb63e022d0a5329,model,wmt22,0.748771369
8d99627a9b05a6a05c84cd3afd2ee8ebbe60c1f0,model,wmt22,0.817983985
8db50efe8062e579537c5235524b17d60026a407,model,wmt22,0.827900589
8e2eb37e7a08b7446fe58d7c2a152397ee4c6769,model,wmt22,0.807686925
8e593973388399639eabb0c34b1556b54a26e47a,model,wmt22,0.629666507
8e8fd49a9734804f4334ecd15ba615eb6f317bf3,model,wmt22,0.874339819
8f15a19f19cb1bcaef07f89c03af33d032a9cfcc,model,wmt22,0.678062618
8ffad5ce01f3eca6f0ad37c61162ebdb8c06014c,model,wmt22,0.877572417
908aaaa922054ede9e07056680346998ae0929c6,model,wmt22,0.7777403
90f24c1c91e46787ba109caed736cfedb293e45c,model,wmt22,0.887036622
911f2f825a93e3d27aa26368ad87eb6f54dbcf69,model,wmt22,0.822668552
91690e37cac6efa7052d9445c964f6bc30f5d5ba,model,wmt22,0.881253481
91836b79076bfdad7e6629ed21b275a3fa5cd30d,model,wmt22,0.792335629
9237841c3325714d47158c045c9773e538fd988b,model,wmt22,0.673594236
92a6a1086db5b6839414653ca40d11353663cf6d,model,wmt22,0.866854072
92e1cdab5303143c39211c1a8a5bb78661c8c0a6,model,wmt22,0.672504544
9306d668079f4202c71221b741e004df6f2e444e,model,wmt22,0.603065789
9323c63e5368ba99fd44a58845fb914be492153f,model,wmt22,0.797938108
9373de2a12b3d5c1a6741d2e0355bf613fb8da97,model,wmt22,0.881831884
940ca96d210e50163d7f110b79c45e5c78961eff,model,wmt22,0.824195623
948e53aa5d684810ea565fcf5e6cddcc1116e944,model,wmt22,0.772899806
94cc72dce14026172816ba199a63b338a7ab48f2,model,wmt22,0.685197711
951938ef77dad27019a6f54b7ee55b166a35e573,model,wmt22,0.668691158
95c857436753bae3882f6f7e6f5a99ce0016c7d1,model,wmt22,0.707688689
95f97c38fffc95d8a7fb9eda04fa8548b750d1c8,model,wmt22,0.601644278
960c4962ae7d01a0d297467dcb6c2efc66a8b15b,model,wmt22,0.690678716
960d1593ec061fe57d84db73f882d00e51fa155e,model,wmt22,0.864961267
96173a3da68bda36f8f1009994a4e7c2f269ef20,model,wmt22,0.859397471
96d95c1e2af4c3568cffdc310e5e93c37d697300,model,wmt22,0.811562359
970b0b2d794e9642252c562ccaa6c4029fa64155,model,wmt22,0.772072613
9723236419333e680a0501e146d84d76f69970fb,model,wmt22,0.785354733
973f0b561bc13214f7932fd128eb234669d3fd49,model,wmt22,0.779093623
974caa22e2c86ad8ba5073a3d0530e1f870ab09f,model,wmt22,0.904105067
974e365b20b72ee7f0e6c6cd1f69a6fc4891e65e,model,wmt22,0.747414112
97b3127fac5bbd209a6b0cf1697d59c4ec72cc26,model,wmt22,0.829299092
9800c67c4d73bb9ca75d8d54e75154e9359fdb2a,model,wmt22,0.823156357
98577d9ca460fc3775ded2cbbcf239d4226027f9,model,wmt22,0.883753538
98b40a1aac8bdba3cd10bfc3bc5ced9881a39ca5,model,wmt22,0.855956674
98da4c99a9ac210ba9c4ef7e6d75e77f866bf361,model,wmt22,0.640130281
98f47229fe5b353fa4e4db73bb2d97d63546018f,model,wmt22,0.834086061
98f9f26757059772327c22c57e6a61dd635ffe36,model,wmt22,0.677034795
9947f32bf93c2faa909930f1f47c7572c2a9ba44,model,wmt22,0.865662992
9960a58f1665446ea2076633c13faf298bd4d043,model,wmt22,0.856829405
9982acf081bb0e92cef530eef662145da0ff5969,model,wmt22,0.574909389
99e3bd69c4f074cb5f1245ebb33024a42b983484,model,wmt22,0.75179565
9a1c480dfed61ec11c278381aa66b0bd65dac3b3,model,wmt22,0.634219706
9a4ce16b8d1e962f94e2a8945b6d773bd6b59d6d,model,wmt22,0.89244312
9a88fb66675988d4e3e53f5c4d560b406be16adc,model,wmt22,0.512030661
9b1300bf13adbf74106d550ced043f7c559984dc,model,wmt22,0.431135267
9b6ac8e19de5dac834b702afefc3e7c973e391a9,model,wmt22,0.858735442
9c614fe01ff0021d39492317cbbea8dd581a3b16,model,wmt22,0.8801108
9ccc67e37a2df75b8227904c2d88832b44550399,model,wmt22,0.875402749
9d343d6719b4124d3f760a4a3a879357439ff0fb,model,wmt22,0.407864958
9d752b5d4a1432d7553476fbd465af5ae3aa3bf4,model,wmt22,0.785525143
9dd983d834b37190ba0a8e993e1290b0e1351045,model,wmt22,0.83834219
9dec0a71790ff51afb5e71647e837d72da3fefe1,model,wmt22,0.710508764
9df764508baadee51374d408011836430453b867,model,wmt22,0.856577694
9f5b41bb78f3cfe47deaa8b2e0644b1ce9abe91a,model,wmt22,0.848900676
a02e47b3b09813d2c2cf744337b240ed9b5d24b2,model,wmt22,0.863378167
a0773bc3abfaaf905ee13f2b989d8d8e77be70b9,model,wmt22,0.839310288
a0791b1392d79d0b7aa5e4ce8c6a1807a1878aad,model,wmt22,0.890609026
a12c226d695665706c536efca6a9e9df1d050e45,model,wmt22,0.541976035
a19fc8e0d9463026b01e2237b418720ca3ce9b09,model,wmt22,0.813060522
a1b4aeefdf1feb3f16ba30dfac6ddc888fcb20d9,model,wmt22,0.769820154
a24445327e1e6c399fd3da56df32d59d37a32d38,model,wmt22,0.868484139
a25e0a034bea78f541c0b097b7c30742c92b3a74,model,wmt22,0.742667794
a2edb76ef8ee4a58202f0d46eb30d40baa01db5d,model,wmt22,0.726065695
a34fbb067cbd14cd6a31f48b71723ed4dc0826d9,model,wmt22,0.700454414
a3c358d94e8dcdac961fd0af1c647e5917f11b3f,model,wmt22,0.884909213
a3c3cf89f0cdc432c495594d8b4478cc92a28a41,model,wmt22,0.832413495
a3cbe57f0a37bcc1bbf4392ebd394ea2c33b8afe,model,wmt22,0.456191689
a41c848b7e85308a6d59d8754b98ecca5c2a496a,model,wmt22,0.490234137
a4621b4421747e1eeb02f3b5553bc86e958bc942,model,wmt22,0.828506052
a4c05056fa05c31cd188bb925bd7129a27da63c8,model,wmt22,0.709270239
a570791ae346cd4a655e8b9babe6b5814004490c,model,wmt22,0.827629268
a57b1f61060d71a65ffadf47cd9e1e6e32775a10,model,wmt22,0.875296593
a6193af9be59206bfff0be15c3bd68ebaaf34894,model,wmt22,0.867543936
a63f2ac9d9e92876cf10bcaaac9359fc5dc19928,model,wmt22,0.863792479
a645da4a68a739b0e75a260be225db5c657d09a0,model,wmt22,0.902098179
a65f271f1ab821b4b97bf7c9dc7990c01ac1903b,model,wmt22,0.803662181
a6d09b6180fc68829112be619074f860614d6b0e,model,wmt22,0.863374233
a6d3d9faa1935f106767724fc62ad990ecfdc7e7,model,wmt22,0.856576443
a7cdb9493bcf3398169af61bfa15d46a8d7905d7,model,wmt22,0.732301056
a8089d829a0eaec23b831d26142e5c6cca905a01,model,wmt22,0.884783566
a809ae6b2d8a9ff09956c23fdff5e4e43c547422,model,wmt22,0.819739938
a80d7def3493d223517c0d7d268add2eabbc79ba,model,wmt22,0.685585618
a85fe9311b3d8819b5b98a750664b73d9e29062d,model,wmt22,0.389511198
a861081bd228a2833a033c7641331b8da4cf3f75,model,wmt22,0.649294317
a8b126ad58c3a9f135a99e99ff322542b936fd2c,model,wmt22,0.852278113
a8cd1ded47af69037096210be864861b551d70d4,model,wmt22,0.886088848
aa2255a0726d23a5c74a3a902444a96f6b3a9c62,model,wmt22,0.878404975
aaaa7aabae54e895cbf69d6c73642e9e09524b6c,model,wmt22,0.860635996
aad932c4541f26a3701a62311c1e5ff4b0dab646,model,wmt22,0.878363907
ab4cdd2ad313b18a6a2c28f35ba31fcba197438c,model,wmt22,0.871910334
ac728865d197f6c4df39a8e83b9a303ee6296702,model,wmt22,0.867583156
ad66d76049f2a8dcaf9dba95253e1c0d304b828a,model,wmt22,0.886002362
adee43331f7338f0c9c4a72228033be4df4dec86,model,wmt22,0.551657557
ae1283e151beac8b1cec137a1415bdd6421ac8ab,model,wmt22,0.831676722
ae2820ffc67733defb10442de981e8942ac9c923,model,wmt22,0.839866519
ae783a5ee74a975c46411b99e77b93beafe3ef0b,model,wmt22,0.872779369
af1c0eeb0a6ca8aa3d40a647071b3ed9704e27a3,model,wmt22,0.876598597
af2b64a603f0c7a9c27482f435417aae289ad230,model,wmt22,0.805992723
afdb2efa0b45fbc29e29811bc99e856c934de0ef,model,wmt22,0.663923144
affab9a235577c4aff1fb28bee7001c64005a0c6,model,wmt22,0.802400768
b0346634e17603ebbfd5375942399f28ae13d597,model,wmt22,0.528092265
b054601934791d5b361a33980c7a8bf65e310def,model,wmt22,0.525229037
b0628b995da51161a4a82bf282d4667334f5239e,model,wmt22,0.866285205
b07a35682f257d8dd72a3fd1ca9bfa2dc42663de,model,wmt22,0.841400564
b08aad1464629022ccc95ce0c4e6fc662ae1c213,model,wmt22,0.50866878
b0f3e51851018d2c7f8f5c7ca5b1970221eaf000,model,wmt22,0.717609942
b12d74a0c1efaab95de155263fc339a809eaf80e,model,wmt22,0.550040066
b1392c411fb26a13435222665626b30f97ca3b1b,model,wmt22,0.881392002
b13ab40de07bf1a3d7c898b41025edc071d45179,model,wmt22,0.822743475
b2464c2193c0669b93486d394f53fc52cfa27e3e,model,wmt22,0.434234053
b2749be01ef623373c363c94262b41639fa1a7cf,model,wmt22,0.523589671
b2823a6c067844eb1cd386632577de12ec55564c,model,wmt22,0.79066813
b28fd14764b1b3e0d41dc913bb622f7eef1d8749,model,wmt22,0.743417084
b2bc619dc48e669f2593bc442ff8d5a859a2e9b4,model,wmt22,0.649975955
b2ca5f8629a7b5fb2477fa68c53f496a42add35f,model,wmt22,0.887725532
b328fc73453f760f6e842e2b573eb1ec6cd04ca7,model,wmt22,0.511182427
b37b2b5b025c577a7480813cb5d21e5211b69375,model,wmt22,0.840328217
b466d36fe52b190ae7da1e2ec16246f37b027e41,model,wmt22,0.714522302
b4819d66284ba8ac6d3692af17b68aee61c963b9,model,wmt22,0.863513589
b4e9a2fafc5f41c180e374a6bc8eb563cebb1968,model,wmt22,0.491665125
b4eff200fd8cfd311606d53104b4607b6c48ea9b,model,wmt22,0.491097122
b535a47412d4f62b0aaecfce07fa3a1cf8ca03a3,model,wmt22,0.89275682
b5a7c7d521ccb75e1dc487863cb3d663b2f1002e,model,wmt22,0.848997831
b685681c665f6bb8591e6376137a0f23739b1ef5,model,wmt22,0.551083684
b6f68060cb80924cfe6f34153ca3ad491ec90e36,model,wmt22,0.88187325
b7389fe705c2940a43e07c9de22b61a2b6c7df45,model,wmt22,0.683949232
b7896967004f1f431498f335da96196c06eb9029,model,wmt22,0.81130743
b7a2d0cbdc170b6cf44a5186deb8068a3c757aeb,model,wmt22,0.810287833
b7b15be52847f34c3f4e89f79916b7f1eef935f7,model,wmt22,0.766136169
b7d093ea46ae1c7294264f7dc2a1c6c6e899a894,model,wmt22,0.843284726
b7ed63e3e839a47424b597fbe9afe34a02f2bff7,model,wmt22,0.854620993
b85c5e0dd860cced371f80ec7c3642d4d8a8dccf,model,wmt22,0.528199434
b87d4f00bf501f6f75d6245cd75fdc8e5399fc11,model,wmt22,0.71926403
b8f6dd7ae7479186d3b97065fdd405fce96b8592,model,wmt22,0.889313698
b900fbe14a91f99ee038809476147746529eeb7f,model,wmt22,0.543846607
b9bc681457faf51e41e8b6c34b473380b17f5975,model,wmt22,0.870206892
b9ecb675cba911185279d142ea86f1247ee2f723,model,wmt22,0.782890677
ba4bf54c3c4968ce6e73cb6a03348a18b8780835,model,wmt22,0.871994376
ba61e17ad9f813bab58a23438fa22b92d3ff4876,model,wmt22,0.745271206
bb58f4edebd88e642c145866d2f9b69fca840ffc,model,wmt22,0.490652561
bb9e4dd58a0179b8f2bf12af8cccf24efeb0ff32,model,wmt22,0.852593243
bc3c0ea07a77158fad82caba8a2c6cc567910e09,model,wmt22,0.599103093
bc515e0b2e22698ebf2d43848e13530cab176063,model,wmt22,0.727720618
bd84145f8d2dc4e21a48c3977bf3ea667b92e865,model,wmt22,0.8275702
bdef84ce6ca276a28e4c9bce00c83d02c8491066,model,wmt22,0.806891084
be2a0403c02699697d4ae74e9e34e6235065c47e,model,wmt22,0.836624086
be7a769dfff62216336f188f42d15f9536cc177f,model,wmt22,0.81132412
be993068ab76d232d566068fb4698e0439ab9263,model,wmt22,0.693220437
bea1cd7bbbe650b1f6f8af958cb8625bc9c3867b,model,wmt22,0.868586242
c050373c67f62d403af007d9eb5d13e0be7e7499,model,wmt22,0.553957105
c0c98b9e3b09f1e6802dbc745373568ccb6a6f57,model,wmt22,0.869261742
c0cba93840432e5476f93796ed6222493492293f,model,wmt22,0.877365589
c18ee24947a7223765862efb5afd70b3f59acb68,model,wmt22,0.866774678
c1bdaab68b357149b7f382064c6343dc439ff91a,model,wmt22,0.744399786
c2d2726f8d89d3f3265bbcf4ec41ae071d08bf73,model,wmt22,0.807379603
c2f272537b75df8c6ce6ca78d4bc2b42bdb78ea5,model,wmt22,0.877957582
c377eb8ff288faab7853b1f9f6b8c8013ce2711b,model,wmt22,0.671798587
c48d6a447849ec7c7d02502cdba0a1d960ecd4c7,model,wmt22,0.687145233
c526a3cd729a7f1a2ff6f6c6e1ea7112870fabf4,model,wmt22,0.871128321
c5c65102d7af89114b01bb1dfa3afb6f62e0b111,model,wmt22,0.85140115
c5fbe52d4985c864997ff32c9ff986c7685ded1b,model,wmt22,0.864716411
c7bdb8284c813ae6590f39a0b57adb193cec359c,model,wmt22,0.856197715
c7c7405ae8cb55c8d762032e0e075fe76cd4c633,model,wmt22,0.728197873
c83bf411fbe1f734e88266d19f7df0ebeb72477f,model,wmt22,0.883447349
c85634cf9e18db0e34b8a0a95f5ac377ac9554d7,model,wmt22,0.701279759
c8c624dbc7c3057ea6e05871ae718ca159be2e49,model,wmt22,0.855051696
c92eb6937fbb3ce86073e9ab2d17557e39ecbe40,model,wmt22,0.701383948
c9b6ef480dde0947fa96ab6d62f3b19b8dc30cb1,model,wmt22,0.836405516
cacb2924a25959b9569b942cadb0831cbc039e26,model,wmt22,0.529557407
cb61165067f6dc6051bc1309a3f0591283db4b1d,model,wmt22,0.586697638
cba06a1baab78294bf4dbee0b04fc9475c662e89,model,wmt22,0.715572476
cbafdcc72ed819a9f8b44132c97631ea033e5f15,model,wmt22,0.691484272
cc0b4511f2a4459bd8c219f11b7f4573f9d5fee7,model,wmt22,0.851184368
cc568d38c06b4101e795410a11cf0c87e2a9d7f0,model,wmt22,0.881579638
cdd47730cf57e31c9285c8d1d5e756b714b3a82e,model,wmt22,0.816428721
cdea94f40e03c73dc26c5ab792e5f6a289d60220,model,wmt22,0.747189105
ce2090b839d7575936982674483ee199e0b52a90,model,wmt22,0.862700462
cf79d4048efb70c96f8c0303e10503f01694baa5,model,wmt22,0.437109023
cf9571f8588a92f7298c84edabcc853471e30e2f,model,wmt22,0.585308969
cf9f2e0669f2afc40a602b68d10dd859a0c6bb8b,model,wmt22,0.852039337
cfb927e084eb7136f3268d929503f0acc457fa5b,model,wmt22,0.857085943
d0bf1ae7d1a372128eec87d89e7ab6428eab614d,model,wmt22,0.699050784
d1a1a80944090dd77baa1f3096e79d16a16bda01,model,wmt22,0.699964821
d1eceb6e16de9bb30ef5a1090f9639ee86694689,model,wmt22,0.865756869
d1f91fdddc8395c2822726c219d116ff16c65287,model,wmt22,0.799181879
d282b1423029bc6d61e936a527755a16d148b1f1,model,wmt22,0.877756357
d2a4bc97c3bdbeac499f3ede34659ded6398e23d,model,wmt22,0.86913991
d2bcdb9a6c5643cadd687e30e258851c1faa0d15,model,wmt22,0.873478055
d2f14a6a01a708fbf43d640fd24588606b9fc0a2,model,wmt22,0.58834064
d2fc8b027bf6addfc2ad9b55283b0ac698548233,model,wmt22,0.757211328
d3579217452bedd5d8363699de053edd6fbce7b0,model,wmt22,0.851799548
d410695f81b34108d5606efcc44a1fce25e62543,model,wmt22,0.850248873
d4b0d30d6a00a9fd816ab721d8725bcc4e989022,model,wmt22,0.670215666
d4c18139afaac813c7b85c6a3202c198d014a09f,model,wmt22,0.873804986
d55c3917228dd77647a06768158a39eec16aa95f,model,wmt22,0.51076895
d5969d7c372f4204adec13a82af90a396b86904f,model,wmt22,0.877766371
d6a9d7e5b14ef7e67a514bc54b9e7df595558dcb,model,wmt22,0.860326529
d6bbdf04aa22bf24efa358ed359ba62f3b0141fe,model,wmt22,0.595383167
d74f21e17df866b6f28c3775b18a6fa96908b87d,model,wmt22,0.866448224
d842f63bec2c05883b03b7c356e4c186b3f67343,model,wmt22,0.874424577
d85af8b918be81f48e044d759b1fe041ede65503,model,wmt22,0.789149344
d86cee21c710e9699c77a746da3eaa3fac8c790a,model,wmt22,0.874082685
d8f0435a650053ad13c06078b91535e19e426ff2,model,wmt22,0.807975471
d99899a7ae75c5168e1618350fd71c32ab0e9fe2,model,wmt22,0.774811327
d9b5deb24c0ce29dae61acabc49c7a5efdd2e29d,model,wmt22,0.878941417
dac6e8547443a16d7c7c73428c48329d88d7d65c,model,wmt22,0.572260261
db536e6b8fb52194e96e1ab0c303df427a250671,model,wmt22,0.884122014
db714b9d220b9460a013913641ebcd944cf3daf6,model,wmt22,0.879161119
dbe8a172b4ca9be01ea458cb204b01eac3aa681a,model,wmt22,0.832469225
dcb78c1ef4e5c9ac865f435705d06ba8e657f509,model,wmt22,0.837317109
dcc8a1270980858a1977a37b8afe87aad1099b5c,model,wmt22,0.826994061
dd02bbc9c837713ec897c6d1381b0120f375b6c2,model,wmt22,0.888473272
dd4e7ad7a086cca50c304fa48f0d63acef501b70,model,wmt22,0.867623627
dd52d0af5f8bdc96d7faa12b5eca364ce7638f1f,model,wmt22,0.862275481
dd9bbc9fb2fb299f309d9eed3250a11276975a28,model,wmt22,0.617661357
de3c232714dfd74bf19ef7d615dd99d18e2ea0fe,model,wmt22,0.726004422
df12d705e368f959fcf73a64f38e748973d5efee,model,wmt22,0.867781937
dfdeefe4f9fd00fe929510ac3593014d981165b3,model,wmt22,0.500296175
dfefa546f2d36f5750812d773aa7ecb3eed57ae4,model,wmt22,0.729639828
e0b0fe2005abe6b299b20e40a7f5943c6d712879,model,wmt22,0.765217304
e0b4c6c6c3b7cbefe21ee71ff7d6ebf1abece567,model,wmt22,0.831220686
e2537df5381b750f0eb6f8d0f000aa8bc434fed1,model,wmt22,0.864563823
e29761a2773b31f163476f680b3551ce7e4b3a33,model,wmt22,0.871850312
e326e7b27ad0fdc2bf43ecdf2c14ce5bc813319c,model,wmt22,0.843000174
e336656105574f313527ff331fa00764443ab7d8,model,wmt22,0.873876452
e385320dfc9a15d3d199eae7c6658dc8a3dc8cad,model,wmt22,0.868466854
e3b519cd1b1c7f1619ef8021f3ab48a694588c63,model,wmt22,0.67451328
e513b6c6fc8108ed6b8d3b7212dfc9448b234bbb,model,wmt22,0.821018815
e59b1434bea2180244e2c6064b3fd2f7bcc7a4d7,model,wmt22,0.861931086
e5f907600efedf74ecd4e16e0726e867dce24723,model,wmt22,0.799768507
e60566c606f65b6b313d1ed2bdf1b4a1f4aa95dc,model,wmt22,0.878414571
e684305a55baee99b5e26b80c078d1ff7cf3b18a,model,wmt22,0.842132449
e7b7b8baddfdf91ab0047c1aa6236bc382a5c8c1,model,wmt22,0.611788273
e7e47687ffbd8fc05ab8cfb989f31d54f8a1c8bc,model,wmt22,0.79553926
e8059679af667fc496a6c06f9fbf19e82fb03885,model,wmt22,0.731877327
e83a489459e419a0944f58e2eba82e3d0ec78807,model,wmt22,0.875152767
e8ba90529d46927957a57b637d7c2fcd82519f47,model,wmt22,0.723335922
e8d330c8e3f37ba06d21398516146db0da2f9235,model,wmt22,0.75140655
e8dc958a57ba075ea5b25a937aa8b33d5b69d969,model,wmt22,0.864807546
e9010ca4b313bd7e8604ce3049d6f5014c11c8f2,model,wmt22,0.881391466
ea00b901da45c5edee7d1ab2689e589b3ef42099,model,wmt22,0.865129709
ea0b26d045dd1c5a270959f9ab740c0f78a514b8,model,wmt22,0.838636994
ea433f9a1f3a7a61682fd244777b4ac4094feaad,model,wmt22,0.763141155
eaaf79b98cc2926c54f09ff774473831adcd19cc,model,wmt22,0.744011581
eadbfe241699725895d374a89f62fc58ab4bf456,model,wmt22,0.786738873
eadd5204f1ece5acef73a3463a1415f8d1ca7a5c,model,wmt22,0.854106307
eb7dccb5cce704e34cfe7dd53cda4bc6e469debe,model,wmt22,0.864378035
eb852247cce27c58dd0901143dedb1ac9b6bbaff,model,wmt22,0.813087344
ec04ac095b60d9a0b31f0b5d72a214a60f127ef7,model,wmt22,0.607977211
ec2a3c1ed00ff52458014d33e70c84563bb3a35c,model,wmt22,0.881175458
ec2e2d79982cdbf1d590b8573ec7f5c860b3264c,model,wmt22,0.847669005
ec9402c0f9938db26b7288b4dd99e6c5b86056f5,model,wmt22,0.871454477
ed5384a7dc743ee6f738c279ba62d015f5866870,model,wmt22,0.47797206
ee195f15da69dfa9902145e6a671ecdafae39af1,model,wmt22,0.815476477
ee9c49bb95a22783949484f1f2238841f9926704,model,wmt22,0.852109075
ee9fdf8d6f86c60dfdb9f95346351608b0d441db,model,wmt22,0.833259344
efb6187d8fd73fa684008ac36d2107ad86a118fe,model,wmt22,0.900769949
f031ff9962d32ad3778cb9bd13321ad4dda93ec9,model,wmt22,0.875588179
f0ee30fe144a887631635f81dd3d60ffa3acccf3,model,wmt22,0.787522912
f1bc17903487dcf17324c24f87f24d46a0849cf2,model,wmt22,0.87665987
f244a3c2792722b06ee82f84ed595ad4ccef0918,model,wmt22,0.874648035
f2495270b5001f07a43db9f8880dd5d61e517350,model,wmt22,0.884238124
f2dfcf0bcf9577e02e09998eed771caf82f962e9,model,wmt22,0.841155827
f32027460d1bc7e18f5257e1a0be16f93f4a43be,model,wmt22,0.849807739
f34cc01a5bb417cd41ac8a566b15b440c38f4a61,model,wmt22,0.837752819
f4966fb881ad0befdbe18815ad439cd1aee6da10,model,wmt22,0.61371249
f52284394545299528da755e96295f6d9123764a,model,wmt22,0.81362313
f563f460c2d7abaa71b58167dd58790399415e66,model,wmt22,0.859446645
f5a0a53aba630dcbc03b4b3d7c1c8dfc95e4a4ae,model,wmt22,0.887823939
f5b6f04b513d4998875f47112e4b4146a8d09f4c,model,wmt22,0.805926442
f611b65f3d26583a03fd0fddd19239b6a743ce05,model,wmt22,0.767979503
f6391f6f406d73bf364b2d38567a50d20f2f50ea,model,wmt22,0.85782063
f67e18dfbd86e80c8b68c56465b17d85e3b483ff,model,wmt22,0.83583957
f6db262f97dab612d25e1f12831a8d4ba5373750,model,wmt22,0.538839161
f784304e48ff216814f401ba80f689d3fb93aa6c,model,wmt22,0.877378702
f82200c45eb94b387ec5a8710621d0e55d73acb6,model,wmt22,0.887559891
f88201cfcc88dd35915e861dacc956f6f98d05d0,model,wmt22,0.634830117
f898f8c1704e5bddad7d0463972c9f7eafbdc72c,model,wmt22,0.583298862
f8ef1514d27eebd8eeb59122f81ac8c40dec459b,model,wmt22,0.878469169
f8fe21d130448550da5240e4f3749cdf641e163e,model,wmt22,0.754734337
f9df89a8fe8fa0bb2812a2b268982c77ddb7302d,model,wmt22,0.816126466
f9fd5c3bafb7f28cd5cfff93a739649f8ee25b45,model,wmt22,0.817950606
fa155140bbc4c8c63b1295d2b7f1419303a906d1,model,wmt22,0.537498474
fa35784041a884070789d30fd365d61920ab6ea9,model,wmt22,0.824772656
fa45a133d7b96d30382960a8ec498ffaa500dc9b,model,wmt22,0.487681091
fa5ff1fe2774dcb101a8dd35bbca2669951b4365,model,wmt22,0.580985308
fa889e2afe648e07006fea8dacb7e359190043e7,model,wmt22,0.882152557
fab4c1d710aa379521f9b11c53c233d44cb30723,model,wmt22,0.770178318
fab8f611c4ad7e5facbc10e7b90f9e692cdeddfb,model,wmt22,0.860787272
fad5d3576790aa0e8beb8cb5daef2ec3947fa6d6,model,wmt22,0.871437311
fb6c74d9f1918fc0bebbd037cdd8a07789bb7120,model,wmt22,0.820361018
fbbd580602218a463be1f46ed6289efb068ae9f2,model,wmt22,0.888905406
fbd60ec3ead4fe409592a8ea3c015a03c59ccdf2,model,wmt22,0.871274829
fc42552f9cbc816633c415489da599b302ba3c9d,model,wmt22,0.818306684
fc60284ccc5bd521870f32320160eb4a66cbfd4f,model,wmt22,0.767371655
fc6722ec83328e86f69a0f4bb62401300de331f2,model,wmt22,0.72355634
fccf1f847f5c34540cfed79490371931d6825ff2,model,wmt22,0.629022121
fcf5aacf160763fcd3b278dfede20741ae4713e8,model,wmt22,0.424234301
fd1486556d90d86d331b4fc4b80a383668e437c9,model,wmt22,0.874145865
fd3a0bea93434f6d9697778652786cd325456be5,model,wmt22,0.845810413
fd402cf9179547abfc797792200004d282ad9586,model,wmt22,0.880244792
fe1174924fd24ca2eb188220d9144f0c29223e5b,model,wmt22,0.846041381
fe25bcd030f426e30e428fb7ad3057a2d15d6168,model,wmt22,0.84882313
fe335617af357b4a31bba8b91b7c74f038d541d0,model,wmt22,0.828121126
fea474e76fdb59c1c33c9b90a942ea6bddebd48c,model,wmt22,0.817322373
ff4faae044cc1038409d8cab5eaec7983906a4db,model,wmt22,0.720464528
ff9bcbd0cebacfd79edd3f378adb7201b45a8328,model,wmt22,0.898557603
ff9f264908c223aa3b2676195c45beb64d4a559a,model,wmt22,0.872966945
ffb7abe9267e1c44588166d3ca3c7bc9ea876502,model,wmt22,0.65684247
006d9c4f67a65d9967fada5a33a7bee388e778ea,model,cometkiwi_xxl,0.685860515
00abec85374a10ea0f0733fc6ed83b63406705ac,model,cometkiwi_xxl,0.988645732
00d3e801d792ad63738f2bf5f115c2b6f6f72713,model,cometkiwi_xxl,0.224167272
014908466f9b88ef920f5a337b41691d42fdd7ee,model,cometkiwi_xxl,0.974567652
01a7e25c1b70aaf55be540de83462dc4ebfd90ce,model,cometkiwi_xxl,0.810680985
025220a191cd00746e235024098587096722ec86,model,cometkiwi_xxl,0.963818371
026a87203f9560006280d25991d7369845fd668b,model,cometkiwi_xxl,0.488230675
02702a4c04e3923f7300523b42d2171d6e82d01c,model,cometkiwi_xxl,0.612167358
02827f62db47315bf16b5144d7a1020d62bd80b3,model,cometkiwi_xxl,0.914545596
028285cd8ea3650c692b577128e5695bc695f65f,model,cometkiwi_xxl,0.936913252
0393f3d66e7f9459d0da23879d922857ab89f873,model,cometkiwi_xxl,0.797329009
03a86e325a4de9a461692f63214e93dd80e5815a,model,cometkiwi_xxl,0.077099912
03b5ffcdc1cb1dec54913773c14448b5bf978215,model,cometkiwi_xxl,0.94299531
0458ad4dfbde833d00f379bb93fffdae2e43067a,model,cometkiwi_xxl,0.730162561
0586c348039debf5d3cfe1ebfa23a7710b7f417f,model,cometkiwi_xxl,0.923417509
05ac137df4953aa61d8c54f20ee5868e468719ac,model,cometkiwi_xxl,0.17753008
060579c748deb692d1ff2fbd638d70074627f27f,model,cometkiwi_xxl,0.936929643
064f1c01742a7177ac067aed943880e979fe327e,model,cometkiwi_xxl,0.911135077
0682924fcecc79694dd556e943e50f5e197de52f,model,cometkiwi_xxl,0.117293932
068de6672b6e8811504da07ee73782171f09c778,model,cometkiwi_xxl,0.951930225
06aee728284a6f06a776848b0e14022ab7bffd85,model,cometkiwi_xxl,0.941888034
06e4e1392574db07353b1ac6e16970dc01196b33,model,cometkiwi_xxl,0.025675995
06fbe09c6be14d4aa2d8ac2e2bb6462bc578aba6,model,cometkiwi_xxl,0.898257315
0746ebc49d7a634888072e852c5e4fc28dd62b84,model,cometkiwi_xxl,0.648160577
0788ddede6418749303137efa2046f012b83ac99,model,cometkiwi_xxl,0.084758341
07d0763ce73e651b06156a36f39611c25c711610,model,cometkiwi_xxl,0.603522122
0897fb5380bb620907ddc7917fdc86552f1875ae,model,cometkiwi_xxl,0.989013672
08bbb49cd73c56f1befd84a3e78f42929423172f,model,cometkiwi_xxl,0.914467633
09a09abf254bebadf0414cdec09295097efd0a8e,model,cometkiwi_xxl,0.988747895
0a6bc2d06b3b45ad171710b3ae74518cc1d1d420,model,cometkiwi_xxl,0.289048404
0b0b4a5693ee14b3e726bc82460a764849bc63b7,model,cometkiwi_xxl,0.922645271
0b0dc91d76fb30e6accb8b5ad8725da615ad5b88,model,cometkiwi_xxl,0.98098582
0b83b9bb4a1d2aff77260d5e639be61729acb671,model,cometkiwi_xxl,0.220484063
0bf76c191f72ef7f084d2d9b836ad4e6246b740b,model,cometkiwi_xxl,0.584766209
0c19f87314fd7b1a58a2d0a47e81f98cac2771b4,model,cometkiwi_xxl,0.717224002
0c1b48e8b403d48f171995b5ff9a9a3817ba6249,model,cometkiwi_xxl,0.790075839
0c3f576c119b1301a995d1d0fc316277d026cbbb,model,cometkiwi_xxl,0.362611204
0c6bd822bf1e4a41f46fe8028ac548048f4d8185,model,cometkiwi_xxl,0.943794906
0ca3955c0c3b0b1306698a9008c1cedf1c213bb3,model,cometkiwi_xxl,0.963863373
0ce2ddff9d39d5b73f8f27cd027d1c48a55ac509,model,cometkiwi_xxl,0.746716917
0ce9fad1f1659b9c610c789b48b454167c70b3a0,model,cometkiwi_xxl,0.892096341
0d5f33e21768ee8cfad43f24e3c3feb93e59995a,model,cometkiwi_xxl,0.977762401
0d747bbc3c6dd43581116a2d2c874227cfadc466,model,cometkiwi_xxl,0.917602837
0e024aa9a3966aa08067505120a4aa4c81b274af,model,cometkiwi_xxl,0.10951861
0e6a99c6b6157eedb77ba651a3e7558cc17c6e1a,model,cometkiwi_xxl,0.992773354
0eb4dac1005758d358f9bedb9f05e6ff90608f2b,model,cometkiwi_xxl,0.400685817
0f5779e054b19d688b1e693fe3af0c2c9b386ba4,model,cometkiwi_xxl,0.917631924
10db625af733fd61b42bd98ffaffb7a2b5eeb400,model,cometkiwi_xxl,0.885559499
114b9e1ce5b5fb52d0d03cddef42f6a036bf5929,model,cometkiwi_xxl,0.668678641
114e6f0b468637736b5f15fafa80fc6922898c4c,model,cometkiwi_xxl,0.924082696
11eb3063228a052bedb7db6f24d08df0a3f04ba9,model,cometkiwi_xxl,0.04609308
11fe7d1a450dfc61f64de8b4c3d75b1dacd08e21,model,cometkiwi_xxl,0.965241969
129e11df90b0ad148cc98c909bad37be51ab236e,model,cometkiwi_xxl,0.960825026
12ac89c1b3f37c564bb8ebaedb3e82557c997767,model,cometkiwi_xxl,0.926626444
13a6fa0a4a0dffa8dbf29f6a82764e4a65bb9988,model,cometkiwi_xxl,0.343074501
1465894633f14090f27598b853f27396bee53f31,model,cometkiwi_xxl,0.265172422
14b3802353782424bf1b2b45d174eb8bc61b4f41,model,cometkiwi_xxl,0.811567008
14f3741f0bc1225948dcf2b94759dc543243b2fb,model,cometkiwi_xxl,0.962636292
15a8faa5126ffdd9a48a85510118a94ed95bdd32,model,cometkiwi_xxl,0.614065409
163f6630cd1f55d1416f2892030e72ba8e6636e6,model,cometkiwi_xxl,0.941396534
16a765535de47bf3b13ee7a9521c3e4d4bdcd7c6,model,cometkiwi_xxl,0.061623335
16acceed38021bcff1d518c48c0ed2cfeef30aef,model,cometkiwi_xxl,0.976614654
178fa37efafd58164a2f8e8ee860b580e6bcf7b3,model,cometkiwi_xxl,0.263732105
17fd4e47355b9916471304b0582b9069a4bbd920,model,cometkiwi_xxl,0.8706972
18169ccf5f408192f1adab97e8b208103b046064,model,cometkiwi_xxl,0.791840136
184ba6f68a9c465352b3c635da0b3ad6b5112861,model,cometkiwi_xxl,0.904011786
185438f65fc3d29e1dc92041b659cf8d8981ab85,model,cometkiwi_xxl,0.783270359
18cacfa79016389fde0afd28f2b03d60f2907ff3,model,cometkiwi_xxl,0.055151358
18fbe6e2cb0081293f50aede1a33b6891c8c4832,model,cometkiwi_xxl,0.42809248
19b74e815da3a183dca72fcbb579ee0ebbacf46c,model,cometkiwi_xxl,0.961749971
1a562a389efa0abaa01741fcb3f4db953d8606b9,model,cometkiwi_xxl,0.513729751
1abab6bc5ddf68a730eabd9f5f6f85658fc53b94,model,cometkiwi_xxl,0.77324748
1c2886437147b98082b6d622f464a5ad12424c32,model,cometkiwi_xxl,0.839556158
1ce15556a6ecd32e85dba5bb36dde4d76e1c5051,model,cometkiwi_xxl,0.768490732
1d1f9f47ab31a71e1727b6f109cf9b7cc33f626c,model,cometkiwi_xxl,0.408040851
1db3ca67955ba3523a1bc897aca84927657831c2,model,cometkiwi_xxl,0.390305549
1e18aa2502288f644f8ae414b02138929b6561e2,model,cometkiwi_xxl,0.872120142
1f302d3672cbabea5a46c02c6fd156c344891270,model,cometkiwi_xxl,0.965680242
202c412f9755b74a78ee5cf92fd091ed1ab06b31,model,cometkiwi_xxl,0.631243646
20af7bb6971f087b4f24782699aa158f0187514a,model,cometkiwi_xxl,0.224077776
20dce25879d07fc86300f9dfd1d44c08f9778dd6,model,cometkiwi_xxl,0.686730206
20f004b98f2a09152440a7d75b03d66ae45bdd60,model,cometkiwi_xxl,0.037584458
2127a9b574f5235d17c4e72abadcda893aeef03e,model,cometkiwi_xxl,0.974167883
21b213fcbda7666d29ba385cf4aaf9978767875e,model,cometkiwi_xxl,0.541748524
21b2c104690957655266bda53f61fe245c799e90,model,cometkiwi_xxl,0.414524168
21e7d94f86772b7d82e1dea493686e89c6cc1800,model,cometkiwi_xxl,0.830014288
21e8ed2d9a1562951d380cb25954615e29f7fec5,model,cometkiwi_xxl,0.913183272
225550de116d9d610b299bea4495606fd83a1b8e,model,cometkiwi_xxl,0.838999093
228277422277072584081acbfda85b2628830855,model,cometkiwi_xxl,0.570674479
2313b3a64feeb241357ad91bcd106fc99cdc5ee9,model,cometkiwi_xxl,0.934431851
234a86a6e06755fa59fa48587df22a9215e1035f,model,cometkiwi_xxl,0.992118955
246893396c4b46e9c2d82669a2fbaee53d35417a,model,cometkiwi_xxl,0.942672133
250d946079755b475b829caf89be1058f08705af,model,cometkiwi_xxl,0.952704728
2546339b78912e70d022c92e795d81cf2b2dbdf4,model,cometkiwi_xxl,0.936628759
2578e1942d0781637126efbb80d6dd19c624cd65,model,cometkiwi_xxl,0.948282897
257cd4572e0c4d111f954c54371f5eb912ba2c0c,model,cometkiwi_xxl,0.858486354
2618665100be076ad2a4bf4729218161d5e68775,model,cometkiwi_xxl,0.87337023
26e9aa666ef48b9084d39a6ef8ebce19aaa49e3d,model,cometkiwi_xxl,0.946816862
2722efee8b411f4470bd56639fbf1b3d6b464ed7,model,cometkiwi_xxl,0.989781678
283d585eb424d9034c4db6c3097593e815d7e9aa,model,cometkiwi_xxl,0.969164312
28b55c31554a5d612f56c017f2ec7f779529dd79,model,cometkiwi_xxl,0.765273929
28fa659fe0e8c092af37b3d50bedb16543b94ed9,model,cometkiwi_xxl,0.93249923
29be16c72d697002ad208c30bcbd1ee58a96f94a,model,cometkiwi_xxl,0.304045767
2a578b5d52de4ec9182884a99787ef3e881e5d12,model,cometkiwi_xxl,0.755465865
2aaf935f3d8bd47cdac4bc5ed082bafe494eaa33,model,cometkiwi_xxl,0.557995081
2af92ba457bcf166cd9f1bad78f0a04782f2978f,model,cometkiwi_xxl,0.511935532
2b0add218d00588b03b8d293aef1d11c64c642a6,model,cometkiwi_xxl,0.984171689
2b596bf42bf0a16b057c3f0500c5e3ae4b90dd20,model,cometkiwi_xxl,0.890594065
2be84ad895540667b4cfafae9051e74003c4dc32,model,cometkiwi_xxl,0.980599344
2c54683a48b1d8cd125f8e8bfe9830841296e227,model,cometkiwi_xxl,0.908957899
2c72574904aedcfa4fadf3fe4a186a146243e4fb,model,cometkiwi_xxl,0.8364591
2d67968ec039d92321bb0dd45edf5e40283422c8,model,cometkiwi_xxl,0.952875555
2dcacf10c6f6c733ec2a15228a0e36404c4751a4,model,cometkiwi_xxl,0.188372344
2e0aea39405bc544f7a26bac4e6104732dc77b99,model,cometkiwi_xxl,0.336968362
2e88c7d4f4730bfc06aff96e72bee74bfeee26ad,model,cometkiwi_xxl,0.186480016
2fbb1126373ab74cee5fe2add94a1cb1e753c326,model,cometkiwi_xxl,0.944556653
30097b1c6753307a317d856c3a00d793be1be0f0,model,cometkiwi_xxl,0.977682769
30201c2be158b57c386767db8ac8b74dca3dfb8e,model,cometkiwi_xxl,0.602954805
30965949e51d26353c9314c48f44f2f95c2ed265,model,cometkiwi_xxl,0.946348488
30e11c6fb100b0dc05637a45042ef61cbbb8e04f,model,cometkiwi_xxl,0.545915246
31109b5541f9ee8ea771e3c12833050efa9f8c9e,model,cometkiwi_xxl,0.964304745
3127ff82ab8c81ccf8abcb87c45e08822d51e8c9,model,cometkiwi_xxl,0.790935755
315a03bc6901df26611cea14c4d14f21dc3f4c0e,model,cometkiwi_xxl,0.170845762
319dadd2e601cc6543ab9eb9d546ffa0a29c421d,model,cometkiwi_xxl,0.949488699
31d66cc56000c37288bac1958271df27fa104c88,model,cometkiwi_xxl,0.971159518
32015317f880f41cfa2805e39f5425aaa55100e6,model,cometkiwi_xxl,0.773002446
321be8964f0cb22b988d015b6327200fc0336ff5,model,cometkiwi_xxl,0.975320637
3227f40af459a36c826a4cddeb69527879ab9035,model,cometkiwi_xxl,0.971374035
32371a0d21926a6332c579cba56c4f2c442f83b7,model,cometkiwi_xxl,0.968662083
3277d89fd4d722b13500775d32130eda8570883f,model,cometkiwi_xxl,0.985544145
33248398de2a6d36fcad0a2087278935677f5430,model,cometkiwi_xxl,0.592553914
333b3a84c35ff52f6ec3f3e6a9ce6ff8c609cfee,model,cometkiwi_xxl,0.705527961
33bc94ed3fab63832bcfe17543e87ffd0aaec99b,model,cometkiwi_xxl,0.419400305
33f9b845de65356a3b519fbad87ff62a27a4bd27,model,cometkiwi_xxl,0.586690843
34cbe32928bd514e1733df1caff2408ed9e51607,model,cometkiwi_xxl,0.73047322
34d6689ddb6793791a6c42c53d28eb05fe46b4aa,model,cometkiwi_xxl,0.1454705
35aaddac4ed1237bb4719b307b34768af97bb3e8,model,cometkiwi_xxl,0.571028411
35ab35243032bbfa0c8fb621b9632f6a38773f4c,model,cometkiwi_xxl,0.834186256
35ff77e72777fbbca61f67449ee40be4d0730c5f,model,cometkiwi_xxl,0.97461313
369bec129786b1b8b18779e1bdc580baa48d0287,model,cometkiwi_xxl,0.97887826
36fb4923b8fa8760d6781116003ae1e0292723d5,model,cometkiwi_xxl,0.968394697
3718dbca9baf6d962091532fe2cde7c955c53286,model,cometkiwi_xxl,0.845948219
37955953c5843da679ced3bf8abce78c61a82db6,model,cometkiwi_xxl,0.566919267
37ace8d5baf5a707c875ac396f337b3a096d8b12,model,cometkiwi_xxl,0.917107522
37b9ee3b0ee3879d8ee237564669d1d0eb9b2f04,model,cometkiwi_xxl,0.851006448
3848a94bab1d4aca408fca18b70c52d1f5b1dd6f,model,cometkiwi_xxl,0.810149014
38f9868a261e01e0d5055e52845eedfacf5b9dd5,model,cometkiwi_xxl,0.95036912
394f4f3f0dd124d36d16c644eaaeb2cdbb5ab548,model,cometkiwi_xxl,0.632977426
396fb8b82371181b1645dbf78b4a0f9ae6d672a0,model,cometkiwi_xxl,0.973874211
3982c1213bf3426dd26685adcab0cb3ed3ba99d4,model,cometkiwi_xxl,0.801466703
3a243d2b19f92827757c11d930f7af75d0cc6665,model,cometkiwi_xxl,0.914102733
3b1fc2b6201dfe2a15eaaf211768ca36df6b9a3d,model,cometkiwi_xxl,0.146502107
3beabab67aef1d01f3931edd9df24b1dbfcef619,model,cometkiwi_xxl,0.461644143
3c556b5664c60296d9a4023bf6d6bdb2f16c0e62,model,cometkiwi_xxl,0.647992313
3cbdcf582ef683217e40c284439cf2f27133f025,model,cometkiwi_xxl,0.91762954
3cd2bac553c7e63f5a0735c1fb39a0e27d2a0ca3,model,cometkiwi_xxl,0.954339981
3d60c8f8feca917160d787010bbfeebc28eb493c,model,cometkiwi_xxl,0.257991076
3dce7e14c7575c7328380fe10d8017951475c34e,model,cometkiwi_xxl,0.966978192
3e6631675e700837bc55fa46d80e3e2a100b563c,model,cometkiwi_xxl,0.946388721
3ea64cfbe523de55a74835a3d1b52a3da4eaab41,model,cometkiwi_xxl,0.984296441
3f300b02121b66537e4b3bb286f1515e0e2583ef,model,cometkiwi_xxl,0.980177522
3fc124f455111cfabfe4efd53c094b70445d44db,model,cometkiwi_xxl,0.542713821
409f2a86c6d099210e24616f3cc36af0d7d6258f,model,cometkiwi_xxl,0.473164111
40a02ef708479ff3bc45e44e0648fdaf0de040ae,model,cometkiwi_xxl,0.939920485
40bd0e7275a33375f7b4974d3f5a3d798793b746,model,cometkiwi_xxl,0.970747292
40daad4fb4d1d29364dbd57f8c316c2a60b3abd0,model,cometkiwi_xxl,0.971702754
418f03b62d50bd11e374c13d7a187a593302d8e3,model,cometkiwi_xxl,0.741488576
41f1856032999b9febf9bd4cac37294d162f2ac9,model,cometkiwi_xxl,0.938834429
41f3f9f350e9632b0c0bf639227a1226bb2cfa24,model,cometkiwi_xxl,0.581114709
42b2b494aa4eddb4f9cf1dccfe872a2071d61957,model,cometkiwi_xxl,0.752698481
42e6ff768062c19525334c8b2afedd18358802b0,model,cometkiwi_xxl,0.845072329
45489be87419c5cee7973f6546c9e3941a6ae6ae,model,cometkiwi_xxl,0.949719727
456e4668eed55444340674157fb259cc4fbcc1cf,model,cometkiwi_xxl,0.242528141
45cee2dfbf73b6b98d8e8ad82b1cf5fe6ba1cc93,model,cometkiwi_xxl,0.981452703
46173ca6c5c3b099d26b548b42fcb6ade10ae09e,model,cometkiwi_xxl,0.79954505
461f5851e021d9bdfb40a7a6ea7c7d2e8c73866f,model,cometkiwi_xxl,0.939298689
467e5d44de17d7763b64d0d2e2e92b364417c433,model,cometkiwi_xxl,0.964183033
46ce62ff3412bd42c5716f561a9f6002f4555041,model,cometkiwi_xxl,0.61564368
4773e1ba7746bccde9e600ac3abb715ab61868ac,model,cometkiwi_xxl,0.722968042
4796a109e8a51aaeafb3d47785f6f9349d9910ef,model,cometkiwi_xxl,0.40837729
481ab944a05bbc7733817885d7501eae1cd56b7d,model,cometkiwi_xxl,0.723078847
4825536698b944be7ba6c68452f8512ddd6690b7,model,cometkiwi_xxl,0.569450557
482de8da34b4dae89174f010f38ee7b3c3642645,model,cometkiwi_xxl,0.884710968
484fafebc0eed98dcc4c673caa2186a05a72854c,model,cometkiwi_xxl,0.724357128
48570132c8ddb3ac3b622279671d65ea2d9d6b5c,model,cometkiwi_xxl,0.721045375
4885067ac2f066cfa990fb117b64e2b355ebc126,model,cometkiwi_xxl,0.075644352
48dadebe5e23ed35da35419dd713243b649f4777,model,cometkiwi_xxl,0.652068496
493cbfe46e6a45f74bd008c444775736f32f73ba,model,cometkiwi_xxl,0.880138397
4947d3d498ed5765c61ca92ffb9913b262024eaf,model,cometkiwi_xxl,0.904001951
4967f321a1d0f3e70d2f69858ddfd3ecc18793de,model,cometkiwi_xxl,0.93858403
496a797dee79164d5c5f3d3c775d80b8baf055ca,model,cometkiwi_xxl,0.012250295
49a8cf3160b231cfbaee06f7c2467b3e819ddcd0,model,cometkiwi_xxl,0.049419235
4a5d896ece18de4ef4bba5df48ced5ad9afcc48a,model,cometkiwi_xxl,0.115928106
4b0c4e91ae833a6480a6bc86152c27265ec2befe,model,cometkiwi_xxl,0.949705064
4b4f6f99fbb9b990af7554e2c7a7cd75e646bc92,model,cometkiwi_xxl,0.687485993
4b83d51e743734641207228b650579a69588ff7e,model,cometkiwi_xxl,0.908792496
4d9eb93aa149a88da90f6cb9a17802827702ec07,model,cometkiwi_xxl,0.363197535
4f4de3f855740a74df2ac944967e9f7d6a47c874,model,cometkiwi_xxl,0.837546527
4f7a4d7429bc6bd6912128eb52a392b915701e79,model,cometkiwi_xxl,0.787208021
4fd807b6360addbb4ce55cdf773a0dfd10aee829,model,cometkiwi_xxl,0.920973957
4fde45543cf5852c810f649ada7ed3ceda6f86f7,model,cometkiwi_xxl,0.841066837
4feb51273ee0b31101848b5b60cd0925504f8b2b,model,cometkiwi_xxl,0.283073932
4ff080df6db87d5f67c65b8d235dd665c7d618eb,model,cometkiwi_xxl,0.981771886
505c9a01450dec3b6035bdbd4e70b1c2f779480f,model,cometkiwi_xxl,0.806943059
50e22042ea676a4ed7f8bbad8f871e8be6d490e0,model,cometkiwi_xxl,0.246135041
51df3b4fab40b799a9c752b3986e239e36d37d68,model,cometkiwi_xxl,0.967458189
524eda58d4acaa66c5c406a5e4b03a180f795b79,model,cometkiwi_xxl,0.982854426
52744b81b0de7b9bcb641c126f4e588ae21f5b77,model,cometkiwi_xxl,0.9106282
52755fa969d14c9da462da7a4ab72aeddf76677b,model,cometkiwi_xxl,0.984527409
540879588e27ef1210a76a6fe68cfd3b71562376,model,cometkiwi_xxl,0.35771656
54359003d63c21718a1bb2cdffd612ed5a36665b,model,cometkiwi_xxl,0.934330404
54e535bfc9b712db9ddde27e91d4b3df6301f958,model,cometkiwi_xxl,0.952914894
552c8256981a68859261b897beba8967ba801956,model,cometkiwi_xxl,0.961338758
5530ecaa590332062e60c111c32ef1a2b58f19ce,model,cometkiwi_xxl,0.79454881
57a6d6dec8df8c877accb47a466287af33cc45d0,model,cometkiwi_xxl,0.986135662
57a8c4813084fe9fd5bb8f4a133ff67e4e3c333f,model,cometkiwi_xxl,0.76280117
5884b921b6045758e688dd8a4503bb7dedc6ced2,model,cometkiwi_xxl,0.928009689
5912721c0e8016a4306b8cf9097e1a0949e0ba72,model,cometkiwi_xxl,0.9660272
596aa72ed7f02be1f079a612aa51a71e00a345cc,model,cometkiwi_xxl,0.993625343
5973d5f07ab3995e36b54659fc111e4899d2daee,model,cometkiwi_xxl,0.617446899
59e4b34d48b33165d1f0f310a5386cdb1c780a16,model,cometkiwi_xxl,0.775610387
59e9d3c51b9f01bd82a8606d833151f5d280b1cd,model,cometkiwi_xxl,0.916325748
59ef7fed61892f3648e22a2f1367adb42232fcbf,model,cometkiwi_xxl,0.992181718
59f8c61bda6261f7b1aa80d9d0229df7df1c2186,model,cometkiwi_xxl,0.002007206
5a216c9a2e97c03d914aa46f0c991f71670e4994,model,cometkiwi_xxl,0.590501547
5a3710f12b77ffbf1b4b456d0d65dcf92ee80c7b,model,cometkiwi_xxl,0.865714729
5a410f62cf45825abe4d5b1916fce0c9f52a4fc2,model,cometkiwi_xxl,0.915223897
5a622df002584594ebe07f5f51135319f9abd314,model,cometkiwi_xxl,0.150139615
5a8f3e7918c18794699b1e70a8178a4c13b7e989,model,cometkiwi_xxl,0.933745682
5a97bd5f8c4aefe23e817891de768c7ede94729b,model,cometkiwi_xxl,0.965449452
5b69ba988b4260adf1f70454a43cda4d62249f26,model,cometkiwi_xxl,0.869794726
5bd18b45a4f7344f74342d7042d90f2d9b5e3318,model,cometkiwi_xxl,0.524074614
5bd1bbeebda925d86e6d5dcb466eb634d4671b4a,model,cometkiwi_xxl,0.955715954
5bda658268f064d07092af410c7d704295d4eb44,model,cometkiwi_xxl,0.417335689
5bf7d84c816b60b078f60257756861ec6fced931,model,cometkiwi_xxl,0.699121833
5c006b0ffbeeabbf6b3ed05cc7df5ca5d1bfd2d4,model,cometkiwi_xxl,0.98000443
5ca7d264065f2382a7566d45c563d917b5f64119,model,cometkiwi_xxl,0.926350892
5dfb39c732324e56e7fc9a8021372b436457993c,model,cometkiwi_xxl,0.957214296
5f4f7a72ff19350fda913b65aec3ab1024f39915,model,cometkiwi_xxl,0.835822403
5f6ba84fda45b37c463868fcd15b0e1ecea468d1,model,cometkiwi_xxl,0.933216274
5fed58786510ad0682b40692d488475832666b77,model,cometkiwi_xxl,0.939077497
600895147473f1c069d71f01cdd43dc7bfd5e6a1,model,cometkiwi_xxl,0.967368186
60cabe417660a4ecbc23c4bdd05fa708c774c9ff,model,cometkiwi_xxl,0.958595335
614885e3c2594757ae2ed13ddb2811a365f58ea6,model,cometkiwi_xxl,0.755782545
615cbc34a390f19b6b0b6f9f0cd9c2840fd72abe,model,cometkiwi_xxl,0.973931372
6190e519c3cc31ce568b6226cb8f5ec710fc6a75,model,cometkiwi_xxl,0.989979804
61e994abe0fa4be25267edf541b83f28f6c28c02,model,cometkiwi_xxl,0.767748713
624d25fb41f9cf4b55d04c8eb436377c3a45ce6b,model,cometkiwi_xxl,0.776154697
625860f5cec49b1291e769ce25ce945a459658dd,model,cometkiwi_xxl,0.980584443
6265e84b04bcdd0e191208e0a16324d51b19d44e,model,cometkiwi_xxl,0.929622412
627af4005c08984c5b415d1bbedbe7ab0b698a92,model,cometkiwi_xxl,0.88228935
627af443c5ade76c682f9363c7499cf370207476,model,cometkiwi_xxl,0.97884959
62d10eef6d9f72c630b79b011433419831198813,model,cometkiwi_xxl,0.942572415
62f76021b76144777ae88c378fba40313c0f161d,model,cometkiwi_xxl,0.577729642
634eced402d1526420b8d937a7d8079d2ea07b0f,model,cometkiwi_xxl,0.763600945
635dfcd33fff0c96f473dc83aa88a2e52f901800,model,cometkiwi_xxl,0.121751577
63851d693c8ea2f9cda2aa8b2a152b82eaf92624,model,cometkiwi_xxl,0.697301924
63ce72833447e73846044f9af3b0101914ef66d9,model,cometkiwi_xxl,0.888116837
63e14c466cabbaeda76b9d297b79a2c8aa606d4b,model,cometkiwi_xxl,0.946456671
6443d2eb4e2a5bf8fdd02ebd347f9ef9ef454852,model,cometkiwi_xxl,0.728179634
648a460dce478d3e2ef0ea59424e3e31dee4bbe5,model,cometkiwi_xxl,0.621627986
64fef683ead61f8abb2fea03183942b00b1b5981,model,cometkiwi_xxl,0.780470908
66017b23a574099ddad764fe7dfb1d1f758697c9,model,cometkiwi_xxl,0.632893503
66321b63b2e2eb79c91488697f05647dea7389f2,model,cometkiwi_xxl,0.951480329
667cf1052c8d71355a7e5ccaa16b5d3765a74c0b,model,cometkiwi_xxl,0.963525951
6681e076a045194d31d4b0ec3ff9bb5d0952bc5c,model,cometkiwi_xxl,0.962715447
668b6c00d39f2f3ff61628316f2270f473ac214c,model,cometkiwi_xxl,0.7249493
66b6ada4122e3030f8d14409eed4a15d7f6abef1,model,cometkiwi_xxl,0.874964654
6732d65ee083db463495f5002f1e2ed6816d401e,model,cometkiwi_xxl,0.222922727
677c09fd1cb5e165b4554158fbce27c9fc7e5692,model,cometkiwi_xxl,0.987181365
67d5029946343113c464a53c894592441395c592,model,cometkiwi_xxl,0.956310153
6807a3f03af28e8ed7dee4318280409f4b421aae,model,cometkiwi_xxl,0.050914057
687dfa8d5f02ab11cae0df93145618ef6da711cf,model,cometkiwi_xxl,0.762849033
68f16001979b161e4143c38bccfa02c80cba9b41,model,cometkiwi_xxl,0.847237647
691e22a596f631751240365c7b490de6a00e9ecb,model,cometkiwi_xxl,0.936443388
69f066d936be63ab45b8386b65f33ceb6363684d,model,cometkiwi_xxl,0.963908434
6aedc5f06f19df8c689befc6f52c8b4d9b037978,model,cometkiwi_xxl,0.805660069
6aef29ca62aa30955bb2d58932f5abf88c6bdf4e,model,cometkiwi_xxl,0.919139206
6b38335a2be98bdf7543fdfe6de5c7d9592d235a,model,cometkiwi_xxl,0.609996259
6bb8fd4fb7b23fb77e661d72ca5ee0165d78e330,model,cometkiwi_xxl,0.986751974
6bdf17a7a51de0cedba57bde46ecd6260e23d670,model,cometkiwi_xxl,0.76380986
6c003c37a4cf1198c0e4d418a43b3c9ed9deb849,model,cometkiwi_xxl,0.916101635
6c8f578e95d5f43c4f33875eab9d5093ad040693,model,cometkiwi_xxl,0.660583496
6ce0aaefa81a6268c2f528bd1799c26cc32b65b6,model,cometkiwi_xxl,0.937977493
6cfd852a2b2ad49df219ab4e1f291e072b9b5e19,model,cometkiwi_xxl,0.646227717
6d57b5d755d5d60b6e775a8a7bb8b9c69973181d,model,cometkiwi_xxl,0.981411278
6d999b0f65e5187f50c6f0b042cc0e21048c6834,model,cometkiwi_xxl,0.850028992
6dd5a74f64c233a27631332474690437d6bc376b,model,cometkiwi_xxl,0.608650267
6e1cd320f7b92c117c658a182f78c8786758af9e,model,cometkiwi_xxl,0.959244788
6e83fa175403daa642bf94db05c7fce5adbc63b3,model,cometkiwi_xxl,0.499572039
6ee9083ba928af5973cc227488d5197bdb316776,model,cometkiwi_xxl,0.884918213
6faed76ad73112b3c1e977ac3963de31759414c1,model,cometkiwi_xxl,0.963879466
7021b5bdb3906e2b71eb69f69fc3f8c013f2ca23,model,cometkiwi_xxl,0.406778276
70574301b4de22f990c04ff68a396b115330d257,model,cometkiwi_xxl,0.10231293
706d25f785135993dc3daa10b9138ed7a9b1f485,model,cometkiwi_xxl,0.782348454
70ec01d158700aa2927ad5f850889859c626410e,model,cometkiwi_xxl,0.590105355
715370cf743261d8ea19cee5296bf13ca28a47d4,model,cometkiwi_xxl,0.941919148
717e20d92fcbc0e7a400c76aa571ffbff23c7890,model,cometkiwi_xxl,0.949011505
7193ee33487b0bdc8a9cf5418dc184ef10c01505,model,cometkiwi_xxl,0.503833652
72464269d274f3c94553180494f04424aff5f6e8,model,cometkiwi_xxl,0.421841532
72b09adea2dbd65a3d99dfa431c034c14180156c,model,cometkiwi_xxl,0.915046573
7306af179b5d7b27dcea44fe5a1e9e7ce9a8e293,model,cometkiwi_xxl,0.183158308
73092c2e504c33393335ee01bfc42184765d0127,model,cometkiwi_xxl,0.073057361
73139f821cf76aa99088ae158e553b21b4ee9294,model,cometkiwi_xxl,0.952658951
7366cdda827c3c4287f12f84a8be673f638bf0ad,model,cometkiwi_xxl,0.33626774
7376e654bd15452119a191573d7993c691f722fe,model,cometkiwi_xxl,0.970724881
73920e096c5cd1cb8f72df3b044834b4d4e01c60,model,cometkiwi_xxl,0.910909593
73dd7fa8e40ea55ee181d1688566f49c95977999,model,cometkiwi_xxl,0.05218751
740813a7ec6c2c013d7fc310087710b430b7cef3,model,cometkiwi_xxl,0.913804591
7484b50767d5c76573aea11204382a0e56794f3b,model,cometkiwi_xxl,0.956288457
74af4d1a59e6b86e2ff912c49ab0e277ef16c1aa,model,cometkiwi_xxl,0.969179094
74ca3fa88f968d07c8a0ba8e1cdad0bb87ca2a76,model,cometkiwi_xxl,0.980220556
74f60d919990a51a48b0b06c9705218c18d243f3,model,cometkiwi_xxl,0.962308764
757d25c3fbf701c83ba11ef17aea33165a8a14ec,model,cometkiwi_xxl,0.982572854
759d1a60fe07bfe8399ad84f1eaa7dcdde9f96e9,model,cometkiwi_xxl,0.972086191
75f52bc727df25d8f6d140188e51d5355aa9d146,model,cometkiwi_xxl,0.954838812
76a1dcd899ce7e64ec3f43abe0655cd57f6a9af4,model,cometkiwi_xxl,0.868265271
76af39b0e2956dd2e0e3abe9bed5c8d598f96bc4,model,cometkiwi_xxl,0.76172632
76c76bb280987469d38fceee3fc9a5f775df8d7e,model,cometkiwi_xxl,0.63536644
76da88fa9eebbee40b0b6dd3e35caccde914caa0,model,cometkiwi_xxl,0.946876824
772bf159801b6e593efc34f0bd942f06598531d3,model,cometkiwi_xxl,0.860756338
77b3f250ca0b226f7fe5830a56a5896336501073,model,cometkiwi_xxl,0.956294954
77db35356118ed694bea7ea6f88f5b3906794a41,model,cometkiwi_xxl,0.62778455
77ed6564217f1668b8a9e66ad5d4f1da0adc3084,model,cometkiwi_xxl,0.899306715
786b59baccb25433ab104ebed3b6591deaf58d45,model,cometkiwi_xxl,0.957544386
78c26754943a165217dc03b8d60dd35ef25aaf31,model,cometkiwi_xxl,0.96576041
79050668ea67e5002f3981ab670c7daa3a0fad94,model,cometkiwi_xxl,0.41791603
7984573af8ba53b59e14e25b06bc3f1bffd601bc,model,cometkiwi_xxl,0.937745512
79a11817f8d4a98307e0824c80868ace5865b093,model,cometkiwi_xxl,0.36281988
7acab7af1924573bdb069d1313f75643a2b38059,model,cometkiwi_xxl,0.871030748
7acbf2fa270e2974b849b7443db161f187d81c94,model,cometkiwi_xxl,0.568149388
7b1b1199d9074b93f3a94be770f42cec03ca106c,model,cometkiwi_xxl,0.946270287
7b1dbe275c4a2c6f6e5e766d0415154d0bd2f9f2,model,cometkiwi_xxl,0.759748042
7bb2718a0fab197e0a2ef683016e7d168d2d9bf7,model,cometkiwi_xxl,0.70003891
7be27a850e3aae8e5b2c659cfe94f320c47a8913,model,cometkiwi_xxl,0.981405079
7c0612043467eaad9def4b31caf02851aadfe9a5,model,cometkiwi_xxl,0.94326061
7cadf4089358465625975004263aee218b5ef87e,model,cometkiwi_xxl,0.911944985
7cb8d092815d8cbfc8eb573959f17706eccbf795,model,cometkiwi_xxl,0.978651643
7cdeac426487a3667b732e97fc22928c93bad643,model,cometkiwi_xxl,0.788536727
7d1085dfc45ee68b3831119abded38d6b25b7bfa,model,cometkiwi_xxl,0.974605024
7d19a7d1f51c00862d47e84405e842a4282e9a5f,model,cometkiwi_xxl,0.950561464
7d7487e04e516d9b48cf77dedd9b4d72c9ad3ffd,model,cometkiwi_xxl,0.977445781
7d9408dfccf044b80481097acdd09bd7790ff82e,model,cometkiwi_xxl,0.970629573
7d99d74253cb89ed8d78affc67e0814c1b7eb210,model,cometkiwi_xxl,0.823812604
7dd00501cf7148fc5a77efe8f7dd4da42d729d1c,model,cometkiwi_xxl,0.980423212
7e2a4ff9d24e0ed97bbdaeb8d000303ade385822,model,cometkiwi_xxl,0.889780343
7e848591ddbdc6322625455ee55321ad246edf8c,model,cometkiwi_xxl,0.954323649
7ea18bbb2442c0e07a63c7955d2225700e55bff4,model,cometkiwi_xxl,0.497707665
7f1455fbc789153c3eb6d33eac5680fe635973e9,model,cometkiwi_xxl,0.140137494
7f2cbe9e70848b20a30e7fec876d676c95139aec,model,cometkiwi_xxl,0.556030631
7fcd97b629e37c71ede8ac523d4652dba5e18c13,model,cometkiwi_xxl,0.237375915
802afa81d4a2159f3a2350484efc329b8878c68d,model,cometkiwi_xxl,0.828801274
8095468049f052f02c66e2c6fea4fa88fd95c99f,model,cometkiwi_xxl,0.784703314
809b3caf29857829ef87f6162b20b95888c8934d,model,cometkiwi_xxl,0.843043983
80a3c2302f88b7d69cb268abcdff81100c5fa3a7,model,cometkiwi_xxl,0.944169641
811f3894bc8c81d2b9c0b2fd7c1307796ce0849b,model,cometkiwi_xxl,0.93124336
816ff7006d6123b54d3c0d00e475d4b9e57d1ea7,model,cometkiwi_xxl,0.728996933
817493942a7e083a1fc2e76b96596bb90a4ac586,model,cometkiwi_xxl,0.927797973
81c58f46e907b6b04fa92607d09e5df331251203,model,cometkiwi_xxl,0.785043418
81dc4934426641725fb1b1121b6cffe9a17f7c37,model,cometkiwi_xxl,0.756251633
81de55bd590f467b90074bd2aa7649af69d94c64,model,cometkiwi_xxl,0.934072673
820d4d36c296e174b9cf212f18d2058b6019b4c8,model,cometkiwi_xxl,0.078496464
82bac8ec02fdb015b7b3c833de198051b5d06608,model,cometkiwi_xxl,0.932756841
82d6235fac22f9f16c833d75201d46a4336b1ec8,model,cometkiwi_xxl,0.973348618
839dd8d0a834ba7c493f07cd9b432241588589a0,model,cometkiwi_xxl,0.606018484
83d23c6a35d7cadaa100d16ef335b02fc3b8bcb2,model,cometkiwi_xxl,0.1201718
8410d3d4b1b09f36b0de2dd82a06bb5751d26101,model,cometkiwi_xxl,0.983413577
8420ea670f16c1ae9f06766c1098dc5dfdaca16d,model,cometkiwi_xxl,0.921440542
844b89fef440970044adff493188225401199b0f,model,cometkiwi_xxl,0.948824942
847d7d0b13b47a8152f4025bf6c94134a4ab7f41,model,cometkiwi_xxl,0.499643385
84c8ea6984c09539e31c7599467956c85563c664,model,cometkiwi_xxl,0.101490818
84f372c80cf02b332895d7ac8d403b6b109340bf,model,cometkiwi_xxl,0.939913273
850f1096ba33bc861164313bf10b9c8d2d6083ed,model,cometkiwi_xxl,0.967092335
866a4169a36469bd141957d100eb9d6066fab43a,model,cometkiwi_xxl,0.80719018
8694aabe9a1aa232e06032cae723f84492b5c7c0,model,cometkiwi_xxl,0.609171271
86a494e92fcd802d0aa2d9f694bd61ede741a6fe,model,cometkiwi_xxl,0.269203246
86c40ccddd5122fbe2ff35378ee721dfb4f49a4a,model,cometkiwi_xxl,0.114868
86cef2d2351d2b4f3ef855ea8fa932677a6c24c8,model,cometkiwi_xxl,0.806009769
870511221a136dd6798b977b841c406693b527bb,model,cometkiwi_xxl,0.997642875
87322fc4317d1d57eb4b367f785d14b731262e0d,model,cometkiwi_xxl,0.970829904
879a417739f6bbdf6a6dc4103bbf2dee1c3a6df4,model,cometkiwi_xxl,0.720049918
87e0fdac10b0d4ad91fa7cd853ca85bd4919d518,model,cometkiwi_xxl,0.052402325
87e3f4b7e87ba2c03a6c3b96da49fd1b433f52b7,model,cometkiwi_xxl,0.936258137
89a86aab9a0d10df326a8e96f353e5878e76d654,model,cometkiwi_xxl,0.964063108
89ac42a7fe4439a1e1f67760708f3e94f03574dd,model,cometkiwi_xxl,0.974359572
89c4a122a8376801acefcbfbff8bc9d8840f1e16,model,cometkiwi_xxl,0.475275457
8a00ce7b4498d8ab675a5aac3df18a98329e486e,model,cometkiwi_xxl,0.521106899
8af86ee0a6a71ac2404422668bb2e0c7144e8f25,model,cometkiwi_xxl,0.980551541
8afc94ec777297fb135510ead03875f1620cd154,model,cometkiwi_xxl,0.949952483
8b383df9f61ef668700db1946986fd9b7e26d334,model,cometkiwi_xxl,0.078715406
8b70545642cdaf045d34aba9eb1b427d244be8cb,model,cometkiwi_xxl,0.040820193
8b728017fb2cd21ead1187aa79feb03c2fc42b91,model,cometkiwi_xxl,0.381549805
8bb06c2cbfe1bd099f6445ebe980755d6abcd827,model,cometkiwi_xxl,0.183067396
8c0b2bdd79e8ffa37e9465d247cc653ea502ba0b,model,cometkiwi_xxl,0.984165549
8c681f138869666c01a9c149764f0dc381a5917c,model,cometkiwi_xxl,0.809447587
8cdae10537878476fbe2b84ea51526a7a87a5762,model,cometkiwi_xxl,0.838101208
8d7a815fa6e50f38151eb57f6524c99ca7d2f9fb,model,cometkiwi_xxl,0.869441926
8d96bc4a573d9f8a43b44b650fb63e022d0a5329,model,cometkiwi_xxl,0.054137956
8d99627a9b05a6a05c84cd3afd2ee8ebbe60c1f0,model,cometkiwi_xxl,0.778866589
8db50efe8062e579537c5235524b17d60026a407,model,cometkiwi_xxl,0.841566026
8e2eb37e7a08b7446fe58d7c2a152397ee4c6769,model,cometkiwi_xxl,0.940470576
8e593973388399639eabb0c34b1556b54a26e47a,model,cometkiwi_xxl,0.622588396
8e8fd49a9734804f4334ecd15ba615eb6f317bf3,model,cometkiwi_xxl,0.96060735
8f15a19f19cb1bcaef07f89c03af33d032a9cfcc,model,cometkiwi_xxl,0.85348475
8ffad5ce01f3eca6f0ad37c61162ebdb8c06014c,model,cometkiwi_xxl,0.829799116
908aaaa922054ede9e07056680346998ae0929c6,model,cometkiwi_xxl,0.212768346
90f24c1c91e46787ba109caed736cfedb293e45c,model,cometkiwi_xxl,0.98544085
911f2f825a93e3d27aa26368ad87eb6f54dbcf69,model,cometkiwi_xxl,0.870321512
91690e37cac6efa7052d9445c964f6bc30f5d5ba,model,cometkiwi_xxl,0.97990483
91836b79076bfdad7e6629ed21b275a3fa5cd30d,model,cometkiwi_xxl,0.846274972
9237841c3325714d47158c045c9773e538fd988b,model,cometkiwi_xxl,0.817715347
92a6a1086db5b6839414653ca40d11353663cf6d,model,cometkiwi_xxl,0.975346625
92e1cdab5303143c39211c1a8a5bb78661c8c0a6,model,cometkiwi_xxl,0.40671894
9306d668079f4202c71221b741e004df6f2e444e,model,cometkiwi_xxl,0.136458784
9323c63e5368ba99fd44a58845fb914be492153f,model,cometkiwi_xxl,0.603463769
9373de2a12b3d5c1a6741d2e0355bf613fb8da97,model,cometkiwi_xxl,0.956370056
940ca96d210e50163d7f110b79c45e5c78961eff,model,cometkiwi_xxl,0.899523973
948e53aa5d684810ea565fcf5e6cddcc1116e944,model,cometkiwi_xxl,0.813438654
94cc72dce14026172816ba199a63b338a7ab48f2,model,cometkiwi_xxl,0.905465007
951938ef77dad27019a6f54b7ee55b166a35e573,model,cometkiwi_xxl,0.811939716
95c857436753bae3882f6f7e6f5a99ce0016c7d1,model,cometkiwi_xxl,0.504890263
95f97c38fffc95d8a7fb9eda04fa8548b750d1c8,model,cometkiwi_xxl,0.468549818
960c4962ae7d01a0d297467dcb6c2efc66a8b15b,model,cometkiwi_xxl,0.727790534
960d1593ec061fe57d84db73f882d00e51fa155e,model,cometkiwi_xxl,0.97189635
96173a3da68bda36f8f1009994a4e7c2f269ef20,model,cometkiwi_xxl,0.910206378
96d95c1e2af4c3568cffdc310e5e93c37d697300,model,cometkiwi_xxl,0.759049654
970b0b2d794e9642252c562ccaa6c4029fa64155,model,cometkiwi_xxl,0.80288285
9723236419333e680a0501e146d84d76f69970fb,model,cometkiwi_xxl,0.827706099
973f0b561bc13214f7932fd128eb234669d3fd49,model,cometkiwi_xxl,0.361192197
974caa22e2c86ad8ba5073a3d0530e1f870ab09f,model,cometkiwi_xxl,0.986438811
974e365b20b72ee7f0e6c6cd1f69a6fc4891e65e,model,cometkiwi_xxl,0.872262776
97b3127fac5bbd209a6b0cf1697d59c4ec72cc26,model,cometkiwi_xxl,0.957612574
9800c67c4d73bb9ca75d8d54e75154e9359fdb2a,model,cometkiwi_xxl,0.807699621
98577d9ca460fc3775ded2cbbcf239d4226027f9,model,cometkiwi_xxl,0.979141057
98b40a1aac8bdba3cd10bfc3bc5ced9881a39ca5,model,cometkiwi_xxl,0.856547236
98da4c99a9ac210ba9c4ef7e6d75e77f866bf361,model,cometkiwi_xxl,0.554287851
98f47229fe5b353fa4e4db73bb2d97d63546018f,model,cometkiwi_xxl,0.966808915
98f9f26757059772327c22c57e6a61dd635ffe36,model,cometkiwi_xxl,0.640342534
9947f32bf93c2faa909930f1f47c7572c2a9ba44,model,cometkiwi_xxl,0.814705312
9960a58f1665446ea2076633c13faf298bd4d043,model,cometkiwi_xxl,0.95217824
9982acf081bb0e92cef530eef662145da0ff5969,model,cometkiwi_xxl,0.204638779
99e3bd69c4f074cb5f1245ebb33024a42b983484,model,cometkiwi_xxl,0.737940967
9a1c480dfed61ec11c278381aa66b0bd65dac3b3,model,cometkiwi_xxl,0.315411717
9a4ce16b8d1e962f94e2a8945b6d773bd6b59d6d,model,cometkiwi_xxl,0.990649283
9a88fb66675988d4e3e53f5c4d560b406be16adc,model,cometkiwi_xxl,0.173804253
9b1300bf13adbf74106d550ced043f7c559984dc,model,cometkiwi_xxl,0.070525974
9b6ac8e19de5dac834b702afefc3e7c973e391a9,model,cometkiwi_xxl,0.879569471
9c614fe01ff0021d39492317cbbea8dd581a3b16,model,cometkiwi_xxl,0.969780982
9ccc67e37a2df75b8227904c2d88832b44550399,model,cometkiwi_xxl,0.956522882
9d343d6719b4124d3f760a4a3a879357439ff0fb,model,cometkiwi_xxl,0.110057496
9d752b5d4a1432d7553476fbd465af5ae3aa3bf4,model,cometkiwi_xxl,0.729262292
9dd983d834b37190ba0a8e993e1290b0e1351045,model,cometkiwi_xxl,0.77992779
9dec0a71790ff51afb5e71647e837d72da3fefe1,model,cometkiwi_xxl,0.971853256
9df764508baadee51374d408011836430453b867,model,cometkiwi_xxl,0.842156589
9f5b41bb78f3cfe47deaa8b2e0644b1ce9abe91a,model,cometkiwi_xxl,0.930157483
a02e47b3b09813d2c2cf744337b240ed9b5d24b2,model,cometkiwi_xxl,0.904166162
a0773bc3abfaaf905ee13f2b989d8d8e77be70b9,model,cometkiwi_xxl,0.980027318
a0791b1392d79d0b7aa5e4ce8c6a1807a1878aad,model,cometkiwi_xxl,0.976445615
a12c226d695665706c536efca6a9e9df1d050e45,model,cometkiwi_xxl,0.159080952
a19fc8e0d9463026b01e2237b418720ca3ce9b09,model,cometkiwi_xxl,0.835662961
a1b4aeefdf1feb3f16ba30dfac6ddc888fcb20d9,model,cometkiwi_xxl,0.688856184
a24445327e1e6c399fd3da56df32d59d37a32d38,model,cometkiwi_xxl,0.863398969
a25e0a034bea78f541c0b097b7c30742c92b3a74,model,cometkiwi_xxl,0.583205998
a2edb76ef8ee4a58202f0d46eb30d40baa01db5d,model,cometkiwi_xxl,0.453964651
a34fbb067cbd14cd6a31f48b71723ed4dc0826d9,model,cometkiwi_xxl,0.524952173
a3c358d94e8dcdac961fd0af1c647e5917f11b3f,model,cometkiwi_xxl,0.971956432
a3c3cf89f0cdc432c495594d8b4478cc92a28a41,model,cometkiwi_xxl,0.764642298
a3cbe57f0a37bcc1bbf4392ebd394ea2c33b8afe,model,cometkiwi_xxl,0.367152452
a41c848b7e85308a6d59d8754b98ecca5c2a496a,model,cometkiwi_xxl,0.121639885
a4621b4421747e1eeb02f3b5553bc86e958bc942,model,cometkiwi_xxl,0.882921517
a4c05056fa05c31cd188bb925bd7129a27da63c8,model,cometkiwi_xxl,0.864621043
a570791ae346cd4a655e8b9babe6b5814004490c,model,cometkiwi_xxl,0.923919797
a57b1f61060d71a65ffadf47cd9e1e6e32775a10,model,cometkiwi_xxl,0.950693548
a6193af9be59206bfff0be15c3bd68ebaaf34894,model,cometkiwi_xxl,0.979029119
a63f2ac9d9e92876cf10bcaaac9359fc5dc19928,model,cometkiwi_xxl,0.957261503
a645da4a68a739b0e75a260be225db5c657d09a0,model,cometkiwi_xxl,0.990172863
a65f271f1ab821b4b97bf7c9dc7990c01ac1903b,model,cometkiwi_xxl,0.746286333
a6d09b6180fc68829112be619074f860614d6b0e,model,cometkiwi_xxl,0.971738756
a6d3d9faa1935f106767724fc62ad990ecfdc7e7,model,cometkiwi_xxl,0.944014192
a7cdb9493bcf3398169af61bfa15d46a8d7905d7,model,cometkiwi_xxl,0.73027283
a8089d829a0eaec23b831d26142e5c6cca905a01,model,cometkiwi_xxl,0.980223835
a809ae6b2d8a9ff09956c23fdff5e4e43c547422,model,cometkiwi_xxl,0.798650801
a80d7def3493d223517c0d7d268add2eabbc79ba,model,cometkiwi_xxl,0.96039772
a85fe9311b3d8819b5b98a750664b73d9e29062d,model,cometkiwi_xxl,-0.001705731
a861081bd228a2833a033c7641331b8da4cf3f75,model,cometkiwi_xxl,0.806504071
a8b126ad58c3a9f135a99e99ff322542b936fd2c,model,cometkiwi_xxl,0.943104684
a8cd1ded47af69037096210be864861b551d70d4,model,cometkiwi_xxl,0.94857353
aa2255a0726d23a5c74a3a902444a96f6b3a9c62,model,cometkiwi_xxl,0.831297994
aaaa7aabae54e895cbf69d6c73642e9e09524b6c,model,cometkiwi_xxl,0.79430145
aad932c4541f26a3701a62311c1e5ff4b0dab646,model,cometkiwi_xxl,0.98546046
ab4cdd2ad313b18a6a2c28f35ba31fcba197438c,model,cometkiwi_xxl,0.984177113
ac728865d197f6c4df39a8e83b9a303ee6296702,model,cometkiwi_xxl,0.872093618
ad66d76049f2a8dcaf9dba95253e1c0d304b828a,model,cometkiwi_xxl,0.983735979
adee43331f7338f0c9c4a72228033be4df4dec86,model,cometkiwi_xxl,0.060231686
ae1283e151beac8b1cec137a1415bdd6421ac8ab,model,cometkiwi_xxl,0.959045529
ae2820ffc67733defb10442de981e8942ac9c923,model,cometkiwi_xxl,0.858049214
ae783a5ee74a975c46411b99e77b93beafe3ef0b,model,cometkiwi_xxl,0.878136396
af1c0eeb0a6ca8aa3d40a647071b3ed9704e27a3,model,cometkiwi_xxl,0.969684184
af2b64a603f0c7a9c27482f435417aae289ad230,model,cometkiwi_xxl,0.835771859
afdb2efa0b45fbc29e29811bc99e856c934de0ef,model,cometkiwi_xxl,0.609624565
affab9a235577c4aff1fb28bee7001c64005a0c6,model,cometkiwi_xxl,0.236199677
b0346634e17603ebbfd5375942399f28ae13d597,model,cometkiwi_xxl,0.371952385
b054601934791d5b361a33980c7a8bf65e310def,model,cometkiwi_xxl,0.203762561
b0628b995da51161a4a82bf282d4667334f5239e,model,cometkiwi_xxl,0.935241878
b07a35682f257d8dd72a3fd1ca9bfa2dc42663de,model,cometkiwi_xxl,0.947794735
b08aad1464629022ccc95ce0c4e6fc662ae1c213,model,cometkiwi_xxl,0.219501033
b0f3e51851018d2c7f8f5c7ca5b1970221eaf000,model,cometkiwi_xxl,0.3897129
b12d74a0c1efaab95de155263fc339a809eaf80e,model,cometkiwi_xxl,0.36374101
b1392c411fb26a13435222665626b30f97ca3b1b,model,cometkiwi_xxl,0.934562743
b13ab40de07bf1a3d7c898b41025edc071d45179,model,cometkiwi_xxl,0.807998419
b2464c2193c0669b93486d394f53fc52cfa27e3e,model,cometkiwi_xxl,0.086415283
b2749be01ef623373c363c94262b41639fa1a7cf,model,cometkiwi_xxl,0.309028536
b2823a6c067844eb1cd386632577de12ec55564c,model,cometkiwi_xxl,0.806174815
b28fd14764b1b3e0d41dc913bb622f7eef1d8749,model,cometkiwi_xxl,0.743126214
b2bc619dc48e669f2593bc442ff8d5a859a2e9b4,model,cometkiwi_xxl,0.506425798
b2ca5f8629a7b5fb2477fa68c53f496a42add35f,model,cometkiwi_xxl,0.975475609
b328fc73453f760f6e842e2b573eb1ec6cd04ca7,model,cometkiwi_xxl,0.401482701
b37b2b5b025c577a7480813cb5d21e5211b69375,model,cometkiwi_xxl,0.596633434
b466d36fe52b190ae7da1e2ec16246f37b027e41,model,cometkiwi_xxl,0.680254519
b4819d66284ba8ac6d3692af17b68aee61c963b9,model,cometkiwi_xxl,0.623865426
b4e9a2fafc5f41c180e374a6bc8eb563cebb1968,model,cometkiwi_xxl,0.191840619
b4eff200fd8cfd311606d53104b4607b6c48ea9b,model,cometkiwi_xxl,0.140576273
b535a47412d4f62b0aaecfce07fa3a1cf8ca03a3,model,cometkiwi_xxl,0.957227409
b5a7c7d521ccb75e1dc487863cb3d663b2f1002e,model,cometkiwi_xxl,0.953063607
b685681c665f6bb8591e6376137a0f23739b1ef5,model,cometkiwi_xxl,0.315896481
b6f68060cb80924cfe6f34153ca3ad491ec90e36,model,cometkiwi_xxl,0.944813669
b7389fe705c2940a43e07c9de22b61a2b6c7df45,model,cometkiwi_xxl,0.547625601
b7896967004f1f431498f335da96196c06eb9029,model,cometkiwi_xxl,0.730645478
b7a2d0cbdc170b6cf44a5186deb8068a3c757aeb,model,cometkiwi_xxl,0.837958395
b7b15be52847f34c3f4e89f79916b7f1eef935f7,model,cometkiwi_xxl,0.757573187
b7d093ea46ae1c7294264f7dc2a1c6c6e899a894,model,cometkiwi_xxl,0.945445895
b7ed63e3e839a47424b597fbe9afe34a02f2bff7,model,cometkiwi_xxl,0.777582765
b85c5e0dd860cced371f80ec7c3642d4d8a8dccf,model,cometkiwi_xxl,0.06117326
b87d4f00bf501f6f75d6245cd75fdc8e5399fc11,model,cometkiwi_xxl,0.713401437
b8f6dd7ae7479186d3b97065fdd405fce96b8592,model,cometkiwi_xxl,0.972106278
b900fbe14a91f99ee038809476147746529eeb7f,model,cometkiwi_xxl,0.13567552
b9bc681457faf51e41e8b6c34b473380b17f5975,model,cometkiwi_xxl,0.894503057
b9ecb675cba911185279d142ea86f1247ee2f723,model,cometkiwi_xxl,0.817682326
ba4bf54c3c4968ce6e73cb6a03348a18b8780835,model,cometkiwi_xxl,0.952253103
ba61e17ad9f813bab58a23438fa22b92d3ff4876,model,cometkiwi_xxl,0.134980142
bb58f4edebd88e642c145866d2f9b69fca840ffc,model,cometkiwi_xxl,0.182921752
bb9e4dd58a0179b8f2bf12af8cccf24efeb0ff32,model,cometkiwi_xxl,0.936932743
bc3c0ea07a77158fad82caba8a2c6cc567910e09,model,cometkiwi_xxl,0.173039347
bc515e0b2e22698ebf2d43848e13530cab176063,model,cometkiwi_xxl,0.601400912
bd84145f8d2dc4e21a48c3977bf3ea667b92e865,model,cometkiwi_xxl,0.841019988
bdef84ce6ca276a28e4c9bce00c83d02c8491066,model,cometkiwi_xxl,0.898559034
be2a0403c02699697d4ae74e9e34e6235065c47e,model,cometkiwi_xxl,0.938650668
be7a769dfff62216336f188f42d15f9536cc177f,model,cometkiwi_xxl,0.817883432
be993068ab76d232d566068fb4698e0439ab9263,model,cometkiwi_xxl,0.35735333
bea1cd7bbbe650b1f6f8af958cb8625bc9c3867b,model,cometkiwi_xxl,0.946711242
c050373c67f62d403af007d9eb5d13e0be7e7499,model,cometkiwi_xxl,0.085348614
c0c98b9e3b09f1e6802dbc745373568ccb6a6f57,model,cometkiwi_xxl,0.951654375
c0cba93840432e5476f93796ed6222493492293f,model,cometkiwi_xxl,0.983183384
c18ee24947a7223765862efb5afd70b3f59acb68,model,cometkiwi_xxl,0.902645528
c1bdaab68b357149b7f382064c6343dc439ff91a,model,cometkiwi_xxl,0.331275374
c2d2726f8d89d3f3265bbcf4ec41ae071d08bf73,model,cometkiwi_xxl,0.64101845
c2f272537b75df8c6ce6ca78d4bc2b42bdb78ea5,model,cometkiwi_xxl,0.947029769
c377eb8ff288faab7853b1f9f6b8c8013ce2711b,model,cometkiwi_xxl,0.778940976
c48d6a447849ec7c7d02502cdba0a1d960ecd4c7,model,cometkiwi_xxl,0.702424884
c526a3cd729a7f1a2ff6f6c6e1ea7112870fabf4,model,cometkiwi_xxl,0.905281126
c5c65102d7af89114b01bb1dfa3afb6f62e0b111,model,cometkiwi_xxl,0.82666415
c5fbe52d4985c864997ff32c9ff986c7685ded1b,model,cometkiwi_xxl,0.938929677
c7bdb8284c813ae6590f39a0b57adb193cec359c,model,cometkiwi_xxl,0.810970724
c7c7405ae8cb55c8d762032e0e075fe76cd4c633,model,cometkiwi_xxl,0.54322201
c83bf411fbe1f734e88266d19f7df0ebeb72477f,model,cometkiwi_xxl,0.968211651
c85634cf9e18db0e34b8a0a95f5ac377ac9554d7,model,cometkiwi_xxl,0.720269084
c8c624dbc7c3057ea6e05871ae718ca159be2e49,model,cometkiwi_xxl,0.95264262
c92eb6937fbb3ce86073e9ab2d17557e39ecbe40,model,cometkiwi_xxl,0.802534759
c9b6ef480dde0947fa96ab6d62f3b19b8dc30cb1,model,cometkiwi_xxl,0.970324576
cacb2924a25959b9569b942cadb0831cbc039e26,model,cometkiwi_xxl,0.250494301
cb61165067f6dc6051bc1309a3f0591283db4b1d,model,cometkiwi_xxl,0.080357514
cba06a1baab78294bf4dbee0b04fc9475c662e89,model,cometkiwi_xxl,0.357235461
cbafdcc72ed819a9f8b44132c97631ea033e5f15,model,cometkiwi_xxl,0.509221613
cc0b4511f2a4459bd8c219f11b7f4573f9d5fee7,model,cometkiwi_xxl,0.889387786
cc568d38c06b4101e795410a11cf0c87e2a9d7f0,model,cometkiwi_xxl,0.927568972
cdd47730cf57e31c9285c8d1d5e756b714b3a82e,model,cometkiwi_xxl,0.948135912
cdea94f40e03c73dc26c5ab792e5f6a289d60220,model,cometkiwi_xxl,0.457150996
ce2090b839d7575936982674483ee199e0b52a90,model,cometkiwi_xxl,0.869764924
cf79d4048efb70c96f8c0303e10503f01694baa5,model,cometkiwi_xxl,0.071773522
cf9571f8588a92f7298c84edabcc853471e30e2f,model,cometkiwi_xxl,0.451676905
cf9f2e0669f2afc40a602b68d10dd859a0c6bb8b,model,cometkiwi_xxl,0.900042892
cfb927e084eb7136f3268d929503f0acc457fa5b,model,cometkiwi_xxl,0.933624923
d0bf1ae7d1a372128eec87d89e7ab6428eab614d,model,cometkiwi_xxl,0.294309705
d1a1a80944090dd77baa1f3096e79d16a16bda01,model,cometkiwi_xxl,0.362721086
d1eceb6e16de9bb30ef5a1090f9639ee86694689,model,cometkiwi_xxl,0.969964385
d1f91fdddc8395c2822726c219d116ff16c65287,model,cometkiwi_xxl,0.538637757
d282b1423029bc6d61e936a527755a16d148b1f1,model,cometkiwi_xxl,0.976624429
d2a4bc97c3bdbeac499f3ede34659ded6398e23d,model,cometkiwi_xxl,0.974865079
d2bcdb9a6c5643cadd687e30e258851c1faa0d15,model,cometkiwi_xxl,0.932534039
d2f14a6a01a708fbf43d640fd24588606b9fc0a2,model,cometkiwi_xxl,0.225888222
d2fc8b027bf6addfc2ad9b55283b0ac698548233,model,cometkiwi_xxl,0.337630808
d3579217452bedd5d8363699de053edd6fbce7b0,model,cometkiwi_xxl,0.941268623
d410695f81b34108d5606efcc44a1fce25e62543,model,cometkiwi_xxl,0.849764109
d4b0d30d6a00a9fd816ab721d8725bcc4e989022,model,cometkiwi_xxl,0.423543274
d4c18139afaac813c7b85c6a3202c198d014a09f,model,cometkiwi_xxl,0.950296342
d55c3917228dd77647a06768158a39eec16aa95f,model,cometkiwi_xxl,0.138183951
d5969d7c372f4204adec13a82af90a396b86904f,model,cometkiwi_xxl,0.689572096
d6a9d7e5b14ef7e67a514bc54b9e7df595558dcb,model,cometkiwi_xxl,0.755385935
d6bbdf04aa22bf24efa358ed359ba62f3b0141fe,model,cometkiwi_xxl,0.156544864
d74f21e17df866b6f28c3775b18a6fa96908b87d,model,cometkiwi_xxl,0.969210207
d842f63bec2c05883b03b7c356e4c186b3f67343,model,cometkiwi_xxl,0.709067285
d85af8b918be81f48e044d759b1fe041ede65503,model,cometkiwi_xxl,0.790176749
d86cee21c710e9699c77a746da3eaa3fac8c790a,model,cometkiwi_xxl,0.909431696
d8f0435a650053ad13c06078b91535e19e426ff2,model,cometkiwi_xxl,0.776688397
d99899a7ae75c5168e1618350fd71c32ab0e9fe2,model,cometkiwi_xxl,0.73027581
d9b5deb24c0ce29dae61acabc49c7a5efdd2e29d,model,cometkiwi_xxl,0.961051822
dac6e8547443a16d7c7c73428c48329d88d7d65c,model,cometkiwi_xxl,0.322444886
db536e6b8fb52194e96e1ab0c303df427a250671,model,cometkiwi_xxl,0.985847533
db714b9d220b9460a013913641ebcd944cf3daf6,model,cometkiwi_xxl,0.950361907
dbe8a172b4ca9be01ea458cb204b01eac3aa681a,model,cometkiwi_xxl,0.8845945
dcb78c1ef4e5c9ac865f435705d06ba8e657f509,model,cometkiwi_xxl,0.84709686
dcc8a1270980858a1977a37b8afe87aad1099b5c,model,cometkiwi_xxl,0.794206679
dd02bbc9c837713ec897c6d1381b0120f375b6c2,model,cometkiwi_xxl,0.968492091
dd4e7ad7a086cca50c304fa48f0d63acef501b70,model,cometkiwi_xxl,0.983085334
dd52d0af5f8bdc96d7faa12b5eca364ce7638f1f,model,cometkiwi_xxl,0.944567144
dd9bbc9fb2fb299f309d9eed3250a11276975a28,model,cometkiwi_xxl,0.137172982
de3c232714dfd74bf19ef7d615dd99d18e2ea0fe,model,cometkiwi_xxl,0.798164129
df12d705e368f959fcf73a64f38e748973d5efee,model,cometkiwi_xxl,0.970554054
dfdeefe4f9fd00fe929510ac3593014d981165b3,model,cometkiwi_xxl,0.058556367
dfefa546f2d36f5750812d773aa7ecb3eed57ae4,model,cometkiwi_xxl,0.704950035
e0b0fe2005abe6b299b20e40a7f5943c6d712879,model,cometkiwi_xxl,0.206612587
e0b4c6c6c3b7cbefe21ee71ff7d6ebf1abece567,model,cometkiwi_xxl,0.890816867
e2537df5381b750f0eb6f8d0f000aa8bc434fed1,model,cometkiwi_xxl,0.919728994
e29761a2773b31f163476f680b3551ce7e4b3a33,model,cometkiwi_xxl,0.968834877
e326e7b27ad0fdc2bf43ecdf2c14ce5bc813319c,model,cometkiwi_xxl,0.670849502
e336656105574f313527ff331fa00764443ab7d8,model,cometkiwi_xxl,0.912849665
e385320dfc9a15d3d199eae7c6658dc8a3dc8cad,model,cometkiwi_xxl,0.919318855
e3b519cd1b1c7f1619ef8021f3ab48a694588c63,model,cometkiwi_xxl,0.541172266
e513b6c6fc8108ed6b8d3b7212dfc9448b234bbb,model,cometkiwi_xxl,0.668541431
e59b1434bea2180244e2c6064b3fd2f7bcc7a4d7,model,cometkiwi_xxl,0.969142497
e5f907600efedf74ecd4e16e0726e867dce24723,model,cometkiwi_xxl,0.80703932
e60566c606f65b6b313d1ed2bdf1b4a1f4aa95dc,model,cometkiwi_xxl,0.93569845
e684305a55baee99b5e26b80c078d1ff7cf3b18a,model,cometkiwi_xxl,0.82448262
e7b7b8baddfdf91ab0047c1aa6236bc382a5c8c1,model,cometkiwi_xxl,0.421016067
e7e47687ffbd8fc05ab8cfb989f31d54f8a1c8bc,model,cometkiwi_xxl,0.789847493
e8059679af667fc496a6c06f9fbf19e82fb03885,model,cometkiwi_xxl,0.832264721
e83a489459e419a0944f58e2eba82e3d0ec78807,model,cometkiwi_xxl,0.971069098
e8ba90529d46927957a57b637d7c2fcd82519f47,model,cometkiwi_xxl,0.371075958
e8d330c8e3f37ba06d21398516146db0da2f9235,model,cometkiwi_xxl,0.741538107
e8dc958a57ba075ea5b25a937aa8b33d5b69d969,model,cometkiwi_xxl,0.753059328
e9010ca4b313bd7e8604ce3049d6f5014c11c8f2,model,cometkiwi_xxl,0.956055999
ea00b901da45c5edee7d1ab2689e589b3ef42099,model,cometkiwi_xxl,0.922786176
ea0b26d045dd1c5a270959f9ab740c0f78a514b8,model,cometkiwi_xxl,0.947202742
ea433f9a1f3a7a61682fd244777b4ac4094feaad,model,cometkiwi_xxl,0.302612871
eaaf79b98cc2926c54f09ff774473831adcd19cc,model,cometkiwi_xxl,0.764935374
eadbfe241699725895d374a89f62fc58ab4bf456,model,cometkiwi_xxl,0.336588889
eadd5204f1ece5acef73a3463a1415f8d1ca7a5c,model,cometkiwi_xxl,0.827768624
eb7dccb5cce704e34cfe7dd53cda4bc6e469debe,model,cometkiwi_xxl,0.919256032
eb852247cce27c58dd0901143dedb1ac9b6bbaff,model,cometkiwi_xxl,0.837598383
ec04ac095b60d9a0b31f0b5d72a214a60f127ef7,model,cometkiwi_xxl,0.662950218
ec2a3c1ed00ff52458014d33e70c84563bb3a35c,model,cometkiwi_xxl,0.981841743
ec2e2d79982cdbf1d590b8573ec7f5c860b3264c,model,cometkiwi_xxl,0.912839353
ec9402c0f9938db26b7288b4dd99e6c5b86056f5,model,cometkiwi_xxl,0.917643845
ed5384a7dc743ee6f738c279ba62d015f5866870,model,cometkiwi_xxl,0.509051502
ee195f15da69dfa9902145e6a671ecdafae39af1,model,cometkiwi_xxl,0.930374324
ee9c49bb95a22783949484f1f2238841f9926704,model,cometkiwi_xxl,0.947003663
ee9fdf8d6f86c60dfdb9f95346351608b0d441db,model,cometkiwi_xxl,0.74843514
efb6187d8fd73fa684008ac36d2107ad86a118fe,model,cometkiwi_xxl,0.992695391
f031ff9962d32ad3778cb9bd13321ad4dda93ec9,model,cometkiwi_xxl,0.979036152
f0ee30fe144a887631635f81dd3d60ffa3acccf3,model,cometkiwi_xxl,0.855552733
f1bc17903487dcf17324c24f87f24d46a0849cf2,model,cometkiwi_xxl,0.966059327
f244a3c2792722b06ee82f84ed595ad4ccef0918,model,cometkiwi_xxl,0.968195438
f2495270b5001f07a43db9f8880dd5d61e517350,model,cometkiwi_xxl,0.94061476
f2dfcf0bcf9577e02e09998eed771caf82f962e9,model,cometkiwi_xxl,0.824985921
f32027460d1bc7e18f5257e1a0be16f93f4a43be,model,cometkiwi_xxl,0.913955688
f34cc01a5bb417cd41ac8a566b15b440c38f4a61,model,cometkiwi_xxl,0.921091795
f4966fb881ad0befdbe18815ad439cd1aee6da10,model,cometkiwi_xxl,0.275173485
f52284394545299528da755e96295f6d9123764a,model,cometkiwi_xxl,0.967964351
f563f460c2d7abaa71b58167dd58790399415e66,model,cometkiwi_xxl,0.568220854
f5a0a53aba630dcbc03b4b3d7c1c8dfc95e4a4ae,model,cometkiwi_xxl,0.974783123
f5b6f04b513d4998875f47112e4b4146a8d09f4c,model,cometkiwi_xxl,0.240750313
f611b65f3d26583a03fd0fddd19239b6a743ce05,model,cometkiwi_xxl,0.984715939
f6391f6f406d73bf364b2d38567a50d20f2f50ea,model,cometkiwi_xxl,0.972655118
f67e18dfbd86e80c8b68c56465b17d85e3b483ff,model,cometkiwi_xxl,0.824794948
f6db262f97dab612d25e1f12831a8d4ba5373750,model,cometkiwi_xxl,0.165377706
f784304e48ff216814f401ba80f689d3fb93aa6c,model,cometkiwi_xxl,0.949099422
f82200c45eb94b387ec5a8710621d0e55d73acb6,model,cometkiwi_xxl,0.605059206
f88201cfcc88dd35915e861dacc956f6f98d05d0,model,cometkiwi_xxl,0.587786555
f898f8c1704e5bddad7d0463972c9f7eafbdc72c,model,cometkiwi_xxl,0.424692631
f8ef1514d27eebd8eeb59122f81ac8c40dec459b,model,cometkiwi_xxl,0.969924986
f8fe21d130448550da5240e4f3749cdf641e163e,model,cometkiwi_xxl,0.734424114
f9df89a8fe8fa0bb2812a2b268982c77ddb7302d,model,cometkiwi_xxl,0.937450528
f9fd5c3bafb7f28cd5cfff93a739649f8ee25b45,model,cometkiwi_xxl,0.795205235
fa155140bbc4c8c63b1295d2b7f1419303a906d1,model,cometkiwi_xxl,0.061574541
fa35784041a884070789d30fd365d61920ab6ea9,model,cometkiwi_xxl,0.929649055
fa45a133d7b96d30382960a8ec498ffaa500dc9b,model,cometkiwi_xxl,0.068875417
fa5ff1fe2774dcb101a8dd35bbca2669951b4365,model,cometkiwi_xxl,0.541062057
fa889e2afe648e07006fea8dacb7e359190043e7,model,cometkiwi_xxl,0.986403227
fab4c1d710aa379521f9b11c53c233d44cb30723,model,cometkiwi_xxl,0.888771832
fab8f611c4ad7e5facbc10e7b90f9e692cdeddfb,model,cometkiwi_xxl,0.933376372
fad5d3576790aa0e8beb8cb5daef2ec3947fa6d6,model,cometkiwi_xxl,0.886251271
fb6c74d9f1918fc0bebbd037cdd8a07789bb7120,model,cometkiwi_xxl,0.886668324
fbbd580602218a463be1f46ed6289efb068ae9f2,model,cometkiwi_xxl,0.975653052
fbd60ec3ead4fe409592a8ea3c015a03c59ccdf2,model,cometkiwi_xxl,0.954948843
fc42552f9cbc816633c415489da599b302ba3c9d,model,cometkiwi_xxl,0.812210679
fc60284ccc5bd521870f32320160eb4a66cbfd4f,model,cometkiwi_xxl,0.750287831
fc6722ec83328e86f69a0f4bb62401300de331f2,model,cometkiwi_xxl,0.456246406
fccf1f847f5c34540cfed79490371931d6825ff2,model,cometkiwi_xxl,0.117263794
fcf5aacf160763fcd3b278dfede20741ae4713e8,model,cometkiwi_xxl,0.176217407
fd1486556d90d86d331b4fc4b80a383668e437c9,model,cometkiwi_xxl,0.972476184
fd3a0bea93434f6d9697778652786cd325456be5,model,cometkiwi_xxl,0.571460783
fd402cf9179547abfc797792200004d282ad9586,model,cometkiwi_xxl,0.968557417
fe1174924fd24ca2eb188220d9144f0c29223e5b,model,cometkiwi_xxl,0.862373471
fe25bcd030f426e30e428fb7ad3057a2d15d6168,model,cometkiwi_xxl,0.894020379
fe335617af357b4a31bba8b91b7c74f038d541d0,model,cometkiwi_xxl,0.879687965
fea474e76fdb59c1c33c9b90a942ea6bddebd48c,model,cometkiwi_xxl,0.525829017
ff4faae044cc1038409d8cab5eaec7983906a4db,model,cometkiwi_xxl,0.891573131
ff9bcbd0cebacfd79edd3f378adb7201b45a8328,model,cometkiwi_xxl,0.986896098
ff9f264908c223aa3b2676195c45beb64d4a559a,model,cometkiwi_xxl,0.969902396
ffb7abe9267e1c44588166d3ca3c7bc9ea876502,model,cometkiwi_xxl,0.306994885
006d9c4f67a65d9967fada5a33a7bee388e778ea,model,cometkiwi_xl,0.58722508
00abec85374a10ea0f0733fc6ed83b63406705ac,model,cometkiwi_xl,0.916153193
00d3e801d792ad63738f2bf5f115c2b6f6f72713,model,cometkiwi_xl,0.396200359
014908466f9b88ef920f5a337b41691d42fdd7ee,model,cometkiwi_xl,0.846193373
01a7e25c1b70aaf55be540de83462dc4ebfd90ce,model,cometkiwi_xl,0.668379545
025220a191cd00746e235024098587096722ec86,model,cometkiwi_xl,0.900251508
026a87203f9560006280d25991d7369845fd668b,model,cometkiwi_xl,0.49958384
02702a4c04e3923f7300523b42d2171d6e82d01c,model,cometkiwi_xl,0.673716068
02827f62db47315bf16b5144d7a1020d62bd80b3,model,cometkiwi_xl,0.787688851
028285cd8ea3650c692b577128e5695bc695f65f,model,cometkiwi_xl,0.752743602
0393f3d66e7f9459d0da23879d922857ab89f873,model,cometkiwi_xl,0.762294888
03a86e325a4de9a461692f63214e93dd80e5815a,model,cometkiwi_xl,0.298569441
03b5ffcdc1cb1dec54913773c14448b5bf978215,model,cometkiwi_xl,0.84083426
0458ad4dfbde833d00f379bb93fffdae2e43067a,model,cometkiwi_xl,0.591406345
0586c348039debf5d3cfe1ebfa23a7710b7f417f,model,cometkiwi_xl,0.822929978
05ac137df4953aa61d8c54f20ee5868e468719ac,model,cometkiwi_xl,0.411171734
060579c748deb692d1ff2fbd638d70074627f27f,model,cometkiwi_xl,0.838695228
064f1c01742a7177ac067aed943880e979fe327e,model,cometkiwi_xl,0.758369982
0682924fcecc79694dd556e943e50f5e197de52f,model,cometkiwi_xl,0.284354806
068de6672b6e8811504da07ee73782171f09c778,model,cometkiwi_xl,0.860886693
06aee728284a6f06a776848b0e14022ab7bffd85,model,cometkiwi_xl,0.690973163
06e4e1392574db07353b1ac6e16970dc01196b33,model,cometkiwi_xl,0.051549353
06fbe09c6be14d4aa2d8ac2e2bb6462bc578aba6,model,cometkiwi_xl,0.771639109
0746ebc49d7a634888072e852c5e4fc28dd62b84,model,cometkiwi_xl,0.62339288
0788ddede6418749303137efa2046f012b83ac99,model,cometkiwi_xl,0.42252171
07d0763ce73e651b06156a36f39611c25c711610,model,cometkiwi_xl,0.566288114
0897fb5380bb620907ddc7917fdc86552f1875ae,model,cometkiwi_xl,0.891007423
08bbb49cd73c56f1befd84a3e78f42929423172f,model,cometkiwi_xl,0.818675339
09a09abf254bebadf0414cdec09295097efd0a8e,model,cometkiwi_xl,0.865775526
0a6bc2d06b3b45ad171710b3ae74518cc1d1d420,model,cometkiwi_xl,0.305523276
0b0b4a5693ee14b3e726bc82460a764849bc63b7,model,cometkiwi_xl,0.794116855
0b0dc91d76fb30e6accb8b5ad8725da615ad5b88,model,cometkiwi_xl,0.813136578
0b83b9bb4a1d2aff77260d5e639be61729acb671,model,cometkiwi_xl,0.368825018
0bf76c191f72ef7f084d2d9b836ad4e6246b740b,model,cometkiwi_xl,0.590756059
0c19f87314fd7b1a58a2d0a47e81f98cac2771b4,model,cometkiwi_xl,0.770691395
0c1b48e8b403d48f171995b5ff9a9a3817ba6249,model,cometkiwi_xl,0.709874034
0c3f576c119b1301a995d1d0fc316277d026cbbb,model,cometkiwi_xl,0.372071773
0c6bd822bf1e4a41f46fe8028ac548048f4d8185,model,cometkiwi_xl,0.857550859
0ca3955c0c3b0b1306698a9008c1cedf1c213bb3,model,cometkiwi_xl,0.88547641
0ce2ddff9d39d5b73f8f27cd027d1c48a55ac509,model,cometkiwi_xl,0.713020504
0ce9fad1f1659b9c610c789b48b454167c70b3a0,model,cometkiwi_xl,0.753118277
0d5f33e21768ee8cfad43f24e3c3feb93e59995a,model,cometkiwi_xl,0.821258783
0d747bbc3c6dd43581116a2d2c874227cfadc466,model,cometkiwi_xl,0.852756679
0e024aa9a3966aa08067505120a4aa4c81b274af,model,cometkiwi_xl,0.125370264
0e6a99c6b6157eedb77ba651a3e7558cc17c6e1a,model,cometkiwi_xl,0.879513443
0eb4dac1005758d358f9bedb9f05e6ff90608f2b,model,cometkiwi_xl,0.64667654
0f5779e054b19d688b1e693fe3af0c2c9b386ba4,model,cometkiwi_xl,0.632653117
10db625af733fd61b42bd98ffaffb7a2b5eeb400,model,cometkiwi_xl,0.816851377
114b9e1ce5b5fb52d0d03cddef42f6a036bf5929,model,cometkiwi_xl,0.520423412
114e6f0b468637736b5f15fafa80fc6922898c4c,model,cometkiwi_xl,0.750265479
11eb3063228a052bedb7db6f24d08df0a3f04ba9,model,cometkiwi_xl,0.488128841
11fe7d1a450dfc61f64de8b4c3d75b1dacd08e21,model,cometkiwi_xl,0.887114167
129e11df90b0ad148cc98c909bad37be51ab236e,model,cometkiwi_xl,0.86753273
12ac89c1b3f37c564bb8ebaedb3e82557c997767,model,cometkiwi_xl,0.757033408
13a6fa0a4a0dffa8dbf29f6a82764e4a65bb9988,model,cometkiwi_xl,0.28549245
1465894633f14090f27598b853f27396bee53f31,model,cometkiwi_xl,0.281986088
14b3802353782424bf1b2b45d174eb8bc61b4f41,model,cometkiwi_xl,0.578071952
14f3741f0bc1225948dcf2b94759dc543243b2fb,model,cometkiwi_xl,0.830634713
15a8faa5126ffdd9a48a85510118a94ed95bdd32,model,cometkiwi_xl,0.693518758
163f6630cd1f55d1416f2892030e72ba8e6636e6,model,cometkiwi_xl,0.834553838
16a765535de47bf3b13ee7a9521c3e4d4bdcd7c6,model,cometkiwi_xl,0.058654517
16acceed38021bcff1d518c48c0ed2cfeef30aef,model,cometkiwi_xl,0.845265746
178fa37efafd58164a2f8e8ee860b580e6bcf7b3,model,cometkiwi_xl,0.37649399
17fd4e47355b9916471304b0582b9069a4bbd920,model,cometkiwi_xl,0.497569442
18169ccf5f408192f1adab97e8b208103b046064,model,cometkiwi_xl,0.433935463
184ba6f68a9c465352b3c635da0b3ad6b5112861,model,cometkiwi_xl,0.816736102
185438f65fc3d29e1dc92041b659cf8d8981ab85,model,cometkiwi_xl,0.686714053
18cacfa79016389fde0afd28f2b03d60f2907ff3,model,cometkiwi_xl,0.08315181
18fbe6e2cb0081293f50aede1a33b6891c8c4832,model,cometkiwi_xl,0.394135952
19b74e815da3a183dca72fcbb579ee0ebbacf46c,model,cometkiwi_xl,0.807976127
1a562a389efa0abaa01741fcb3f4db953d8606b9,model,cometkiwi_xl,0.586563945
1abab6bc5ddf68a730eabd9f5f6f85658fc53b94,model,cometkiwi_xl,0.833065689
1c2886437147b98082b6d622f464a5ad12424c32,model,cometkiwi_xl,0.761148453
1ce15556a6ecd32e85dba5bb36dde4d76e1c5051,model,cometkiwi_xl,0.691272497
1d1f9f47ab31a71e1727b6f109cf9b7cc33f626c,model,cometkiwi_xl,0.394345224
1db3ca67955ba3523a1bc897aca84927657831c2,model,cometkiwi_xl,0.397073388
1e18aa2502288f644f8ae414b02138929b6561e2,model,cometkiwi_xl,0.788487375
1f302d3672cbabea5a46c02c6fd156c344891270,model,cometkiwi_xl,0.546578526
202c412f9755b74a78ee5cf92fd091ed1ab06b31,model,cometkiwi_xl,0.567106962
20af7bb6971f087b4f24782699aa158f0187514a,model,cometkiwi_xl,0.388786495
20dce25879d07fc86300f9dfd1d44c08f9778dd6,model,cometkiwi_xl,0.751310349
20f004b98f2a09152440a7d75b03d66ae45bdd60,model,cometkiwi_xl,0.028969228
2127a9b574f5235d17c4e72abadcda893aeef03e,model,cometkiwi_xl,0.817136884
21b213fcbda7666d29ba385cf4aaf9978767875e,model,cometkiwi_xl,0.489909291
21b2c104690957655266bda53f61fe245c799e90,model,cometkiwi_xl,0.482210219
21e7d94f86772b7d82e1dea493686e89c6cc1800,model,cometkiwi_xl,0.726618648
21e8ed2d9a1562951d380cb25954615e29f7fec5,model,cometkiwi_xl,0.825441301
225550de116d9d610b299bea4495606fd83a1b8e,model,cometkiwi_xl,0.733093262
228277422277072584081acbfda85b2628830855,model,cometkiwi_xl,0.639313102
2313b3a64feeb241357ad91bcd106fc99cdc5ee9,model,cometkiwi_xl,0.827720761
234a86a6e06755fa59fa48587df22a9215e1035f,model,cometkiwi_xl,0.912344873
246893396c4b46e9c2d82669a2fbaee53d35417a,model,cometkiwi_xl,0.820518494
250d946079755b475b829caf89be1058f08705af,model,cometkiwi_xl,0.860672951
2546339b78912e70d022c92e795d81cf2b2dbdf4,model,cometkiwi_xl,0.81411016
2578e1942d0781637126efbb80d6dd19c624cd65,model,cometkiwi_xl,0.80454576
257cd4572e0c4d111f954c54371f5eb912ba2c0c,model,cometkiwi_xl,0.709290206
2618665100be076ad2a4bf4729218161d5e68775,model,cometkiwi_xl,0.828977227
26e9aa666ef48b9084d39a6ef8ebce19aaa49e3d,model,cometkiwi_xl,0.716412723
2722efee8b411f4470bd56639fbf1b3d6b464ed7,model,cometkiwi_xl,0.833113372
283d585eb424d9034c4db6c3097593e815d7e9aa,model,cometkiwi_xl,0.875537276
28b55c31554a5d612f56c017f2ec7f779529dd79,model,cometkiwi_xl,0.753143966
28fa659fe0e8c092af37b3d50bedb16543b94ed9,model,cometkiwi_xl,0.838010728
29be16c72d697002ad208c30bcbd1ee58a96f94a,model,cometkiwi_xl,0.503669739
2a578b5d52de4ec9182884a99787ef3e881e5d12,model,cometkiwi_xl,0.768327236
2aaf935f3d8bd47cdac4bc5ed082bafe494eaa33,model,cometkiwi_xl,0.385710567
2af92ba457bcf166cd9f1bad78f0a04782f2978f,model,cometkiwi_xl,0.715200603
2b0add218d00588b03b8d293aef1d11c64c642a6,model,cometkiwi_xl,0.868749022
2b596bf42bf0a16b057c3f0500c5e3ae4b90dd20,model,cometkiwi_xl,0.705605149
2be84ad895540667b4cfafae9051e74003c4dc32,model,cometkiwi_xl,0.860718668
2c54683a48b1d8cd125f8e8bfe9830841296e227,model,cometkiwi_xl,0.726902604
2c72574904aedcfa4fadf3fe4a186a146243e4fb,model,cometkiwi_xl,0.856613696
2d67968ec039d92321bb0dd45edf5e40283422c8,model,cometkiwi_xl,0.800724328
2dcacf10c6f6c733ec2a15228a0e36404c4751a4,model,cometkiwi_xl,0.365277708
2e0aea39405bc544f7a26bac4e6104732dc77b99,model,cometkiwi_xl,0.127419621
2e88c7d4f4730bfc06aff96e72bee74bfeee26ad,model,cometkiwi_xl,0.81711179
2fbb1126373ab74cee5fe2add94a1cb1e753c326,model,cometkiwi_xl,0.863270283
30097b1c6753307a317d856c3a00d793be1be0f0,model,cometkiwi_xl,0.884712815
30201c2be158b57c386767db8ac8b74dca3dfb8e,model,cometkiwi_xl,0.652120471
30965949e51d26353c9314c48f44f2f95c2ed265,model,cometkiwi_xl,0.831962943
30e11c6fb100b0dc05637a45042ef61cbbb8e04f,model,cometkiwi_xl,0.566112936
31109b5541f9ee8ea771e3c12833050efa9f8c9e,model,cometkiwi_xl,0.796655059
3127ff82ab8c81ccf8abcb87c45e08822d51e8c9,model,cometkiwi_xl,0.775001884
315a03bc6901df26611cea14c4d14f21dc3f4c0e,model,cometkiwi_xl,0.342385411
319dadd2e601cc6543ab9eb9d546ffa0a29c421d,model,cometkiwi_xl,0.864085436
31d66cc56000c37288bac1958271df27fa104c88,model,cometkiwi_xl,0.771412015
32015317f880f41cfa2805e39f5425aaa55100e6,model,cometkiwi_xl,0.636223674
321be8964f0cb22b988d015b6327200fc0336ff5,model,cometkiwi_xl,0.863200068
3227f40af459a36c826a4cddeb69527879ab9035,model,cometkiwi_xl,0.825922608
32371a0d21926a6332c579cba56c4f2c442f83b7,model,cometkiwi_xl,0.839505792
3277d89fd4d722b13500775d32130eda8570883f,model,cometkiwi_xl,0.936005175
33248398de2a6d36fcad0a2087278935677f5430,model,cometkiwi_xl,0.647124052
333b3a84c35ff52f6ec3f3e6a9ce6ff8c609cfee,model,cometkiwi_xl,0.455307722
33bc94ed3fab63832bcfe17543e87ffd0aaec99b,model,cometkiwi_xl,0.36340341
33f9b845de65356a3b519fbad87ff62a27a4bd27,model,cometkiwi_xl,0.685194492
34cbe32928bd514e1733df1caff2408ed9e51607,model,cometkiwi_xl,0.748090327
34d6689ddb6793791a6c42c53d28eb05fe46b4aa,model,cometkiwi_xl,0.471260011
35aaddac4ed1237bb4719b307b34768af97bb3e8,model,cometkiwi_xl,0.533950567
35ab35243032bbfa0c8fb621b9632f6a38773f4c,model,cometkiwi_xl,0.751220703
35ff77e72777fbbca61f67449ee40be4d0730c5f,model,cometkiwi_xl,0.848038316
369bec129786b1b8b18779e1bdc580baa48d0287,model,cometkiwi_xl,0.8561759
36fb4923b8fa8760d6781116003ae1e0292723d5,model,cometkiwi_xl,0.700849533
3718dbca9baf6d962091532fe2cde7c955c53286,model,cometkiwi_xl,0.811167538
37955953c5843da679ced3bf8abce78c61a82db6,model,cometkiwi_xl,0.750362575
37ace8d5baf5a707c875ac396f337b3a096d8b12,model,cometkiwi_xl,0.772510767
37b9ee3b0ee3879d8ee237564669d1d0eb9b2f04,model,cometkiwi_xl,0.710733294
3848a94bab1d4aca408fca18b70c52d1f5b1dd6f,model,cometkiwi_xl,0.70242399
38f9868a261e01e0d5055e52845eedfacf5b9dd5,model,cometkiwi_xl,0.818916857
394f4f3f0dd124d36d16c644eaaeb2cdbb5ab548,model,cometkiwi_xl,0.458082676
396fb8b82371181b1645dbf78b4a0f9ae6d672a0,model,cometkiwi_xl,0.834119678
3982c1213bf3426dd26685adcab0cb3ed3ba99d4,model,cometkiwi_xl,0.659007788
3a243d2b19f92827757c11d930f7af75d0cc6665,model,cometkiwi_xl,0.759056449
3b1fc2b6201dfe2a15eaaf211768ca36df6b9a3d,model,cometkiwi_xl,0.371558487
3beabab67aef1d01f3931edd9df24b1dbfcef619,model,cometkiwi_xl,0.609607756
3c556b5664c60296d9a4023bf6d6bdb2f16c0e62,model,cometkiwi_xl,0.45511955
3cbdcf582ef683217e40c284439cf2f27133f025,model,cometkiwi_xl,0.749146104
3cd2bac553c7e63f5a0735c1fb39a0e27d2a0ca3,model,cometkiwi_xl,0.841757953
3d60c8f8feca917160d787010bbfeebc28eb493c,model,cometkiwi_xl,0.44496572
3dce7e14c7575c7328380fe10d8017951475c34e,model,cometkiwi_xl,0.896701932
3e6631675e700837bc55fa46d80e3e2a100b563c,model,cometkiwi_xl,0.839276016
3ea64cfbe523de55a74835a3d1b52a3da4eaab41,model,cometkiwi_xl,0.864269555
3f300b02121b66537e4b3bb286f1515e0e2583ef,model,cometkiwi_xl,0.876769185
3fc124f455111cfabfe4efd53c094b70445d44db,model,cometkiwi_xl,0.447125077
409f2a86c6d099210e24616f3cc36af0d7d6258f,model,cometkiwi_xl,0.423248947
40a02ef708479ff3bc45e44e0648fdaf0de040ae,model,cometkiwi_xl,0.787562251
40bd0e7275a33375f7b4974d3f5a3d798793b746,model,cometkiwi_xl,0.833041787
40daad4fb4d1d29364dbd57f8c316c2a60b3abd0,model,cometkiwi_xl,0.827478528
418f03b62d50bd11e374c13d7a187a593302d8e3,model,cometkiwi_xl,0.652173817
41f1856032999b9febf9bd4cac37294d162f2ac9,model,cometkiwi_xl,0.732733786
41f3f9f350e9632b0c0bf639227a1226bb2cfa24,model,cometkiwi_xl,0.827071726
42b2b494aa4eddb4f9cf1dccfe872a2071d61957,model,cometkiwi_xl,0.621162117
42e6ff768062c19525334c8b2afedd18358802b0,model,cometkiwi_xl,0.816933453
45489be87419c5cee7973f6546c9e3941a6ae6ae,model,cometkiwi_xl,0.860586226
456e4668eed55444340674157fb259cc4fbcc1cf,model,cometkiwi_xl,0.604527175
45cee2dfbf73b6b98d8e8ad82b1cf5fe6ba1cc93,model,cometkiwi_xl,0.848243356
46173ca6c5c3b099d26b548b42fcb6ade10ae09e,model,cometkiwi_xl,0.690140784
461f5851e021d9bdfb40a7a6ea7c7d2e8c73866f,model,cometkiwi_xl,0.635463774
467e5d44de17d7763b64d0d2e2e92b364417c433,model,cometkiwi_xl,0.833376527
46ce62ff3412bd42c5716f561a9f6002f4555041,model,cometkiwi_xl,0.539515913
4773e1ba7746bccde9e600ac3abb715ab61868ac,model,cometkiwi_xl,0.650224745
4796a109e8a51aaeafb3d47785f6f9349d9910ef,model,cometkiwi_xl,0.378705531
481ab944a05bbc7733817885d7501eae1cd56b7d,model,cometkiwi_xl,0.773265123
4825536698b944be7ba6c68452f8512ddd6690b7,model,cometkiwi_xl,0.469436586
482de8da34b4dae89174f010f38ee7b3c3642645,model,cometkiwi_xl,0.69794631
484fafebc0eed98dcc4c673caa2186a05a72854c,model,cometkiwi_xl,0.680351853
48570132c8ddb3ac3b622279671d65ea2d9d6b5c,model,cometkiwi_xl,0.602037072
4885067ac2f066cfa990fb117b64e2b355ebc126,model,cometkiwi_xl,0.169011086
48dadebe5e23ed35da35419dd713243b649f4777,model,cometkiwi_xl,0.718724608
493cbfe46e6a45f74bd008c444775736f32f73ba,model,cometkiwi_xl,0.813722968
4947d3d498ed5765c61ca92ffb9913b262024eaf,model,cometkiwi_xl,0.790903926
4967f321a1d0f3e70d2f69858ddfd3ecc18793de,model,cometkiwi_xl,0.833594203
496a797dee79164d5c5f3d3c775d80b8baf055ca,model,cometkiwi_xl,0.15920496
49a8cf3160b231cfbaee06f7c2467b3e819ddcd0,model,cometkiwi_xl,0.040090822
4a5d896ece18de4ef4bba5df48ced5ad9afcc48a,model,cometkiwi_xl,0.147332579
4b0c4e91ae833a6480a6bc86152c27265ec2befe,model,cometkiwi_xl,0.81543231
4b4f6f99fbb9b990af7554e2c7a7cd75e646bc92,model,cometkiwi_xl,0.681144595
4b83d51e743734641207228b650579a69588ff7e,model,cometkiwi_xl,0.799195409
4d9eb93aa149a88da90f6cb9a17802827702ec07,model,cometkiwi_xl,0.337576032
4f4de3f855740a74df2ac944967e9f7d6a47c874,model,cometkiwi_xl,0.818829715
4f7a4d7429bc6bd6912128eb52a392b915701e79,model,cometkiwi_xl,0.751951635
4fd807b6360addbb4ce55cdf773a0dfd10aee829,model,cometkiwi_xl,0.821570754
4fde45543cf5852c810f649ada7ed3ceda6f86f7,model,cometkiwi_xl,0.825077653
4feb51273ee0b31101848b5b60cd0925504f8b2b,model,cometkiwi_xl,0.837439418
4ff080df6db87d5f67c65b8d235dd665c7d618eb,model,cometkiwi_xl,0.871718764
505c9a01450dec3b6035bdbd4e70b1c2f779480f,model,cometkiwi_xl,0.763368964
50e22042ea676a4ed7f8bbad8f871e8be6d490e0,model,cometkiwi_xl,0.339891702
51df3b4fab40b799a9c752b3986e239e36d37d68,model,cometkiwi_xl,0.860860586
524eda58d4acaa66c5c406a5e4b03a180f795b79,model,cometkiwi_xl,0.883715153
52744b81b0de7b9bcb641c126f4e588ae21f5b77,model,cometkiwi_xl,0.783090234
52755fa969d14c9da462da7a4ab72aeddf76677b,model,cometkiwi_xl,0.863863111
540879588e27ef1210a76a6fe68cfd3b71562376,model,cometkiwi_xl,0.483852357
54359003d63c21718a1bb2cdffd612ed5a36665b,model,cometkiwi_xl,0.899115622
54e535bfc9b712db9ddde27e91d4b3df6301f958,model,cometkiwi_xl,0.802185893
552c8256981a68859261b897beba8967ba801956,model,cometkiwi_xl,0.809947848
5530ecaa590332062e60c111c32ef1a2b58f19ce,model,cometkiwi_xl,0.808565915
57a6d6dec8df8c877accb47a466287af33cc45d0,model,cometkiwi_xl,0.902957439
57a8c4813084fe9fd5bb8f4a133ff67e4e3c333f,model,cometkiwi_xl,0.841738105
5884b921b6045758e688dd8a4503bb7dedc6ced2,model,cometkiwi_xl,0.717611313
5912721c0e8016a4306b8cf9097e1a0949e0ba72,model,cometkiwi_xl,0.810846806
596aa72ed7f02be1f079a612aa51a71e00a345cc,model,cometkiwi_xl,0.846541107
5973d5f07ab3995e36b54659fc111e4899d2daee,model,cometkiwi_xl,0.643338859
59e4b34d48b33165d1f0f310a5386cdb1c780a16,model,cometkiwi_xl,0.808600366
59e9d3c51b9f01bd82a8606d833151f5d280b1cd,model,cometkiwi_xl,0.79261148
59ef7fed61892f3648e22a2f1367adb42232fcbf,model,cometkiwi_xl,0.884163737
59f8c61bda6261f7b1aa80d9d0229df7df1c2186,model,cometkiwi_xl,0.09232036
5a216c9a2e97c03d914aa46f0c991f71670e4994,model,cometkiwi_xl,0.626376152
5a3710f12b77ffbf1b4b456d0d65dcf92ee80c7b,model,cometkiwi_xl,0.782353282
5a410f62cf45825abe4d5b1916fce0c9f52a4fc2,model,cometkiwi_xl,0.783991456
5a622df002584594ebe07f5f51135319f9abd314,model,cometkiwi_xl,0.182154894
5a8f3e7918c18794699b1e70a8178a4c13b7e989,model,cometkiwi_xl,0.769676685
5a97bd5f8c4aefe23e817891de768c7ede94729b,model,cometkiwi_xl,0.855202913
5b69ba988b4260adf1f70454a43cda4d62249f26,model,cometkiwi_xl,0.805359244
5bd18b45a4f7344f74342d7042d90f2d9b5e3318,model,cometkiwi_xl,0.400573969
5bd1bbeebda925d86e6d5dcb466eb634d4671b4a,model,cometkiwi_xl,0.797363579
5bda658268f064d07092af410c7d704295d4eb44,model,cometkiwi_xl,0.752047956
5bf7d84c816b60b078f60257756861ec6fced931,model,cometkiwi_xl,0.745525002
5c006b0ffbeeabbf6b3ed05cc7df5ca5d1bfd2d4,model,cometkiwi_xl,0.840241075
5ca7d264065f2382a7566d45c563d917b5f64119,model,cometkiwi_xl,0.881723285
5dfb39c732324e56e7fc9a8021372b436457993c,model,cometkiwi_xl,0.864605725
5f4f7a72ff19350fda913b65aec3ab1024f39915,model,cometkiwi_xl,0.662248194
5f6ba84fda45b37c463868fcd15b0e1ecea468d1,model,cometkiwi_xl,0.834644675
5fed58786510ad0682b40692d488475832666b77,model,cometkiwi_xl,0.834783375
600895147473f1c069d71f01cdd43dc7bfd5e6a1,model,cometkiwi_xl,0.823744178
60cabe417660a4ecbc23c4bdd05fa708c774c9ff,model,cometkiwi_xl,0.668038249
614885e3c2594757ae2ed13ddb2811a365f58ea6,model,cometkiwi_xl,0.747595429
615cbc34a390f19b6b0b6f9f0cd9c2840fd72abe,model,cometkiwi_xl,0.81952703
6190e519c3cc31ce568b6226cb8f5ec710fc6a75,model,cometkiwi_xl,0.864620805
61e994abe0fa4be25267edf541b83f28f6c28c02,model,cometkiwi_xl,0.588103592
624d25fb41f9cf4b55d04c8eb436377c3a45ce6b,model,cometkiwi_xl,0.620408356
625860f5cec49b1291e769ce25ce945a459658dd,model,cometkiwi_xl,0.853069663
6265e84b04bcdd0e191208e0a16324d51b19d44e,model,cometkiwi_xl,0.73112762
627af4005c08984c5b415d1bbedbe7ab0b698a92,model,cometkiwi_xl,0.823438048
627af443c5ade76c682f9363c7499cf370207476,model,cometkiwi_xl,0.831396103
62d10eef6d9f72c630b79b011433419831198813,model,cometkiwi_xl,0.828584492
62f76021b76144777ae88c378fba40313c0f161d,model,cometkiwi_xl,0.368881732
634eced402d1526420b8d937a7d8079d2ea07b0f,model,cometkiwi_xl,0.596181631
635dfcd33fff0c96f473dc83aa88a2e52f901800,model,cometkiwi_xl,0.244677573
63851d693c8ea2f9cda2aa8b2a152b82eaf92624,model,cometkiwi_xl,0.791382253
63ce72833447e73846044f9af3b0101914ef66d9,model,cometkiwi_xl,0.754327297
63e14c466cabbaeda76b9d297b79a2c8aa606d4b,model,cometkiwi_xl,0.819151819
6443d2eb4e2a5bf8fdd02ebd347f9ef9ef454852,model,cometkiwi_xl,0.784269154
648a460dce478d3e2ef0ea59424e3e31dee4bbe5,model,cometkiwi_xl,0.579526126
64fef683ead61f8abb2fea03183942b00b1b5981,model,cometkiwi_xl,0.723420739
66017b23a574099ddad764fe7dfb1d1f758697c9,model,cometkiwi_xl,0.628725648
66321b63b2e2eb79c91488697f05647dea7389f2,model,cometkiwi_xl,0.819472551
667cf1052c8d71355a7e5ccaa16b5d3765a74c0b,model,cometkiwi_xl,0.873243153
6681e076a045194d31d4b0ec3ff9bb5d0952bc5c,model,cometkiwi_xl,0.821451724
668b6c00d39f2f3ff61628316f2270f473ac214c,model,cometkiwi_xl,0.743271112
66b6ada4122e3030f8d14409eed4a15d7f6abef1,model,cometkiwi_xl,0.716265202
6732d65ee083db463495f5002f1e2ed6816d401e,model,cometkiwi_xl,0.702873945
677c09fd1cb5e165b4554158fbce27c9fc7e5692,model,cometkiwi_xl,0.909034729
67d5029946343113c464a53c894592441395c592,model,cometkiwi_xl,0.847139835
6807a3f03af28e8ed7dee4318280409f4b421aae,model,cometkiwi_xl,0.177846909
687dfa8d5f02ab11cae0df93145618ef6da711cf,model,cometkiwi_xl,0.577512681
68f16001979b161e4143c38bccfa02c80cba9b41,model,cometkiwi_xl,0.707133591
691e22a596f631751240365c7b490de6a00e9ecb,model,cometkiwi_xl,0.875880599
69f066d936be63ab45b8386b65f33ceb6363684d,model,cometkiwi_xl,0.856620252
6aedc5f06f19df8c689befc6f52c8b4d9b037978,model,cometkiwi_xl,0.774801254
6aef29ca62aa30955bb2d58932f5abf88c6bdf4e,model,cometkiwi_xl,0.758564591
6b38335a2be98bdf7543fdfe6de5c7d9592d235a,model,cometkiwi_xl,0.659862518
6bb8fd4fb7b23fb77e661d72ca5ee0165d78e330,model,cometkiwi_xl,0.864950776
6bdf17a7a51de0cedba57bde46ecd6260e23d670,model,cometkiwi_xl,0.630576968
6c003c37a4cf1198c0e4d418a43b3c9ed9deb849,model,cometkiwi_xl,0.736386001
6c8f578e95d5f43c4f33875eab9d5093ad040693,model,cometkiwi_xl,0.696075141
6ce0aaefa81a6268c2f528bd1799c26cc32b65b6,model,cometkiwi_xl,0.824428082
6cfd852a2b2ad49df219ab4e1f291e072b9b5e19,model,cometkiwi_xl,0.702181935
6d57b5d755d5d60b6e775a8a7bb8b9c69973181d,model,cometkiwi_xl,0.912078381
6d999b0f65e5187f50c6f0b042cc0e21048c6834,model,cometkiwi_xl,0.754351854
6dd5a74f64c233a27631332474690437d6bc376b,model,cometkiwi_xl,0.661613584
6e1cd320f7b92c117c658a182f78c8786758af9e,model,cometkiwi_xl,0.840613484
6e83fa175403daa642bf94db05c7fce5adbc63b3,model,cometkiwi_xl,0.670869112
6ee9083ba928af5973cc227488d5197bdb316776,model,cometkiwi_xl,0.854479313
6faed76ad73112b3c1e977ac3963de31759414c1,model,cometkiwi_xl,0.822799087
7021b5bdb3906e2b71eb69f69fc3f8c013f2ca23,model,cometkiwi_xl,0.661166668
70574301b4de22f990c04ff68a396b115330d257,model,cometkiwi_xl,0.109960414
706d25f785135993dc3daa10b9138ed7a9b1f485,model,cometkiwi_xl,0.526632547
70ec01d158700aa2927ad5f850889859c626410e,model,cometkiwi_xl,0.492106855
715370cf743261d8ea19cee5296bf13ca28a47d4,model,cometkiwi_xl,0.841708004
717e20d92fcbc0e7a400c76aa571ffbff23c7890,model,cometkiwi_xl,0.883582175
7193ee33487b0bdc8a9cf5418dc184ef10c01505,model,cometkiwi_xl,0.732374847
72464269d274f3c94553180494f04424aff5f6e8,model,cometkiwi_xl,0.330887258
72b09adea2dbd65a3d99dfa431c034c14180156c,model,cometkiwi_xl,0.7560848
7306af179b5d7b27dcea44fe5a1e9e7ce9a8e293,model,cometkiwi_xl,0.218519211
73092c2e504c33393335ee01bfc42184765d0127,model,cometkiwi_xl,0.209744424
73139f821cf76aa99088ae158e553b21b4ee9294,model,cometkiwi_xl,0.803321123
7366cdda827c3c4287f12f84a8be673f638bf0ad,model,cometkiwi_xl,0.41385895
7376e654bd15452119a191573d7993c691f722fe,model,cometkiwi_xl,0.820124388
73920e096c5cd1cb8f72df3b044834b4d4e01c60,model,cometkiwi_xl,0.815410733
73dd7fa8e40ea55ee181d1688566f49c95977999,model,cometkiwi_xl,0.183387578
740813a7ec6c2c013d7fc310087710b430b7cef3,model,cometkiwi_xl,0.820611119
7484b50767d5c76573aea11204382a0e56794f3b,model,cometkiwi_xl,0.788935184
74af4d1a59e6b86e2ff912c49ab0e277ef16c1aa,model,cometkiwi_xl,0.903500438
74ca3fa88f968d07c8a0ba8e1cdad0bb87ca2a76,model,cometkiwi_xl,0.876640201
74f60d919990a51a48b0b06c9705218c18d243f3,model,cometkiwi_xl,0.846569717
757d25c3fbf701c83ba11ef17aea33165a8a14ec,model,cometkiwi_xl,0.907991052
759d1a60fe07bfe8399ad84f1eaa7dcdde9f96e9,model,cometkiwi_xl,0.915826321
75f52bc727df25d8f6d140188e51d5355aa9d146,model,cometkiwi_xl,0.853031516
76a1dcd899ce7e64ec3f43abe0655cd57f6a9af4,model,cometkiwi_xl,0.680755377
76af39b0e2956dd2e0e3abe9bed5c8d598f96bc4,model,cometkiwi_xl,0.692059994
76c76bb280987469d38fceee3fc9a5f775df8d7e,model,cometkiwi_xl,0.469659567
76da88fa9eebbee40b0b6dd3e35caccde914caa0,model,cometkiwi_xl,0.72161001
772bf159801b6e593efc34f0bd942f06598531d3,model,cometkiwi_xl,0.731020451
77b3f250ca0b226f7fe5830a56a5896336501073,model,cometkiwi_xl,0.81008929
77db35356118ed694bea7ea6f88f5b3906794a41,model,cometkiwi_xl,0.676818132
77ed6564217f1668b8a9e66ad5d4f1da0adc3084,model,cometkiwi_xl,0.813919783
786b59baccb25433ab104ebed3b6591deaf58d45,model,cometkiwi_xl,0.821044505
78c26754943a165217dc03b8d60dd35ef25aaf31,model,cometkiwi_xl,0.811680913
79050668ea67e5002f3981ab670c7daa3a0fad94,model,cometkiwi_xl,0.365344107
7984573af8ba53b59e14e25b06bc3f1bffd601bc,model,cometkiwi_xl,0.819554448
79a11817f8d4a98307e0824c80868ace5865b093,model,cometkiwi_xl,0.669796705
7acab7af1924573bdb069d1313f75643a2b38059,model,cometkiwi_xl,0.710499167
7acbf2fa270e2974b849b7443db161f187d81c94,model,cometkiwi_xl,0.557722926
7b1b1199d9074b93f3a94be770f42cec03ca106c,model,cometkiwi_xl,0.816926897
7b1dbe275c4a2c6f6e5e766d0415154d0bd2f9f2,model,cometkiwi_xl,0.418395787
7bb2718a0fab197e0a2ef683016e7d168d2d9bf7,model,cometkiwi_xl,0.752861857
7be27a850e3aae8e5b2c659cfe94f320c47a8913,model,cometkiwi_xl,0.920447171
7c0612043467eaad9def4b31caf02851aadfe9a5,model,cometkiwi_xl,0.798852861
7cadf4089358465625975004263aee218b5ef87e,model,cometkiwi_xl,0.824257255
7cb8d092815d8cbfc8eb573959f17706eccbf795,model,cometkiwi_xl,0.838679492
7cdeac426487a3667b732e97fc22928c93bad643,model,cometkiwi_xl,0.809161246
7d1085dfc45ee68b3831119abded38d6b25b7bfa,model,cometkiwi_xl,0.833464384
7d19a7d1f51c00862d47e84405e842a4282e9a5f,model,cometkiwi_xl,0.806721449
7d7487e04e516d9b48cf77dedd9b4d72c9ad3ffd,model,cometkiwi_xl,0.842601955
7d9408dfccf044b80481097acdd09bd7790ff82e,model,cometkiwi_xl,0.841437817
7d99d74253cb89ed8d78affc67e0814c1b7eb210,model,cometkiwi_xl,0.749835253
7dd00501cf7148fc5a77efe8f7dd4da42d729d1c,model,cometkiwi_xl,0.876878142
7e2a4ff9d24e0ed97bbdaeb8d000303ade385822,model,cometkiwi_xl,0.784359038
7e848591ddbdc6322625455ee55321ad246edf8c,model,cometkiwi_xl,0.868896961
7ea18bbb2442c0e07a63c7955d2225700e55bff4,model,cometkiwi_xl,0.621585608
7f1455fbc789153c3eb6d33eac5680fe635973e9,model,cometkiwi_xl,0.376522541
7f2cbe9e70848b20a30e7fec876d676c95139aec,model,cometkiwi_xl,0.515060425
7fcd97b629e37c71ede8ac523d4652dba5e18c13,model,cometkiwi_xl,0.326478124
802afa81d4a2159f3a2350484efc329b8878c68d,model,cometkiwi_xl,0.756896019
8095468049f052f02c66e2c6fea4fa88fd95c99f,model,cometkiwi_xl,0.653598785
809b3caf29857829ef87f6162b20b95888c8934d,model,cometkiwi_xl,0.678425133
80a3c2302f88b7d69cb268abcdff81100c5fa3a7,model,cometkiwi_xl,0.870106936
811f3894bc8c81d2b9c0b2fd7c1307796ce0849b,model,cometkiwi_xl,0.827512622
816ff7006d6123b54d3c0d00e475d4b9e57d1ea7,model,cometkiwi_xl,0.658873737
817493942a7e083a1fc2e76b96596bb90a4ac586,model,cometkiwi_xl,0.534344971
81c58f46e907b6b04fa92607d09e5df331251203,model,cometkiwi_xl,0.703176379
81dc4934426641725fb1b1121b6cffe9a17f7c37,model,cometkiwi_xl,0.482861042
81de55bd590f467b90074bd2aa7649af69d94c64,model,cometkiwi_xl,0.82648319
820d4d36c296e174b9cf212f18d2058b6019b4c8,model,cometkiwi_xl,0.260084033
82bac8ec02fdb015b7b3c833de198051b5d06608,model,cometkiwi_xl,0.86900425
82d6235fac22f9f16c833d75201d46a4336b1ec8,model,cometkiwi_xl,0.89016211
839dd8d0a834ba7c493f07cd9b432241588589a0,model,cometkiwi_xl,0.747709751
83d23c6a35d7cadaa100d16ef335b02fc3b8bcb2,model,cometkiwi_xl,0.614844739
8410d3d4b1b09f36b0de2dd82a06bb5751d26101,model,cometkiwi_xl,0.919361353
8420ea670f16c1ae9f06766c1098dc5dfdaca16d,model,cometkiwi_xl,0.817566335
844b89fef440970044adff493188225401199b0f,model,cometkiwi_xl,0.829979777
847d7d0b13b47a8152f4025bf6c94134a4ab7f41,model,cometkiwi_xl,0.637176156
84c8ea6984c09539e31c7599467956c85563c664,model,cometkiwi_xl,0.221344352
84f372c80cf02b332895d7ac8d403b6b109340bf,model,cometkiwi_xl,0.48113066
850f1096ba33bc861164313bf10b9c8d2d6083ed,model,cometkiwi_xl,0.812909901
866a4169a36469bd141957d100eb9d6066fab43a,model,cometkiwi_xl,0.692433536
8694aabe9a1aa232e06032cae723f84492b5c7c0,model,cometkiwi_xl,0.743857503
86a494e92fcd802d0aa2d9f694bd61ede741a6fe,model,cometkiwi_xl,0.684159994
86c40ccddd5122fbe2ff35378ee721dfb4f49a4a,model,cometkiwi_xl,0.396879137
86cef2d2351d2b4f3ef855ea8fa932677a6c24c8,model,cometkiwi_xl,0.596222639
870511221a136dd6798b977b841c406693b527bb,model,cometkiwi_xl,0.863606751
87322fc4317d1d57eb4b367f785d14b731262e0d,model,cometkiwi_xl,0.83895874
879a417739f6bbdf6a6dc4103bbf2dee1c3a6df4,model,cometkiwi_xl,0.686472416
87e0fdac10b0d4ad91fa7cd853ca85bd4919d518,model,cometkiwi_xl,0.146552891
87e3f4b7e87ba2c03a6c3b96da49fd1b433f52b7,model,cometkiwi_xl,0.825967193
89a86aab9a0d10df326a8e96f353e5878e76d654,model,cometkiwi_xl,0.888814628
89ac42a7fe4439a1e1f67760708f3e94f03574dd,model,cometkiwi_xl,0.85814178
89c4a122a8376801acefcbfbff8bc9d8840f1e16,model,cometkiwi_xl,0.318498135
8a00ce7b4498d8ab675a5aac3df18a98329e486e,model,cometkiwi_xl,0.456453472
8af86ee0a6a71ac2404422668bb2e0c7144e8f25,model,cometkiwi_xl,0.815662503
8afc94ec777297fb135510ead03875f1620cd154,model,cometkiwi_xl,0.844597936
8b383df9f61ef668700db1946986fd9b7e26d334,model,cometkiwi_xl,0.562105954
8b70545642cdaf045d34aba9eb1b427d244be8cb,model,cometkiwi_xl,0.176490694
8b728017fb2cd21ead1187aa79feb03c2fc42b91,model,cometkiwi_xl,0.637798905
8bb06c2cbfe1bd099f6445ebe980755d6abcd827,model,cometkiwi_xl,0.144360363
8c0b2bdd79e8ffa37e9465d247cc653ea502ba0b,model,cometkiwi_xl,0.817095041
8c681f138869666c01a9c149764f0dc381a5917c,model,cometkiwi_xl,0.530059636
8cdae10537878476fbe2b84ea51526a7a87a5762,model,cometkiwi_xl,0.678911388
8d7a815fa6e50f38151eb57f6524c99ca7d2f9fb,model,cometkiwi_xl,0.793516397
8d96bc4a573d9f8a43b44b650fb63e022d0a5329,model,cometkiwi_xl,0.356068254
8d99627a9b05a6a05c84cd3afd2ee8ebbe60c1f0,model,cometkiwi_xl,0.742901683
8db50efe8062e579537c5235524b17d60026a407,model,cometkiwi_xl,0.798825085
8e2eb37e7a08b7446fe58d7c2a152397ee4c6769,model,cometkiwi_xl,0.800069213
8e593973388399639eabb0c34b1556b54a26e47a,model,cometkiwi_xl,0.479958057
8e8fd49a9734804f4334ecd15ba615eb6f317bf3,model,cometkiwi_xl,0.84386313
8f15a19f19cb1bcaef07f89c03af33d032a9cfcc,model,cometkiwi_xl,0.663952887
8ffad5ce01f3eca6f0ad37c61162ebdb8c06014c,model,cometkiwi_xl,0.815328121
908aaaa922054ede9e07056680346998ae0929c6,model,cometkiwi_xl,0.522886276
90f24c1c91e46787ba109caed736cfedb293e45c,model,cometkiwi_xl,0.904942453
911f2f825a93e3d27aa26368ad87eb6f54dbcf69,model,cometkiwi_xl,0.707736492
91690e37cac6efa7052d9445c964f6bc30f5d5ba,model,cometkiwi_xl,0.86053133
91836b79076bfdad7e6629ed21b275a3fa5cd30d,model,cometkiwi_xl,0.695675194
9237841c3325714d47158c045c9773e538fd988b,model,cometkiwi_xl,0.7656973
92a6a1086db5b6839414653ca40d11353663cf6d,model,cometkiwi_xl,0.847561061
92e1cdab5303143c39211c1a8a5bb78661c8c0a6,model,cometkiwi_xl,0.349943638
9306d668079f4202c71221b741e004df6f2e444e,model,cometkiwi_xl,0.33422631
9323c63e5368ba99fd44a58845fb914be492153f,model,cometkiwi_xl,0.754704595
9373de2a12b3d5c1a6741d2e0355bf613fb8da97,model,cometkiwi_xl,0.839895427
940ca96d210e50163d7f110b79c45e5c78961eff,model,cometkiwi_xl,0.714364052
948e53aa5d684810ea565fcf5e6cddcc1116e944,model,cometkiwi_xl,0.73165381
94cc72dce14026172816ba199a63b338a7ab48f2,model,cometkiwi_xl,0.732132196
951938ef77dad27019a6f54b7ee55b166a35e573,model,cometkiwi_xl,0.790956974
95c857436753bae3882f6f7e6f5a99ce0016c7d1,model,cometkiwi_xl,0.454840064
95f97c38fffc95d8a7fb9eda04fa8548b750d1c8,model,cometkiwi_xl,0.382968903
960c4962ae7d01a0d297467dcb6c2efc66a8b15b,model,cometkiwi_xl,0.368656725
960d1593ec061fe57d84db73f882d00e51fa155e,model,cometkiwi_xl,0.898178458
96173a3da68bda36f8f1009994a4e7c2f269ef20,model,cometkiwi_xl,0.760990143
96d95c1e2af4c3568cffdc310e5e93c37d697300,model,cometkiwi_xl,0.756157279
970b0b2d794e9642252c562ccaa6c4029fa64155,model,cometkiwi_xl,0.728205204
9723236419333e680a0501e146d84d76f69970fb,model,cometkiwi_xl,0.66075778
973f0b561bc13214f7932fd128eb234669d3fd49,model,cometkiwi_xl,0.769598007
974caa22e2c86ad8ba5073a3d0530e1f870ab09f,model,cometkiwi_xl,0.906883895
974e365b20b72ee7f0e6c6cd1f69a6fc4891e65e,model,cometkiwi_xl,0.72387284
97b3127fac5bbd209a6b0cf1697d59c4ec72cc26,model,cometkiwi_xl,0.832917809
9800c67c4d73bb9ca75d8d54e75154e9359fdb2a,model,cometkiwi_xl,0.759939969
98577d9ca460fc3775ded2cbbcf239d4226027f9,model,cometkiwi_xl,0.891021371
98b40a1aac8bdba3cd10bfc3bc5ced9881a39ca5,model,cometkiwi_xl,0.757277727
98da4c99a9ac210ba9c4ef7e6d75e77f866bf361,model,cometkiwi_xl,0.549530983
98f47229fe5b353fa4e4db73bb2d97d63546018f,model,cometkiwi_xl,0.821009755
98f9f26757059772327c22c57e6a61dd635ffe36,model,cometkiwi_xl,0.525788128
9947f32bf93c2faa909930f1f47c7572c2a9ba44,model,cometkiwi_xl,0.793001413
9960a58f1665446ea2076633c13faf298bd4d043,model,cometkiwi_xl,0.820482254
9982acf081bb0e92cef530eef662145da0ff5969,model,cometkiwi_xl,0.422336578
99e3bd69c4f074cb5f1245ebb33024a42b983484,model,cometkiwi_xl,0.615330219
9a1c480dfed61ec11c278381aa66b0bd65dac3b3,model,cometkiwi_xl,0.676378608
9a4ce16b8d1e962f94e2a8945b6d773bd6b59d6d,model,cometkiwi_xl,0.928626299
9a88fb66675988d4e3e53f5c4d560b406be16adc,model,cometkiwi_xl,0.234504551
9b1300bf13adbf74106d550ced043f7c559984dc,model,cometkiwi_xl,0.099373229
9b6ac8e19de5dac834b702afefc3e7c973e391a9,model,cometkiwi_xl,0.762678444
9c614fe01ff0021d39492317cbbea8dd581a3b16,model,cometkiwi_xl,0.827153265
9ccc67e37a2df75b8227904c2d88832b44550399,model,cometkiwi_xl,0.78906548
9d343d6719b4124d3f760a4a3a879357439ff0fb,model,cometkiwi_xl,0.145322382
9d752b5d4a1432d7553476fbd465af5ae3aa3bf4,model,cometkiwi_xl,0.633054912
9dd983d834b37190ba0a8e993e1290b0e1351045,model,cometkiwi_xl,0.743611515
9dec0a71790ff51afb5e71647e837d72da3fefe1,model,cometkiwi_xl,0.795262218
9df764508baadee51374d408011836430453b867,model,cometkiwi_xl,0.818040729
9f5b41bb78f3cfe47deaa8b2e0644b1ce9abe91a,model,cometkiwi_xl,0.787199616
a02e47b3b09813d2c2cf744337b240ed9b5d24b2,model,cometkiwi_xl,0.748508036
a0773bc3abfaaf905ee13f2b989d8d8e77be70b9,model,cometkiwi_xl,0.761536419
a0791b1392d79d0b7aa5e4ce8c6a1807a1878aad,model,cometkiwi_xl,0.872117937
a12c226d695665706c536efca6a9e9df1d050e45,model,cometkiwi_xl,0.258234113
a19fc8e0d9463026b01e2237b418720ca3ce9b09,model,cometkiwi_xl,0.57966888
a1b4aeefdf1feb3f16ba30dfac6ddc888fcb20d9,model,cometkiwi_xl,0.748936713
a24445327e1e6c399fd3da56df32d59d37a32d38,model,cometkiwi_xl,0.751300395
a25e0a034bea78f541c0b097b7c30742c92b3a74,model,cometkiwi_xl,0.616603196
a2edb76ef8ee4a58202f0d46eb30d40baa01db5d,model,cometkiwi_xl,0.479918599
a34fbb067cbd14cd6a31f48b71723ed4dc0826d9,model,cometkiwi_xl,0.498212278
a3c358d94e8dcdac961fd0af1c647e5917f11b3f,model,cometkiwi_xl,0.895571291
a3c3cf89f0cdc432c495594d8b4478cc92a28a41,model,cometkiwi_xl,0.750133574
a3cbe57f0a37bcc1bbf4392ebd394ea2c33b8afe,model,cometkiwi_xl,0.255757213
a41c848b7e85308a6d59d8754b98ecca5c2a496a,model,cometkiwi_xl,0.222182393
a4621b4421747e1eeb02f3b5553bc86e958bc942,model,cometkiwi_xl,0.776944041
a4c05056fa05c31cd188bb925bd7129a27da63c8,model,cometkiwi_xl,0.552484751
a570791ae346cd4a655e8b9babe6b5814004490c,model,cometkiwi_xl,0.821648955
a57b1f61060d71a65ffadf47cd9e1e6e32775a10,model,cometkiwi_xl,0.84904027
a6193af9be59206bfff0be15c3bd68ebaaf34894,model,cometkiwi_xl,0.88386637
a63f2ac9d9e92876cf10bcaaac9359fc5dc19928,model,cometkiwi_xl,0.811006963
a645da4a68a739b0e75a260be225db5c657d09a0,model,cometkiwi_xl,0.95492661
a65f271f1ab821b4b97bf7c9dc7990c01ac1903b,model,cometkiwi_xl,0.661739111
a6d09b6180fc68829112be619074f860614d6b0e,model,cometkiwi_xl,0.856406927
a6d3d9faa1935f106767724fc62ad990ecfdc7e7,model,cometkiwi_xl,0.825032711
a7cdb9493bcf3398169af61bfa15d46a8d7905d7,model,cometkiwi_xl,0.407883584
a8089d829a0eaec23b831d26142e5c6cca905a01,model,cometkiwi_xl,0.893841743
a809ae6b2d8a9ff09956c23fdff5e4e43c547422,model,cometkiwi_xl,0.743215799
a80d7def3493d223517c0d7d268add2eabbc79ba,model,cometkiwi_xl,0.831410885
a85fe9311b3d8819b5b98a750664b73d9e29062d,model,cometkiwi_xl,-0.008248086
a861081bd228a2833a033c7641331b8da4cf3f75,model,cometkiwi_xl,0.673914313
a8b126ad58c3a9f135a99e99ff322542b936fd2c,model,cometkiwi_xl,0.811074734
a8cd1ded47af69037096210be864861b551d70d4,model,cometkiwi_xl,0.801981747
aa2255a0726d23a5c74a3a902444a96f6b3a9c62,model,cometkiwi_xl,0.819531798
aaaa7aabae54e895cbf69d6c73642e9e09524b6c,model,cometkiwi_xl,0.700001121
aad932c4541f26a3701a62311c1e5ff4b0dab646,model,cometkiwi_xl,0.829606533
ab4cdd2ad313b18a6a2c28f35ba31fcba197438c,model,cometkiwi_xl,0.901012242
ac728865d197f6c4df39a8e83b9a303ee6296702,model,cometkiwi_xl,0.841768861
ad66d76049f2a8dcaf9dba95253e1c0d304b828a,model,cometkiwi_xl,0.868221879
adee43331f7338f0c9c4a72228033be4df4dec86,model,cometkiwi_xl,0.299421251
ae1283e151beac8b1cec137a1415bdd6421ac8ab,model,cometkiwi_xl,0.822822928
ae2820ffc67733defb10442de981e8942ac9c923,model,cometkiwi_xl,0.761511326
ae783a5ee74a975c46411b99e77b93beafe3ef0b,model,cometkiwi_xl,0.849686801
af1c0eeb0a6ca8aa3d40a647071b3ed9704e27a3,model,cometkiwi_xl,0.850111663
af2b64a603f0c7a9c27482f435417aae289ad230,model,cometkiwi_xl,0.778488398
afdb2efa0b45fbc29e29811bc99e856c934de0ef,model,cometkiwi_xl,0.601191938
affab9a235577c4aff1fb28bee7001c64005a0c6,model,cometkiwi_xl,0.779316068
b0346634e17603ebbfd5375942399f28ae13d597,model,cometkiwi_xl,0.78268981
b054601934791d5b361a33980c7a8bf65e310def,model,cometkiwi_xl,0.382592708
b0628b995da51161a4a82bf282d4667334f5239e,model,cometkiwi_xl,0.788975716
b07a35682f257d8dd72a3fd1ca9bfa2dc42663de,model,cometkiwi_xl,0.713130534
b08aad1464629022ccc95ce0c4e6fc662ae1c213,model,cometkiwi_xl,0.442370832
b0f3e51851018d2c7f8f5c7ca5b1970221eaf000,model,cometkiwi_xl,0.393846035
b12d74a0c1efaab95de155263fc339a809eaf80e,model,cometkiwi_xl,0.541267991
b1392c411fb26a13435222665626b30f97ca3b1b,model,cometkiwi_xl,0.818058729
b13ab40de07bf1a3d7c898b41025edc071d45179,model,cometkiwi_xl,0.625706792
b2464c2193c0669b93486d394f53fc52cfa27e3e,model,cometkiwi_xl,0.265815616
b2749be01ef623373c363c94262b41639fa1a7cf,model,cometkiwi_xl,0.35001123
b2823a6c067844eb1cd386632577de12ec55564c,model,cometkiwi_xl,0.693912268
b28fd14764b1b3e0d41dc913bb622f7eef1d8749,model,cometkiwi_xl,0.620352805
b2bc619dc48e669f2593bc442ff8d5a859a2e9b4,model,cometkiwi_xl,0.59463197
b2ca5f8629a7b5fb2477fa68c53f496a42add35f,model,cometkiwi_xl,0.882563233
b328fc73453f760f6e842e2b573eb1ec6cd04ca7,model,cometkiwi_xl,0.289098829
b37b2b5b025c577a7480813cb5d21e5211b69375,model,cometkiwi_xl,0.725025535
b466d36fe52b190ae7da1e2ec16246f37b027e41,model,cometkiwi_xl,0.633560479
b4819d66284ba8ac6d3692af17b68aee61c963b9,model,cometkiwi_xl,0.483962417
b4e9a2fafc5f41c180e374a6bc8eb563cebb1968,model,cometkiwi_xl,0.294943243
b4eff200fd8cfd311606d53104b4607b6c48ea9b,model,cometkiwi_xl,0.268453866
b535a47412d4f62b0aaecfce07fa3a1cf8ca03a3,model,cometkiwi_xl,0.868053496
b5a7c7d521ccb75e1dc487863cb3d663b2f1002e,model,cometkiwi_xl,0.830880284
b685681c665f6bb8591e6376137a0f23739b1ef5,model,cometkiwi_xl,0.422915965
b6f68060cb80924cfe6f34153ca3ad491ec90e36,model,cometkiwi_xl,0.837250352
b7389fe705c2940a43e07c9de22b61a2b6c7df45,model,cometkiwi_xl,0.359080195
b7896967004f1f431498f335da96196c06eb9029,model,cometkiwi_xl,0.803437114
b7a2d0cbdc170b6cf44a5186deb8068a3c757aeb,model,cometkiwi_xl,0.669647634
b7b15be52847f34c3f4e89f79916b7f1eef935f7,model,cometkiwi_xl,0.71581322
b7d093ea46ae1c7294264f7dc2a1c6c6e899a894,model,cometkiwi_xl,0.726315141
b7ed63e3e839a47424b597fbe9afe34a02f2bff7,model,cometkiwi_xl,0.662244618
b85c5e0dd860cced371f80ec7c3642d4d8a8dccf,model,cometkiwi_xl,0.261151403
b87d4f00bf501f6f75d6245cd75fdc8e5399fc11,model,cometkiwi_xl,0.671177864
b8f6dd7ae7479186d3b97065fdd405fce96b8592,model,cometkiwi_xl,0.880500674
b900fbe14a91f99ee038809476147746529eeb7f,model,cometkiwi_xl,0.273839384
b9bc681457faf51e41e8b6c34b473380b17f5975,model,cometkiwi_xl,0.75788182
b9ecb675cba911185279d142ea86f1247ee2f723,model,cometkiwi_xl,0.719336271
ba4bf54c3c4968ce6e73cb6a03348a18b8780835,model,cometkiwi_xl,0.843786716
ba61e17ad9f813bab58a23438fa22b92d3ff4876,model,cometkiwi_xl,0.516421497
bb58f4edebd88e642c145866d2f9b69fca840ffc,model,cometkiwi_xl,0.085472472
bb9e4dd58a0179b8f2bf12af8cccf24efeb0ff32,model,cometkiwi_xl,0.808858037
bc3c0ea07a77158fad82caba8a2c6cc567910e09,model,cometkiwi_xl,0.262710869
bc515e0b2e22698ebf2d43848e13530cab176063,model,cometkiwi_xl,0.581025362
bd84145f8d2dc4e21a48c3977bf3ea667b92e865,model,cometkiwi_xl,0.783662438
bdef84ce6ca276a28e4c9bce00c83d02c8491066,model,cometkiwi_xl,0.785232544
be2a0403c02699697d4ae74e9e34e6235065c47e,model,cometkiwi_xl,0.832332432
be7a769dfff62216336f188f42d15f9536cc177f,model,cometkiwi_xl,0.745262861
be993068ab76d232d566068fb4698e0439ab9263,model,cometkiwi_xl,0.659443736
bea1cd7bbbe650b1f6f8af958cb8625bc9c3867b,model,cometkiwi_xl,0.849378288
c050373c67f62d403af007d9eb5d13e0be7e7499,model,cometkiwi_xl,0.250623435
c0c98b9e3b09f1e6802dbc745373568ccb6a6f57,model,cometkiwi_xl,0.814749539
c0cba93840432e5476f93796ed6222493492293f,model,cometkiwi_xl,0.865316153
c18ee24947a7223765862efb5afd70b3f59acb68,model,cometkiwi_xl,0.715056956
c1bdaab68b357149b7f382064c6343dc439ff91a,model,cometkiwi_xl,0.409674525
c2d2726f8d89d3f3265bbcf4ec41ae071d08bf73,model,cometkiwi_xl,0.639772534
c2f272537b75df8c6ce6ca78d4bc2b42bdb78ea5,model,cometkiwi_xl,0.770166099
c377eb8ff288faab7853b1f9f6b8c8013ce2711b,model,cometkiwi_xl,0.775550008
c48d6a447849ec7c7d02502cdba0a1d960ecd4c7,model,cometkiwi_xl,0.673721671
c526a3cd729a7f1a2ff6f6c6e1ea7112870fabf4,model,cometkiwi_xl,0.869508743
c5c65102d7af89114b01bb1dfa3afb6f62e0b111,model,cometkiwi_xl,0.754444897
c5fbe52d4985c864997ff32c9ff986c7685ded1b,model,cometkiwi_xl,0.799228549
c7bdb8284c813ae6590f39a0b57adb193cec359c,model,cometkiwi_xl,0.725949168
c7c7405ae8cb55c8d762032e0e075fe76cd4c633,model,cometkiwi_xl,0.599095166
c83bf411fbe1f734e88266d19f7df0ebeb72477f,model,cometkiwi_xl,0.849248409
c85634cf9e18db0e34b8a0a95f5ac377ac9554d7,model,cometkiwi_xl,0.571644247
c8c624dbc7c3057ea6e05871ae718ca159be2e49,model,cometkiwi_xl,0.852726042
c92eb6937fbb3ce86073e9ab2d17557e39ecbe40,model,cometkiwi_xl,0.664311409
c9b6ef480dde0947fa96ab6d62f3b19b8dc30cb1,model,cometkiwi_xl,0.807067096
cacb2924a25959b9569b942cadb0831cbc039e26,model,cometkiwi_xl,0.381638229
cb61165067f6dc6051bc1309a3f0591283db4b1d,model,cometkiwi_xl,0.697199583
cba06a1baab78294bf4dbee0b04fc9475c662e89,model,cometkiwi_xl,0.557243049
cbafdcc72ed819a9f8b44132c97631ea033e5f15,model,cometkiwi_xl,0.557148457
cc0b4511f2a4459bd8c219f11b7f4573f9d5fee7,model,cometkiwi_xl,0.742584527
cc568d38c06b4101e795410a11cf0c87e2a9d7f0,model,cometkiwi_xl,0.767442226
cdd47730cf57e31c9285c8d1d5e756b714b3a82e,model,cometkiwi_xl,0.723603666
cdea94f40e03c73dc26c5ab792e5f6a289d60220,model,cometkiwi_xl,0.550626099
ce2090b839d7575936982674483ee199e0b52a90,model,cometkiwi_xl,0.737442851
cf79d4048efb70c96f8c0303e10503f01694baa5,model,cometkiwi_xl,0.1032748
cf9571f8588a92f7298c84edabcc853471e30e2f,model,cometkiwi_xl,0.409453124
cf9f2e0669f2afc40a602b68d10dd859a0c6bb8b,model,cometkiwi_xl,0.744580746
cfb927e084eb7136f3268d929503f0acc457fa5b,model,cometkiwi_xl,0.745216966
d0bf1ae7d1a372128eec87d89e7ab6428eab614d,model,cometkiwi_xl,0.442529321
d1a1a80944090dd77baa1f3096e79d16a16bda01,model,cometkiwi_xl,0.5523417
d1eceb6e16de9bb30ef5a1090f9639ee86694689,model,cometkiwi_xl,0.731153965
d1f91fdddc8395c2822726c219d116ff16c65287,model,cometkiwi_xl,0.475872725
d282b1423029bc6d61e936a527755a16d148b1f1,model,cometkiwi_xl,0.847218633
d2a4bc97c3bdbeac499f3ede34659ded6398e23d,model,cometkiwi_xl,0.841718912
d2bcdb9a6c5643cadd687e30e258851c1faa0d15,model,cometkiwi_xl,0.79239285
d2f14a6a01a708fbf43d640fd24588606b9fc0a2,model,cometkiwi_xl,0.343690217
d2fc8b027bf6addfc2ad9b55283b0ac698548233,model,cometkiwi_xl,0.484910488
d3579217452bedd5d8363699de053edd6fbce7b0,model,cometkiwi_xl,0.82206434
d410695f81b34108d5606efcc44a1fce25e62543,model,cometkiwi_xl,0.723375201
d4b0d30d6a00a9fd816ab721d8725bcc4e989022,model,cometkiwi_xl,0.521784902
d4c18139afaac813c7b85c6a3202c198d014a09f,model,cometkiwi_xl,0.792531013
d55c3917228dd77647a06768158a39eec16aa95f,model,cometkiwi_xl,0.253452003
d5969d7c372f4204adec13a82af90a396b86904f,model,cometkiwi_xl,0.754191399
d6a9d7e5b14ef7e67a514bc54b9e7df595558dcb,model,cometkiwi_xl,0.746657848
d6bbdf04aa22bf24efa358ed359ba62f3b0141fe,model,cometkiwi_xl,0.333573639
d74f21e17df866b6f28c3775b18a6fa96908b87d,model,cometkiwi_xl,0.847471833
d842f63bec2c05883b03b7c356e4c186b3f67343,model,cometkiwi_xl,0.663657188
d85af8b918be81f48e044d759b1fe041ede65503,model,cometkiwi_xl,0.618311882
d86cee21c710e9699c77a746da3eaa3fac8c790a,model,cometkiwi_xl,0.83824724
d8f0435a650053ad13c06078b91535e19e426ff2,model,cometkiwi_xl,0.715379894
d99899a7ae75c5168e1618350fd71c32ab0e9fe2,model,cometkiwi_xl,0.663637757
d9b5deb24c0ce29dae61acabc49c7a5efdd2e29d,model,cometkiwi_xl,0.827154756
dac6e8547443a16d7c7c73428c48329d88d7d65c,model,cometkiwi_xl,0.573924065
db536e6b8fb52194e96e1ab0c303df427a250671,model,cometkiwi_xl,0.820576668
db714b9d220b9460a013913641ebcd944cf3daf6,model,cometkiwi_xl,0.831076622
dbe8a172b4ca9be01ea458cb204b01eac3aa681a,model,cometkiwi_xl,0.712679386
dcb78c1ef4e5c9ac865f435705d06ba8e657f509,model,cometkiwi_xl,0.765434325
dcc8a1270980858a1977a37b8afe87aad1099b5c,model,cometkiwi_xl,0.824226379
dd02bbc9c837713ec897c6d1381b0120f375b6c2,model,cometkiwi_xl,0.889545441
dd4e7ad7a086cca50c304fa48f0d63acef501b70,model,cometkiwi_xl,0.82881248
dd52d0af5f8bdc96d7faa12b5eca364ce7638f1f,model,cometkiwi_xl,0.832141757
dd9bbc9fb2fb299f309d9eed3250a11276975a28,model,cometkiwi_xl,0.436760664
de3c232714dfd74bf19ef7d615dd99d18e2ea0fe,model,cometkiwi_xl,0.282339841
df12d705e368f959fcf73a64f38e748973d5efee,model,cometkiwi_xl,0.84289974
dfdeefe4f9fd00fe929510ac3593014d981165b3,model,cometkiwi_xl,0.264456928
dfefa546f2d36f5750812d773aa7ecb3eed57ae4,model,cometkiwi_xl,0.423621625
e0b0fe2005abe6b299b20e40a7f5943c6d712879,model,cometkiwi_xl,0.5913831
e0b4c6c6c3b7cbefe21ee71ff7d6ebf1abece567,model,cometkiwi_xl,0.685268521
e2537df5381b750f0eb6f8d0f000aa8bc434fed1,model,cometkiwi_xl,0.846698403
e29761a2773b31f163476f680b3551ce7e4b3a33,model,cometkiwi_xl,0.696021557
e326e7b27ad0fdc2bf43ecdf2c14ce5bc813319c,model,cometkiwi_xl,0.618399739
e336656105574f313527ff331fa00764443ab7d8,model,cometkiwi_xl,0.768631339
e385320dfc9a15d3d199eae7c6658dc8a3dc8cad,model,cometkiwi_xl,0.871625423
e3b519cd1b1c7f1619ef8021f3ab48a694588c63,model,cometkiwi_xl,0.388929993
e513b6c6fc8108ed6b8d3b7212dfc9448b234bbb,model,cometkiwi_xl,0.408156157
e59b1434bea2180244e2c6064b3fd2f7bcc7a4d7,model,cometkiwi_xl,0.854258895
e5f907600efedf74ecd4e16e0726e867dce24723,model,cometkiwi_xl,0.695077121
e60566c606f65b6b313d1ed2bdf1b4a1f4aa95dc,model,cometkiwi_xl,0.792637467
e684305a55baee99b5e26b80c078d1ff7cf3b18a,model,cometkiwi_xl,0.73297888
e7b7b8baddfdf91ab0047c1aa6236bc382a5c8c1,model,cometkiwi_xl,0.712114096
e7e47687ffbd8fc05ab8cfb989f31d54f8a1c8bc,model,cometkiwi_xl,0.740285754
e8059679af667fc496a6c06f9fbf19e82fb03885,model,cometkiwi_xl,0.796670675
e83a489459e419a0944f58e2eba82e3d0ec78807,model,cometkiwi_xl,0.83344698
e8ba90529d46927957a57b637d7c2fcd82519f47,model,cometkiwi_xl,0.535220087
e8d330c8e3f37ba06d21398516146db0da2f9235,model,cometkiwi_xl,0.682204187
e8dc958a57ba075ea5b25a937aa8b33d5b69d969,model,cometkiwi_xl,0.682730913
e9010ca4b313bd7e8604ce3049d6f5014c11c8f2,model,cometkiwi_xl,0.863113165
ea00b901da45c5edee7d1ab2689e589b3ef42099,model,cometkiwi_xl,0.859758735
ea0b26d045dd1c5a270959f9ab740c0f78a514b8,model,cometkiwi_xl,0.801678956
ea433f9a1f3a7a61682fd244777b4ac4094feaad,model,cometkiwi_xl,0.483137906
eaaf79b98cc2926c54f09ff774473831adcd19cc,model,cometkiwi_xl,0.746321917
eadbfe241699725895d374a89f62fc58ab4bf456,model,cometkiwi_xl,0.521018326
eadd5204f1ece5acef73a3463a1415f8d1ca7a5c,model,cometkiwi_xl,0.753292978
eb7dccb5cce704e34cfe7dd53cda4bc6e469debe,model,cometkiwi_xl,0.845591307
eb852247cce27c58dd0901143dedb1ac9b6bbaff,model,cometkiwi_xl,0.803358078
ec04ac095b60d9a0b31f0b5d72a214a60f127ef7,model,cometkiwi_xl,0.50336653
ec2a3c1ed00ff52458014d33e70c84563bb3a35c,model,cometkiwi_xl,0.907014847
ec2e2d79982cdbf1d590b8573ec7f5c860b3264c,model,cometkiwi_xl,0.769659996
ec9402c0f9938db26b7288b4dd99e6c5b86056f5,model,cometkiwi_xl,0.78376615
ed5384a7dc743ee6f738c279ba62d015f5866870,model,cometkiwi_xl,0.380037129
ee195f15da69dfa9902145e6a671ecdafae39af1,model,cometkiwi_xl,0.77202934
ee9c49bb95a22783949484f1f2238841f9926704,model,cometkiwi_xl,0.824662089
ee9fdf8d6f86c60dfdb9f95346351608b0d441db,model,cometkiwi_xl,0.724984407
efb6187d8fd73fa684008ac36d2107ad86a118fe,model,cometkiwi_xl,0.902639508
f031ff9962d32ad3778cb9bd13321ad4dda93ec9,model,cometkiwi_xl,0.817116499
f0ee30fe144a887631635f81dd3d60ffa3acccf3,model,cometkiwi_xl,0.753309727
f1bc17903487dcf17324c24f87f24d46a0849cf2,model,cometkiwi_xl,0.889889359
f244a3c2792722b06ee82f84ed595ad4ccef0918,model,cometkiwi_xl,0.828003407
f2495270b5001f07a43db9f8880dd5d61e517350,model,cometkiwi_xl,0.825807929
f2dfcf0bcf9577e02e09998eed771caf82f962e9,model,cometkiwi_xl,0.804664671
f32027460d1bc7e18f5257e1a0be16f93f4a43be,model,cometkiwi_xl,0.73817575
f34cc01a5bb417cd41ac8a566b15b440c38f4a61,model,cometkiwi_xl,0.78036809
f4966fb881ad0befdbe18815ad439cd1aee6da10,model,cometkiwi_xl,0.596761763
f52284394545299528da755e96295f6d9123764a,model,cometkiwi_xl,0.714606524
f563f460c2d7abaa71b58167dd58790399415e66,model,cometkiwi_xl,0.760084808
f5a0a53aba630dcbc03b4b3d7c1c8dfc95e4a4ae,model,cometkiwi_xl,0.873981535
f5b6f04b513d4998875f47112e4b4146a8d09f4c,model,cometkiwi_xl,0.400659561
f611b65f3d26583a03fd0fddd19239b6a743ce05,model,cometkiwi_xl,0.840909958
f6391f6f406d73bf364b2d38567a50d20f2f50ea,model,cometkiwi_xl,0.80362767
f67e18dfbd86e80c8b68c56465b17d85e3b483ff,model,cometkiwi_xl,0.797619939
f6db262f97dab612d25e1f12831a8d4ba5373750,model,cometkiwi_xl,0.266092807
f784304e48ff216814f401ba80f689d3fb93aa6c,model,cometkiwi_xl,0.823726058
f82200c45eb94b387ec5a8710621d0e55d73acb6,model,cometkiwi_xl,0.864135563
f88201cfcc88dd35915e861dacc956f6f98d05d0,model,cometkiwi_xl,0.581743836
f898f8c1704e5bddad7d0463972c9f7eafbdc72c,model,cometkiwi_xl,0.383067906
f8ef1514d27eebd8eeb59122f81ac8c40dec459b,model,cometkiwi_xl,0.854084671
f8fe21d130448550da5240e4f3749cdf641e163e,model,cometkiwi_xl,0.67269665
f9df89a8fe8fa0bb2812a2b268982c77ddb7302d,model,cometkiwi_xl,0.817985892
f9fd5c3bafb7f28cd5cfff93a739649f8ee25b45,model,cometkiwi_xl,0.686650217
fa155140bbc4c8c63b1295d2b7f1419303a906d1,model,cometkiwi_xl,0.155522972
fa35784041a884070789d30fd365d61920ab6ea9,model,cometkiwi_xl,0.729260385
fa45a133d7b96d30382960a8ec498ffaa500dc9b,model,cometkiwi_xl,0.148491949
fa5ff1fe2774dcb101a8dd35bbca2669951b4365,model,cometkiwi_xl,0.337810516
fa889e2afe648e07006fea8dacb7e359190043e7,model,cometkiwi_xl,0.846641958
fab4c1d710aa379521f9b11c53c233d44cb30723,model,cometkiwi_xl,0.712157965
fab8f611c4ad7e5facbc10e7b90f9e692cdeddfb,model,cometkiwi_xl,0.80599761
fad5d3576790aa0e8beb8cb5daef2ec3947fa6d6,model,cometkiwi_xl,0.841740906
fb6c74d9f1918fc0bebbd037cdd8a07789bb7120,model,cometkiwi_xl,0.700135827
fbbd580602218a463be1f46ed6289efb068ae9f2,model,cometkiwi_xl,0.886725187
fbd60ec3ead4fe409592a8ea3c015a03c59ccdf2,model,cometkiwi_xl,0.783852279
fc42552f9cbc816633c415489da599b302ba3c9d,model,cometkiwi_xl,0.620155931
fc60284ccc5bd521870f32320160eb4a66cbfd4f,model,cometkiwi_xl,0.561673641
fc6722ec83328e86f69a0f4bb62401300de331f2,model,cometkiwi_xl,0.67708987
fccf1f847f5c34540cfed79490371931d6825ff2,model,cometkiwi_xl,0.077528708
fcf5aacf160763fcd3b278dfede20741ae4713e8,model,cometkiwi_xl,0.219769686
fd1486556d90d86d331b4fc4b80a383668e437c9,model,cometkiwi_xl,0.880828977
fd3a0bea93434f6d9697778652786cd325456be5,model,cometkiwi_xl,0.639739156
fd402cf9179547abfc797792200004d282ad9586,model,cometkiwi_xl,0.906217694
fe1174924fd24ca2eb188220d9144f0c29223e5b,model,cometkiwi_xl,0.684592426
fe25bcd030f426e30e428fb7ad3057a2d15d6168,model,cometkiwi_xl,0.718064308
fe335617af357b4a31bba8b91b7c74f038d541d0,model,cometkiwi_xl,0.762766361
fea474e76fdb59c1c33c9b90a942ea6bddebd48c,model,cometkiwi_xl,0.717119813
ff4faae044cc1038409d8cab5eaec7983906a4db,model,cometkiwi_xl,0.65615499
ff9bcbd0cebacfd79edd3f378adb7201b45a8328,model,cometkiwi_xl,0.899511814
ff9f264908c223aa3b2676195c45beb64d4a559a,model,cometkiwi_xl,0.843010247
ffb7abe9267e1c44588166d3ca3c7bc9ea876502,model,cometkiwi_xl,0.630123615
006d9c4f67a65d9967fada5a33a7bee388e778ea,model,metricx23,3.922809601
00abec85374a10ea0f0733fc6ed83b63406705ac,model,metricx23,0
00d3e801d792ad63738f2bf5f115c2b6f6f72713,model,metricx23,0
014908466f9b88ef920f5a337b41691d42fdd7ee,model,metricx23,0.154341966
01a7e25c1b70aaf55be540de83462dc4ebfd90ce,model,metricx23,0.131906509
025220a191cd00746e235024098587096722ec86,model,metricx23,0
026a87203f9560006280d25991d7369845fd668b,model,metricx23,1.953938246
02702a4c04e3923f7300523b42d2171d6e82d01c,model,metricx23,6.144285202
02827f62db47315bf16b5144d7a1020d62bd80b3,model,metricx23,0
028285cd8ea3650c692b577128e5695bc695f65f,model,metricx23,0.619043171
0393f3d66e7f9459d0da23879d922857ab89f873,model,metricx23,0.104165278
03a86e325a4de9a461692f63214e93dd80e5815a,model,metricx23,7.083763599
03b5ffcdc1cb1dec54913773c14448b5bf978215,model,metricx23,0
0458ad4dfbde833d00f379bb93fffdae2e43067a,model,metricx23,0
0586c348039debf5d3cfe1ebfa23a7710b7f417f,model,metricx23,0
05ac137df4953aa61d8c54f20ee5868e468719ac,model,metricx23,0.15796572
060579c748deb692d1ff2fbd638d70074627f27f,model,metricx23,0.291111052
064f1c01742a7177ac067aed943880e979fe327e,model,metricx23,0.015258402
0682924fcecc79694dd556e943e50f5e197de52f,model,metricx23,2.454331636
068de6672b6e8811504da07ee73782171f09c778,model,metricx23,0
06aee728284a6f06a776848b0e14022ab7bffd85,model,metricx23,0
06e4e1392574db07353b1ac6e16970dc01196b33,model,metricx23,5.53637886
06fbe09c6be14d4aa2d8ac2e2bb6462bc578aba6,model,metricx23,0.876379609
0746ebc49d7a634888072e852c5e4fc28dd62b84,model,metricx23,4.290123463
0788ddede6418749303137efa2046f012b83ac99,model,metricx23,21.06610107
07d0763ce73e651b06156a36f39611c25c711610,model,metricx23,5.030170441
0897fb5380bb620907ddc7917fdc86552f1875ae,model,metricx23,0
08bbb49cd73c56f1befd84a3e78f42929423172f,model,metricx23,0.23305507
09a09abf254bebadf0414cdec09295097efd0a8e,model,metricx23,0
0a6bc2d06b3b45ad171710b3ae74518cc1d1d420,model,metricx23,18.00408554
0b0b4a5693ee14b3e726bc82460a764849bc63b7,model,metricx23,1.099113464
0b0dc91d76fb30e6accb8b5ad8725da615ad5b88,model,metricx23,0
0b83b9bb4a1d2aff77260d5e639be61729acb671,model,metricx23,6.205257893
0bf76c191f72ef7f084d2d9b836ad4e6246b740b,model,metricx23,1.430723429
0c19f87314fd7b1a58a2d0a47e81f98cac2771b4,model,metricx23,1.18132925
0c1b48e8b403d48f171995b5ff9a9a3817ba6249,model,metricx23,6.470654964
0c3f576c119b1301a995d1d0fc316277d026cbbb,model,metricx23,1.036106229
0c6bd822bf1e4a41f46fe8028ac548048f4d8185,model,metricx23,0.171098471
0ca3955c0c3b0b1306698a9008c1cedf1c213bb3,model,metricx23,0
0ce2ddff9d39d5b73f8f27cd027d1c48a55ac509,model,metricx23,0.093262494
0ce9fad1f1659b9c610c789b48b454167c70b3a0,model,metricx23,0.164764524
0d5f33e21768ee8cfad43f24e3c3feb93e59995a,model,metricx23,0
0d747bbc3c6dd43581116a2d2c874227cfadc466,model,metricx23,0
0e024aa9a3966aa08067505120a4aa4c81b274af,model,metricx23,25
0e6a99c6b6157eedb77ba651a3e7558cc17c6e1a,model,metricx23,0
0eb4dac1005758d358f9bedb9f05e6ff90608f2b,model,metricx23,1.546892881
0f5779e054b19d688b1e693fe3af0c2c9b386ba4,model,metricx23,2.440677166
10db625af733fd61b42bd98ffaffb7a2b5eeb400,model,metricx23,0
114b9e1ce5b5fb52d0d03cddef42f6a036bf5929,model,metricx23,1.678312063
114e6f0b468637736b5f15fafa80fc6922898c4c,model,metricx23,1.775961399
11eb3063228a052bedb7db6f24d08df0a3f04ba9,model,metricx23,2.949247122
11fe7d1a450dfc61f64de8b4c3d75b1dacd08e21,model,metricx23,0.059888855
129e11df90b0ad148cc98c909bad37be51ab236e,model,metricx23,0
12ac89c1b3f37c564bb8ebaedb3e82557c997767,model,metricx23,0
13a6fa0a4a0dffa8dbf29f6a82764e4a65bb9988,model,metricx23,2.128381252
1465894633f14090f27598b853f27396bee53f31,model,metricx23,3.273676395
14b3802353782424bf1b2b45d174eb8bc61b4f41,model,metricx23,0.636183858
14f3741f0bc1225948dcf2b94759dc543243b2fb,model,metricx23,0
15a8faa5126ffdd9a48a85510118a94ed95bdd32,model,metricx23,0.886522532
163f6630cd1f55d1416f2892030e72ba8e6636e6,model,metricx23,0
16a765535de47bf3b13ee7a9521c3e4d4bdcd7c6,model,metricx23,4.551527977
16acceed38021bcff1d518c48c0ed2cfeef30aef,model,metricx23,0
178fa37efafd58164a2f8e8ee860b580e6bcf7b3,model,metricx23,0.195336074
17fd4e47355b9916471304b0582b9069a4bbd920,model,metricx23,5.638375282
18169ccf5f408192f1adab97e8b208103b046064,model,metricx23,14.27522469
184ba6f68a9c465352b3c635da0b3ad6b5112861,model,metricx23,0.106747203
185438f65fc3d29e1dc92041b659cf8d8981ab85,model,metricx23,0
18cacfa79016389fde0afd28f2b03d60f2907ff3,model,metricx23,2.421430588
18fbe6e2cb0081293f50aede1a33b6891c8c4832,model,metricx23,2.962973595
19b74e815da3a183dca72fcbb579ee0ebbacf46c,model,metricx23,0.139299199
1a562a389efa0abaa01741fcb3f4db953d8606b9,model,metricx23,2.870896101
1abab6bc5ddf68a730eabd9f5f6f85658fc53b94,model,metricx23,0.901651561
1c2886437147b98082b6d622f464a5ad12424c32,model,metricx23,0.488755733
1ce15556a6ecd32e85dba5bb36dde4d76e1c5051,model,metricx23,0
1d1f9f47ab31a71e1727b6f109cf9b7cc33f626c,model,metricx23,0
1db3ca67955ba3523a1bc897aca84927657831c2,model,metricx23,1.26688993
1e18aa2502288f644f8ae414b02138929b6561e2,model,metricx23,1.855869412
1f302d3672cbabea5a46c02c6fd156c344891270,model,metricx23,0.430763096
202c412f9755b74a78ee5cf92fd091ed1ab06b31,model,metricx23,1.939471722
20af7bb6971f087b4f24782699aa158f0187514a,model,metricx23,2.333709717
20dce25879d07fc86300f9dfd1d44c08f9778dd6,model,metricx23,0.35676676
20f004b98f2a09152440a7d75b03d66ae45bdd60,model,metricx23,14.08228111
2127a9b574f5235d17c4e72abadcda893aeef03e,model,metricx23,0.201240167
21b213fcbda7666d29ba385cf4aaf9978767875e,model,metricx23,0
21b2c104690957655266bda53f61fe245c799e90,model,metricx23,3.614979506
21e7d94f86772b7d82e1dea493686e89c6cc1800,model,metricx23,0
21e8ed2d9a1562951d380cb25954615e29f7fec5,model,metricx23,0
225550de116d9d610b299bea4495606fd83a1b8e,model,metricx23,2.903725147
228277422277072584081acbfda85b2628830855,model,metricx23,0.397446394
2313b3a64feeb241357ad91bcd106fc99cdc5ee9,model,metricx23,0.367718041
234a86a6e06755fa59fa48587df22a9215e1035f,model,metricx23,0
246893396c4b46e9c2d82669a2fbaee53d35417a,model,metricx23,0
250d946079755b475b829caf89be1058f08705af,model,metricx23,0
2546339b78912e70d022c92e795d81cf2b2dbdf4,model,metricx23,0
2578e1942d0781637126efbb80d6dd19c624cd65,model,metricx23,0
257cd4572e0c4d111f954c54371f5eb912ba2c0c,model,metricx23,0.335054278
2618665100be076ad2a4bf4729218161d5e68775,model,metricx23,0
26e9aa666ef48b9084d39a6ef8ebce19aaa49e3d,model,metricx23,0
2722efee8b411f4470bd56639fbf1b3d6b464ed7,model,metricx23,0
283d585eb424d9034c4db6c3097593e815d7e9aa,model,metricx23,0
28b55c31554a5d612f56c017f2ec7f779529dd79,model,metricx23,0.577803552
28fa659fe0e8c092af37b3d50bedb16543b94ed9,model,metricx23,0
29be16c72d697002ad208c30bcbd1ee58a96f94a,model,metricx23,2.266036749
2a578b5d52de4ec9182884a99787ef3e881e5d12,model,metricx23,0
2aaf935f3d8bd47cdac4bc5ed082bafe494eaa33,model,metricx23,8.637227058
2af92ba457bcf166cd9f1bad78f0a04782f2978f,model,metricx23,0.784937501
2b0add218d00588b03b8d293aef1d11c64c642a6,model,metricx23,0
2b596bf42bf0a16b057c3f0500c5e3ae4b90dd20,model,metricx23,1.070689559
2be84ad895540667b4cfafae9051e74003c4dc32,model,metricx23,0.045370184
2c54683a48b1d8cd125f8e8bfe9830841296e227,model,metricx23,0.492872119
2c72574904aedcfa4fadf3fe4a186a146243e4fb,model,metricx23,0
2d67968ec039d92321bb0dd45edf5e40283422c8,model,metricx23,0.522160292
2dcacf10c6f6c733ec2a15228a0e36404c4751a4,model,metricx23,1.612898946
2e0aea39405bc544f7a26bac4e6104732dc77b99,model,metricx23,2.159780741
2e88c7d4f4730bfc06aff96e72bee74bfeee26ad,model,metricx23,0.283327639
2fbb1126373ab74cee5fe2add94a1cb1e753c326,model,metricx23,0
30097b1c6753307a317d856c3a00d793be1be0f0,model,metricx23,0
30201c2be158b57c386767db8ac8b74dca3dfb8e,model,metricx23,0
30965949e51d26353c9314c48f44f2f95c2ed265,model,metricx23,0.200848401
30e11c6fb100b0dc05637a45042ef61cbbb8e04f,model,metricx23,0.970606148
31109b5541f9ee8ea771e3c12833050efa9f8c9e,model,metricx23,0
3127ff82ab8c81ccf8abcb87c45e08822d51e8c9,model,metricx23,2.866034031
315a03bc6901df26611cea14c4d14f21dc3f4c0e,model,metricx23,2.121627092
319dadd2e601cc6543ab9eb9d546ffa0a29c421d,model,metricx23,0
31d66cc56000c37288bac1958271df27fa104c88,model,metricx23,0
32015317f880f41cfa2805e39f5425aaa55100e6,model,metricx23,0.100881964
321be8964f0cb22b988d015b6327200fc0336ff5,model,metricx23,0
3227f40af459a36c826a4cddeb69527879ab9035,model,metricx23,0.06687434
32371a0d21926a6332c579cba56c4f2c442f83b7,model,metricx23,0
3277d89fd4d722b13500775d32130eda8570883f,model,metricx23,0
33248398de2a6d36fcad0a2087278935677f5430,model,metricx23,0.283003062
333b3a84c35ff52f6ec3f3e6a9ce6ff8c609cfee,model,metricx23,0.776094556
33bc94ed3fab63832bcfe17543e87ffd0aaec99b,model,metricx23,12.43866158
33f9b845de65356a3b519fbad87ff62a27a4bd27,model,metricx23,0.254951388
34cbe32928bd514e1733df1caff2408ed9e51607,model,metricx23,0.786065936
34d6689ddb6793791a6c42c53d28eb05fe46b4aa,model,metricx23,0.523138463
35aaddac4ed1237bb4719b307b34768af97bb3e8,model,metricx23,1.188163042
35ab35243032bbfa0c8fb621b9632f6a38773f4c,model,metricx23,2.019161701
35ff77e72777fbbca61f67449ee40be4d0730c5f,model,metricx23,0
369bec129786b1b8b18779e1bdc580baa48d0287,model,metricx23,0
36fb4923b8fa8760d6781116003ae1e0292723d5,model,metricx23,0
3718dbca9baf6d962091532fe2cde7c955c53286,model,metricx23,0.782411039
37955953c5843da679ced3bf8abce78c61a82db6,model,metricx23,1.653140664
37ace8d5baf5a707c875ac396f337b3a096d8b12,model,metricx23,0.779888391
37b9ee3b0ee3879d8ee237564669d1d0eb9b2f04,model,metricx23,0.869479597
3848a94bab1d4aca408fca18b70c52d1f5b1dd6f,model,metricx23,1.058532715
38f9868a261e01e0d5055e52845eedfacf5b9dd5,model,metricx23,0.08928591
394f4f3f0dd124d36d16c644eaaeb2cdbb5ab548,model,metricx23,3.156231403
396fb8b82371181b1645dbf78b4a0f9ae6d672a0,model,metricx23,0
3982c1213bf3426dd26685adcab0cb3ed3ba99d4,model,metricx23,2.869179726
3a243d2b19f92827757c11d930f7af75d0cc6665,model,metricx23,0.481583297
3b1fc2b6201dfe2a15eaaf211768ca36df6b9a3d,model,metricx23,0.962364078
3beabab67aef1d01f3931edd9df24b1dbfcef619,model,metricx23,1.344132185
3c556b5664c60296d9a4023bf6d6bdb2f16c0e62,model,metricx23,0.400950432
3cbdcf582ef683217e40c284439cf2f27133f025,model,metricx23,0.697747886
3cd2bac553c7e63f5a0735c1fb39a0e27d2a0ca3,model,metricx23,0
3d60c8f8feca917160d787010bbfeebc28eb493c,model,metricx23,2.359399557
3dce7e14c7575c7328380fe10d8017951475c34e,model,metricx23,0
3e6631675e700837bc55fa46d80e3e2a100b563c,model,metricx23,0.36549744
3ea64cfbe523de55a74835a3d1b52a3da4eaab41,model,metricx23,0
3f300b02121b66537e4b3bb286f1515e0e2583ef,model,metricx23,0
3fc124f455111cfabfe4efd53c094b70445d44db,model,metricx23,0.121944591
409f2a86c6d099210e24616f3cc36af0d7d6258f,model,metricx23,9.625230789
40a02ef708479ff3bc45e44e0648fdaf0de040ae,model,metricx23,0
40bd0e7275a33375f7b4974d3f5a3d798793b746,model,metricx23,0
40daad4fb4d1d29364dbd57f8c316c2a60b3abd0,model,metricx23,0.186961293
418f03b62d50bd11e374c13d7a187a593302d8e3,model,metricx23,0.496063173
41f1856032999b9febf9bd4cac37294d162f2ac9,model,metricx23,0.613711298
41f3f9f350e9632b0c0bf639227a1226bb2cfa24,model,metricx23,0
42b2b494aa4eddb4f9cf1dccfe872a2071d61957,model,metricx23,3.165803432
42e6ff768062c19525334c8b2afedd18358802b0,model,metricx23,0
45489be87419c5cee7973f6546c9e3941a6ae6ae,model,metricx23,0
456e4668eed55444340674157fb259cc4fbcc1cf,model,metricx23,2.723379612
45cee2dfbf73b6b98d8e8ad82b1cf5fe6ba1cc93,model,metricx23,0
46173ca6c5c3b099d26b548b42fcb6ade10ae09e,model,metricx23,0.731078684
461f5851e021d9bdfb40a7a6ea7c7d2e8c73866f,model,metricx23,1.832150578
467e5d44de17d7763b64d0d2e2e92b364417c433,model,metricx23,0
46ce62ff3412bd42c5716f561a9f6002f4555041,model,metricx23,1.275608778
4773e1ba7746bccde9e600ac3abb715ab61868ac,model,metricx23,2.917166471
4796a109e8a51aaeafb3d47785f6f9349d9910ef,model,metricx23,4.865923405
481ab944a05bbc7733817885d7501eae1cd56b7d,model,metricx23,0.509063005
4825536698b944be7ba6c68452f8512ddd6690b7,model,metricx23,1.010170937
482de8da34b4dae89174f010f38ee7b3c3642645,model,metricx23,5.408695221
484fafebc0eed98dcc4c673caa2186a05a72854c,model,metricx23,0.336058736
48570132c8ddb3ac3b622279671d65ea2d9d6b5c,model,metricx23,1.596110106
4885067ac2f066cfa990fb117b64e2b355ebc126,model,metricx23,2.923607349
48dadebe5e23ed35da35419dd713243b649f4777,model,metricx23,0.618911266
493cbfe46e6a45f74bd008c444775736f32f73ba,model,metricx23,0
4947d3d498ed5765c61ca92ffb9913b262024eaf,model,metricx23,0
4967f321a1d0f3e70d2f69858ddfd3ecc18793de,model,metricx23,0
496a797dee79164d5c5f3d3c775d80b8baf055ca,model,metricx23,12.25955582
49a8cf3160b231cfbaee06f7c2467b3e819ddcd0,model,metricx23,25
4a5d896ece18de4ef4bba5df48ced5ad9afcc48a,model,metricx23,10.4355526
4b0c4e91ae833a6480a6bc86152c27265ec2befe,model,metricx23,0
4b4f6f99fbb9b990af7554e2c7a7cd75e646bc92,model,metricx23,0.450131923
4b83d51e743734641207228b650579a69588ff7e,model,metricx23,0
4d9eb93aa149a88da90f6cb9a17802827702ec07,model,metricx23,1.560665846
4f4de3f855740a74df2ac944967e9f7d6a47c874,model,metricx23,1.251554132
4f7a4d7429bc6bd6912128eb52a392b915701e79,model,metricx23,0.025674909
4fd807b6360addbb4ce55cdf773a0dfd10aee829,model,metricx23,1.154204369
4fde45543cf5852c810f649ada7ed3ceda6f86f7,model,metricx23,0.030914769
4feb51273ee0b31101848b5b60cd0925504f8b2b,model,metricx23,3.798057079
4ff080df6db87d5f67c65b8d235dd665c7d618eb,model,metricx23,0
505c9a01450dec3b6035bdbd4e70b1c2f779480f,model,metricx23,0.262859941
50e22042ea676a4ed7f8bbad8f871e8be6d490e0,model,metricx23,2.095056057
51df3b4fab40b799a9c752b3986e239e36d37d68,model,metricx23,0
524eda58d4acaa66c5c406a5e4b03a180f795b79,model,metricx23,0
52744b81b0de7b9bcb641c126f4e588ae21f5b77,model,metricx23,0
52755fa969d14c9da462da7a4ab72aeddf76677b,model,metricx23,0
540879588e27ef1210a76a6fe68cfd3b71562376,model,metricx23,2.337332726
54359003d63c21718a1bb2cdffd612ed5a36665b,model,metricx23,0
54e535bfc9b712db9ddde27e91d4b3df6301f958,model,metricx23,0
552c8256981a68859261b897beba8967ba801956,model,metricx23,0
5530ecaa590332062e60c111c32ef1a2b58f19ce,model,metricx23,0.147733629
57a6d6dec8df8c877accb47a466287af33cc45d0,model,metricx23,0
57a8c4813084fe9fd5bb8f4a133ff67e4e3c333f,model,metricx23,0
5884b921b6045758e688dd8a4503bb7dedc6ced2,model,metricx23,0.958773613
5912721c0e8016a4306b8cf9097e1a0949e0ba72,model,metricx23,0.088259645
596aa72ed7f02be1f079a612aa51a71e00a345cc,model,metricx23,0
5973d5f07ab3995e36b54659fc111e4899d2daee,model,metricx23,0.974894524
59e4b34d48b33165d1f0f310a5386cdb1c780a16,model,metricx23,0.538465679
59e9d3c51b9f01bd82a8606d833151f5d280b1cd,model,metricx23,0.198821366
59ef7fed61892f3648e22a2f1367adb42232fcbf,model,metricx23,0
59f8c61bda6261f7b1aa80d9d0229df7df1c2186,model,metricx23,25
5a216c9a2e97c03d914aa46f0c991f71670e4994,model,metricx23,0.222634688
5a3710f12b77ffbf1b4b456d0d65dcf92ee80c7b,model,metricx23,2.056101322
5a410f62cf45825abe4d5b1916fce0c9f52a4fc2,model,metricx23,0.131261438
5a622df002584594ebe07f5f51135319f9abd314,model,metricx23,4.508090019
5a8f3e7918c18794699b1e70a8178a4c13b7e989,model,metricx23,0.445670694
5a97bd5f8c4aefe23e817891de768c7ede94729b,model,metricx23,0
5b69ba988b4260adf1f70454a43cda4d62249f26,model,metricx23,0.284198225
5bd18b45a4f7344f74342d7042d90f2d9b5e3318,model,metricx23,2.808282137
5bd1bbeebda925d86e6d5dcb466eb634d4671b4a,model,metricx23,0
5bda658268f064d07092af410c7d704295d4eb44,model,metricx23,0.435235739
5bf7d84c816b60b078f60257756861ec6fced931,model,metricx23,1.120778322
5c006b0ffbeeabbf6b3ed05cc7df5ca5d1bfd2d4,model,metricx23,0.835887432
5ca7d264065f2382a7566d45c563d917b5f64119,model,metricx23,0
5dfb39c732324e56e7fc9a8021372b436457993c,model,metricx23,0
5f4f7a72ff19350fda913b65aec3ab1024f39915,model,metricx23,0.874399781
5f6ba84fda45b37c463868fcd15b0e1ecea468d1,model,metricx23,0.163677752
5fed58786510ad0682b40692d488475832666b77,model,metricx23,0.479991704
600895147473f1c069d71f01cdd43dc7bfd5e6a1,model,metricx23,0
60cabe417660a4ecbc23c4bdd05fa708c774c9ff,model,metricx23,0
614885e3c2594757ae2ed13ddb2811a365f58ea6,model,metricx23,0
615cbc34a390f19b6b0b6f9f0cd9c2840fd72abe,model,metricx23,0.815947533
6190e519c3cc31ce568b6226cb8f5ec710fc6a75,model,metricx23,0
61e994abe0fa4be25267edf541b83f28f6c28c02,model,metricx23,1.735103488
624d25fb41f9cf4b55d04c8eb436377c3a45ce6b,model,metricx23,4.83880043
625860f5cec49b1291e769ce25ce945a459658dd,model,metricx23,0
6265e84b04bcdd0e191208e0a16324d51b19d44e,model,metricx23,0.38811484
627af4005c08984c5b415d1bbedbe7ab0b698a92,model,metricx23,0.096071012
627af443c5ade76c682f9363c7499cf370207476,model,metricx23,0
62d10eef6d9f72c630b79b011433419831198813,model,metricx23,0
62f76021b76144777ae88c378fba40313c0f161d,model,metricx23,0.720490873
634eced402d1526420b8d937a7d8079d2ea07b0f,model,metricx23,1.168824553
635dfcd33fff0c96f473dc83aa88a2e52f901800,model,metricx23,15.69214439
63851d693c8ea2f9cda2aa8b2a152b82eaf92624,model,metricx23,0.044355333
63ce72833447e73846044f9af3b0101914ef66d9,model,metricx23,0.015050538
63e14c466cabbaeda76b9d297b79a2c8aa606d4b,model,metricx23,0.613681197
6443d2eb4e2a5bf8fdd02ebd347f9ef9ef454852,model,metricx23,1.941316128
648a460dce478d3e2ef0ea59424e3e31dee4bbe5,model,metricx23,0
64fef683ead61f8abb2fea03183942b00b1b5981,model,metricx23,6.47243309
66017b23a574099ddad764fe7dfb1d1f758697c9,model,metricx23,0.669842005
66321b63b2e2eb79c91488697f05647dea7389f2,model,metricx23,0
667cf1052c8d71355a7e5ccaa16b5d3765a74c0b,model,metricx23,0.039741393
6681e076a045194d31d4b0ec3ff9bb5d0952bc5c,model,metricx23,1.217223287
668b6c00d39f2f3ff61628316f2270f473ac214c,model,metricx23,5.776931286
66b6ada4122e3030f8d14409eed4a15d7f6abef1,model,metricx23,1.992151022
6732d65ee083db463495f5002f1e2ed6816d401e,model,metricx23,0
677c09fd1cb5e165b4554158fbce27c9fc7e5692,model,metricx23,0
67d5029946343113c464a53c894592441395c592,model,metricx23,1.035299301
6807a3f03af28e8ed7dee4318280409f4b421aae,model,metricx23,7.74245882
687dfa8d5f02ab11cae0df93145618ef6da711cf,model,metricx23,1.533424854
68f16001979b161e4143c38bccfa02c80cba9b41,model,metricx23,0.226659954
691e22a596f631751240365c7b490de6a00e9ecb,model,metricx23,0
69f066d936be63ab45b8386b65f33ceb6363684d,model,metricx23,0
6aedc5f06f19df8c689befc6f52c8b4d9b037978,model,metricx23,0
6aef29ca62aa30955bb2d58932f5abf88c6bdf4e,model,metricx23,0.306419551
6b38335a2be98bdf7543fdfe6de5c7d9592d235a,model,metricx23,12.78296185
6bb8fd4fb7b23fb77e661d72ca5ee0165d78e330,model,metricx23,0
6bdf17a7a51de0cedba57bde46ecd6260e23d670,model,metricx23,2.99696207
6c003c37a4cf1198c0e4d418a43b3c9ed9deb849,model,metricx23,0
6c8f578e95d5f43c4f33875eab9d5093ad040693,model,metricx23,0.731042683
6ce0aaefa81a6268c2f528bd1799c26cc32b65b6,model,metricx23,0.081073351
6cfd852a2b2ad49df219ab4e1f291e072b9b5e19,model,metricx23,2.324656963
6d57b5d755d5d60b6e775a8a7bb8b9c69973181d,model,metricx23,0
6d999b0f65e5187f50c6f0b042cc0e21048c6834,model,metricx23,0.802948833
6dd5a74f64c233a27631332474690437d6bc376b,model,metricx23,25
6e1cd320f7b92c117c658a182f78c8786758af9e,model,metricx23,0
6e83fa175403daa642bf94db05c7fce5adbc63b3,model,metricx23,1.347031355
6ee9083ba928af5973cc227488d5197bdb316776,model,metricx23,0.607918918
6faed76ad73112b3c1e977ac3963de31759414c1,model,metricx23,0.376050413
7021b5bdb3906e2b71eb69f69fc3f8c013f2ca23,model,metricx23,2.0890553
70574301b4de22f990c04ff68a396b115330d257,model,metricx23,13.89769554
706d25f785135993dc3daa10b9138ed7a9b1f485,model,metricx23,0
70ec01d158700aa2927ad5f850889859c626410e,model,metricx23,7.034808159
715370cf743261d8ea19cee5296bf13ca28a47d4,model,metricx23,0
717e20d92fcbc0e7a400c76aa571ffbff23c7890,model,metricx23,0
7193ee33487b0bdc8a9cf5418dc184ef10c01505,model,metricx23,0.785028279
72464269d274f3c94553180494f04424aff5f6e8,model,metricx23,1.371012926
72b09adea2dbd65a3d99dfa431c034c14180156c,model,metricx23,0.688781381
7306af179b5d7b27dcea44fe5a1e9e7ce9a8e293,model,metricx23,11.18014145
73092c2e504c33393335ee01bfc42184765d0127,model,metricx23,4.326152325
73139f821cf76aa99088ae158e553b21b4ee9294,model,metricx23,0
7366cdda827c3c4287f12f84a8be673f638bf0ad,model,metricx23,6.613061905
7376e654bd15452119a191573d7993c691f722fe,model,metricx23,0
73920e096c5cd1cb8f72df3b044834b4d4e01c60,model,metricx23,0.444127202
73dd7fa8e40ea55ee181d1688566f49c95977999,model,metricx23,25
740813a7ec6c2c013d7fc310087710b430b7cef3,model,metricx23,0
7484b50767d5c76573aea11204382a0e56794f3b,model,metricx23,0.299339712
74af4d1a59e6b86e2ff912c49ab0e277ef16c1aa,model,metricx23,0
74ca3fa88f968d07c8a0ba8e1cdad0bb87ca2a76,model,metricx23,0
74f60d919990a51a48b0b06c9705218c18d243f3,model,metricx23,0
757d25c3fbf701c83ba11ef17aea33165a8a14ec,model,metricx23,0
759d1a60fe07bfe8399ad84f1eaa7dcdde9f96e9,model,metricx23,0
75f52bc727df25d8f6d140188e51d5355aa9d146,model,metricx23,0
76a1dcd899ce7e64ec3f43abe0655cd57f6a9af4,model,metricx23,1.622101665
76af39b0e2956dd2e0e3abe9bed5c8d598f96bc4,model,metricx23,0.84000808
76c76bb280987469d38fceee3fc9a5f775df8d7e,model,metricx23,3.895017147
76da88fa9eebbee40b0b6dd3e35caccde914caa0,model,metricx23,0.179088458
772bf159801b6e593efc34f0bd942f06598531d3,model,metricx23,2.700423717
77b3f250ca0b226f7fe5830a56a5896336501073,model,metricx23,0
77db35356118ed694bea7ea6f88f5b3906794a41,model,metricx23,1.136603594
77ed6564217f1668b8a9e66ad5d4f1da0adc3084,model,metricx23,2.100055218
786b59baccb25433ab104ebed3b6591deaf58d45,model,metricx23,0
78c26754943a165217dc03b8d60dd35ef25aaf31,model,metricx23,0
79050668ea67e5002f3981ab670c7daa3a0fad94,model,metricx23,0.196632057
7984573af8ba53b59e14e25b06bc3f1bffd601bc,model,metricx23,0
79a11817f8d4a98307e0824c80868ace5865b093,model,metricx23,1.777763367
7acab7af1924573bdb069d1313f75643a2b38059,model,metricx23,0.699446738
7acbf2fa270e2974b849b7443db161f187d81c94,model,metricx23,0.327756405
7b1b1199d9074b93f3a94be770f42cec03ca106c,model,metricx23,0
7b1dbe275c4a2c6f6e5e766d0415154d0bd2f9f2,model,metricx23,0.926244557
7bb2718a0fab197e0a2ef683016e7d168d2d9bf7,model,metricx23,1.898987651
7be27a850e3aae8e5b2c659cfe94f320c47a8913,model,metricx23,0
7c0612043467eaad9def4b31caf02851aadfe9a5,model,metricx23,0
7cadf4089358465625975004263aee218b5ef87e,model,metricx23,0
7cb8d092815d8cbfc8eb573959f17706eccbf795,model,metricx23,0
7cdeac426487a3667b732e97fc22928c93bad643,model,metricx23,1.673661351
7d1085dfc45ee68b3831119abded38d6b25b7bfa,model,metricx23,0
7d19a7d1f51c00862d47e84405e842a4282e9a5f,model,metricx23,0
7d7487e04e516d9b48cf77dedd9b4d72c9ad3ffd,model,metricx23,0
7d9408dfccf044b80481097acdd09bd7790ff82e,model,metricx23,0
7d99d74253cb89ed8d78affc67e0814c1b7eb210,model,metricx23,0.5349738
7dd00501cf7148fc5a77efe8f7dd4da42d729d1c,model,metricx23,0
7e2a4ff9d24e0ed97bbdaeb8d000303ade385822,model,metricx23,3.55190444
7e848591ddbdc6322625455ee55321ad246edf8c,model,metricx23,0
7ea18bbb2442c0e07a63c7955d2225700e55bff4,model,metricx23,1.025984049
7f1455fbc789153c3eb6d33eac5680fe635973e9,model,metricx23,10.36429977
7f2cbe9e70848b20a30e7fec876d676c95139aec,model,metricx23,7.984357357
7fcd97b629e37c71ede8ac523d4652dba5e18c13,model,metricx23,8.723985672
802afa81d4a2159f3a2350484efc329b8878c68d,model,metricx23,0.137493327
8095468049f052f02c66e2c6fea4fa88fd95c99f,model,metricx23,1.172468662
809b3caf29857829ef87f6162b20b95888c8934d,model,metricx23,3.073462009
80a3c2302f88b7d69cb268abcdff81100c5fa3a7,model,metricx23,0
811f3894bc8c81d2b9c0b2fd7c1307796ce0849b,model,metricx23,0.100481182
816ff7006d6123b54d3c0d00e475d4b9e57d1ea7,model,metricx23,0.410260618
817493942a7e083a1fc2e76b96596bb90a4ac586,model,metricx23,0.022347711
81c58f46e907b6b04fa92607d09e5df331251203,model,metricx23,0
81dc4934426641725fb1b1121b6cffe9a17f7c37,model,metricx23,6.281517029
81de55bd590f467b90074bd2aa7649af69d94c64,model,metricx23,0.028718352
820d4d36c296e174b9cf212f18d2058b6019b4c8,model,metricx23,3.851746559
82bac8ec02fdb015b7b3c833de198051b5d06608,model,metricx23,0
82d6235fac22f9f16c833d75201d46a4336b1ec8,model,metricx23,0
839dd8d0a834ba7c493f07cd9b432241588589a0,model,metricx23,1.531957865
83d23c6a35d7cadaa100d16ef335b02fc3b8bcb2,model,metricx23,4.660974026
8410d3d4b1b09f36b0de2dd82a06bb5751d26101,model,metricx23,0
8420ea670f16c1ae9f06766c1098dc5dfdaca16d,model,metricx23,1.710643291
844b89fef440970044adff493188225401199b0f,model,metricx23,0
847d7d0b13b47a8152f4025bf6c94134a4ab7f41,model,metricx23,0
84c8ea6984c09539e31c7599467956c85563c664,model,metricx23,8.920791626
84f372c80cf02b332895d7ac8d403b6b109340bf,model,metricx23,0
850f1096ba33bc861164313bf10b9c8d2d6083ed,model,metricx23,0
866a4169a36469bd141957d100eb9d6066fab43a,model,metricx23,3.14155674
8694aabe9a1aa232e06032cae723f84492b5c7c0,model,metricx23,1.055948138
86a494e92fcd802d0aa2d9f694bd61ede741a6fe,model,metricx23,0
86c40ccddd5122fbe2ff35378ee721dfb4f49a4a,model,metricx23,25
86cef2d2351d2b4f3ef855ea8fa932677a6c24c8,model,metricx23,1.822242498
870511221a136dd6798b977b841c406693b527bb,model,metricx23,0
87322fc4317d1d57eb4b367f785d14b731262e0d,model,metricx23,0
879a417739f6bbdf6a6dc4103bbf2dee1c3a6df4,model,metricx23,0.651538074
87e0fdac10b0d4ad91fa7cd853ca85bd4919d518,model,metricx23,0.091900036
87e3f4b7e87ba2c03a6c3b96da49fd1b433f52b7,model,metricx23,0
89a86aab9a0d10df326a8e96f353e5878e76d654,model,metricx23,0
89ac42a7fe4439a1e1f67760708f3e94f03574dd,model,metricx23,0
89c4a122a8376801acefcbfbff8bc9d8840f1e16,model,metricx23,4.876943588
8a00ce7b4498d8ab675a5aac3df18a98329e486e,model,metricx23,2.381789684
8af86ee0a6a71ac2404422668bb2e0c7144e8f25,model,metricx23,0
8afc94ec777297fb135510ead03875f1620cd154,model,metricx23,0
8b383df9f61ef668700db1946986fd9b7e26d334,model,metricx23,2.353719711
8b70545642cdaf045d34aba9eb1b427d244be8cb,model,metricx23,25
8b728017fb2cd21ead1187aa79feb03c2fc42b91,model,metricx23,4.052948952
8bb06c2cbfe1bd099f6445ebe980755d6abcd827,model,metricx23,1.079239845
8c0b2bdd79e8ffa37e9465d247cc653ea502ba0b,model,metricx23,0.242708713
8c681f138869666c01a9c149764f0dc381a5917c,model,metricx23,0.102871828
8cdae10537878476fbe2b84ea51526a7a87a5762,model,metricx23,0.877284169
8d7a815fa6e50f38151eb57f6524c99ca7d2f9fb,model,metricx23,0.497921795
8d96bc4a573d9f8a43b44b650fb63e022d0a5329,model,metricx23,0
8d99627a9b05a6a05c84cd3afd2ee8ebbe60c1f0,model,metricx23,0.656860352
8db50efe8062e579537c5235524b17d60026a407,model,metricx23,0.240292385
8e2eb37e7a08b7446fe58d7c2a152397ee4c6769,model,metricx23,0.861878753
8e593973388399639eabb0c34b1556b54a26e47a,model,metricx23,2.885067463
8e8fd49a9734804f4334ecd15ba615eb6f317bf3,model,metricx23,0
8f15a19f19cb1bcaef07f89c03af33d032a9cfcc,model,metricx23,3.964199066
8ffad5ce01f3eca6f0ad37c61162ebdb8c06014c,model,metricx23,0.005713232
908aaaa922054ede9e07056680346998ae0929c6,model,metricx23,5.655724525
90f24c1c91e46787ba109caed736cfedb293e45c,model,metricx23,0
911f2f825a93e3d27aa26368ad87eb6f54dbcf69,model,metricx23,0.611687183
91690e37cac6efa7052d9445c964f6bc30f5d5ba,model,metricx23,0
91836b79076bfdad7e6629ed21b275a3fa5cd30d,model,metricx23,1.927681804
9237841c3325714d47158c045c9773e538fd988b,model,metricx23,2.369687557
92a6a1086db5b6839414653ca40d11353663cf6d,model,metricx23,0
92e1cdab5303143c39211c1a8a5bb78661c8c0a6,model,metricx23,8.157793045
9306d668079f4202c71221b741e004df6f2e444e,model,metricx23,2.511844873
9323c63e5368ba99fd44a58845fb914be492153f,model,metricx23,0
9373de2a12b3d5c1a6741d2e0355bf613fb8da97,model,metricx23,0
940ca96d210e50163d7f110b79c45e5c78961eff,model,metricx23,1.812066555
948e53aa5d684810ea565fcf5e6cddcc1116e944,model,metricx23,2.277499914
94cc72dce14026172816ba199a63b338a7ab48f2,model,metricx23,0.512475073
951938ef77dad27019a6f54b7ee55b166a35e573,model,metricx23,0
95c857436753bae3882f6f7e6f5a99ce0016c7d1,model,metricx23,2.738618851
95f97c38fffc95d8a7fb9eda04fa8548b750d1c8,model,metricx23,25
960c4962ae7d01a0d297467dcb6c2efc66a8b15b,model,metricx23,4.919420242
960d1593ec061fe57d84db73f882d00e51fa155e,model,metricx23,0
96173a3da68bda36f8f1009994a4e7c2f269ef20,model,metricx23,1.247931361
96d95c1e2af4c3568cffdc310e5e93c37d697300,model,metricx23,1.78655982
970b0b2d794e9642252c562ccaa6c4029fa64155,model,metricx23,2.039188623
9723236419333e680a0501e146d84d76f69970fb,model,metricx23,0.237542763
973f0b561bc13214f7932fd128eb234669d3fd49,model,metricx23,1.496837854
974caa22e2c86ad8ba5073a3d0530e1f870ab09f,model,metricx23,0
974e365b20b72ee7f0e6c6cd1f69a6fc4891e65e,model,metricx23,0.780746102
97b3127fac5bbd209a6b0cf1697d59c4ec72cc26,model,metricx23,0
9800c67c4d73bb9ca75d8d54e75154e9359fdb2a,model,metricx23,0.482414961
98577d9ca460fc3775ded2cbbcf239d4226027f9,model,metricx23,0
98b40a1aac8bdba3cd10bfc3bc5ced9881a39ca5,model,metricx23,1.512003779
98da4c99a9ac210ba9c4ef7e6d75e77f866bf361,model,metricx23,2.652736425
98f47229fe5b353fa4e4db73bb2d97d63546018f,model,metricx23,0.271545649
98f9f26757059772327c22c57e6a61dd635ffe36,model,metricx23,1.519297481
9947f32bf93c2faa909930f1f47c7572c2a9ba44,model,metricx23,0.17345044
9960a58f1665446ea2076633c13faf298bd4d043,model,metricx23,0.485037744
9982acf081bb0e92cef530eef662145da0ff5969,model,metricx23,5.587128639
99e3bd69c4f074cb5f1245ebb33024a42b983484,model,metricx23,7.332690716
9a1c480dfed61ec11c278381aa66b0bd65dac3b3,model,metricx23,0.524756074
9a4ce16b8d1e962f94e2a8945b6d773bd6b59d6d,model,metricx23,0
9a88fb66675988d4e3e53f5c4d560b406be16adc,model,metricx23,2.985054255
9b1300bf13adbf74106d550ced043f7c559984dc,model,metricx23,25
9b6ac8e19de5dac834b702afefc3e7c973e391a9,model,metricx23,0.442456126
9c614fe01ff0021d39492317cbbea8dd581a3b16,model,metricx23,0
9ccc67e37a2df75b8227904c2d88832b44550399,model,metricx23,0
9d343d6719b4124d3f760a4a3a879357439ff0fb,model,metricx23,25
9d752b5d4a1432d7553476fbd465af5ae3aa3bf4,model,metricx23,1.057554007
9dd983d834b37190ba0a8e993e1290b0e1351045,model,metricx23,0
9dec0a71790ff51afb5e71647e837d72da3fefe1,model,metricx23,0.078335956
9df764508baadee51374d408011836430453b867,model,metricx23,0
9f5b41bb78f3cfe47deaa8b2e0644b1ce9abe91a,model,metricx23,1.062964082
a02e47b3b09813d2c2cf744337b240ed9b5d24b2,model,metricx23,0
a0773bc3abfaaf905ee13f2b989d8d8e77be70b9,model,metricx23,0
a0791b1392d79d0b7aa5e4ce8c6a1807a1878aad,model,metricx23,0
a12c226d695665706c536efca6a9e9df1d050e45,model,metricx23,3.227534771
a19fc8e0d9463026b01e2237b418720ca3ce9b09,model,metricx23,0.056120709
a1b4aeefdf1feb3f16ba30dfac6ddc888fcb20d9,model,metricx23,1.575423002
a24445327e1e6c399fd3da56df32d59d37a32d38,model,metricx23,0.216530606
a25e0a034bea78f541c0b097b7c30742c92b3a74,model,metricx23,1.918955564
a2edb76ef8ee4a58202f0d46eb30d40baa01db5d,model,metricx23,1.825714469
a34fbb067cbd14cd6a31f48b71723ed4dc0826d9,model,metricx23,5.539698601
a3c358d94e8dcdac961fd0af1c647e5917f11b3f,model,metricx23,0
a3c3cf89f0cdc432c495594d8b4478cc92a28a41,model,metricx23,2.823028803
a3cbe57f0a37bcc1bbf4392ebd394ea2c33b8afe,model,metricx23,24.21632385
a41c848b7e85308a6d59d8754b98ecca5c2a496a,model,metricx23,9.014059067
a4621b4421747e1eeb02f3b5553bc86e958bc942,model,metricx23,0.470479965
a4c05056fa05c31cd188bb925bd7129a27da63c8,model,metricx23,4.799477577
a570791ae346cd4a655e8b9babe6b5814004490c,model,metricx23,0.57402885
a57b1f61060d71a65ffadf47cd9e1e6e32775a10,model,metricx23,0
a6193af9be59206bfff0be15c3bd68ebaaf34894,model,metricx23,0
a63f2ac9d9e92876cf10bcaaac9359fc5dc19928,model,metricx23,0
a645da4a68a739b0e75a260be225db5c657d09a0,model,metricx23,0
a65f271f1ab821b4b97bf7c9dc7990c01ac1903b,model,metricx23,2.651967287
a6d09b6180fc68829112be619074f860614d6b0e,model,metricx23,0
a6d3d9faa1935f106767724fc62ad990ecfdc7e7,model,metricx23,0.108957261
a7cdb9493bcf3398169af61bfa15d46a8d7905d7,model,metricx23,0
a8089d829a0eaec23b831d26142e5c6cca905a01,model,metricx23,0
a809ae6b2d8a9ff09956c23fdff5e4e43c547422,model,metricx23,2.376940727
a80d7def3493d223517c0d7d268add2eabbc79ba,model,metricx23,0
a85fe9311b3d8819b5b98a750664b73d9e29062d,model,metricx23,25
a861081bd228a2833a033c7641331b8da4cf3f75,model,metricx23,8.595653534
a8b126ad58c3a9f135a99e99ff322542b936fd2c,model,metricx23,0
a8cd1ded47af69037096210be864861b551d70d4,model,metricx23,0
aa2255a0726d23a5c74a3a902444a96f6b3a9c62,model,metricx23,0.671871424
aaaa7aabae54e895cbf69d6c73642e9e09524b6c,model,metricx23,5.272068977
aad932c4541f26a3701a62311c1e5ff4b0dab646,model,metricx23,0
ab4cdd2ad313b18a6a2c28f35ba31fcba197438c,model,metricx23,0
ac728865d197f6c4df39a8e83b9a303ee6296702,model,metricx23,0.031938858
ad66d76049f2a8dcaf9dba95253e1c0d304b828a,model,metricx23,0
adee43331f7338f0c9c4a72228033be4df4dec86,model,metricx23,16.67350006
ae1283e151beac8b1cec137a1415bdd6421ac8ab,model,metricx23,0.035583273
ae2820ffc67733defb10442de981e8942ac9c923,model,metricx23,3.026130199
ae783a5ee74a975c46411b99e77b93beafe3ef0b,model,metricx23,0.416222602
af1c0eeb0a6ca8aa3d40a647071b3ed9704e27a3,model,metricx23,0
af2b64a603f0c7a9c27482f435417aae289ad230,model,metricx23,0
afdb2efa0b45fbc29e29811bc99e856c934de0ef,model,metricx23,1.904207945
affab9a235577c4aff1fb28bee7001c64005a0c6,model,metricx23,2.779994488
b0346634e17603ebbfd5375942399f28ae13d597,model,metricx23,1.107675314
b054601934791d5b361a33980c7a8bf65e310def,model,metricx23,25
b0628b995da51161a4a82bf282d4667334f5239e,model,metricx23,0.19430387
b07a35682f257d8dd72a3fd1ca9bfa2dc42663de,model,metricx23,0.709376812
b08aad1464629022ccc95ce0c4e6fc662ae1c213,model,metricx23,2.619347095
b0f3e51851018d2c7f8f5c7ca5b1970221eaf000,model,metricx23,10.99206734
b12d74a0c1efaab95de155263fc339a809eaf80e,model,metricx23,2.168965101
b1392c411fb26a13435222665626b30f97ca3b1b,model,metricx23,0.415580332
b13ab40de07bf1a3d7c898b41025edc071d45179,model,metricx23,1.7364887
b2464c2193c0669b93486d394f53fc52cfa27e3e,model,metricx23,7.547027111
b2749be01ef623373c363c94262b41639fa1a7cf,model,metricx23,11.02126122
b2823a6c067844eb1cd386632577de12ec55564c,model,metricx23,0.939267576
b28fd14764b1b3e0d41dc913bb622f7eef1d8749,model,metricx23,8.070996284
b2bc619dc48e669f2593bc442ff8d5a859a2e9b4,model,metricx23,4.250141621
b2ca5f8629a7b5fb2477fa68c53f496a42add35f,model,metricx23,0
b328fc73453f760f6e842e2b573eb1ec6cd04ca7,model,metricx23,5.420584679
b37b2b5b025c577a7480813cb5d21e5211b69375,model,metricx23,0.562958002
b466d36fe52b190ae7da1e2ec16246f37b027e41,model,metricx23,0.896266282
b4819d66284ba8ac6d3692af17b68aee61c963b9,model,metricx23,0.261133403
b4e9a2fafc5f41c180e374a6bc8eb563cebb1968,model,metricx23,12.74623489
b4eff200fd8cfd311606d53104b4607b6c48ea9b,model,metricx23,9.179670334
b535a47412d4f62b0aaecfce07fa3a1cf8ca03a3,model,metricx23,0
b5a7c7d521ccb75e1dc487863cb3d663b2f1002e,model,metricx23,0
b685681c665f6bb8591e6376137a0f23739b1ef5,model,metricx23,1.932288766
b6f68060cb80924cfe6f34153ca3ad491ec90e36,model,metricx23,0
b7389fe705c2940a43e07c9de22b61a2b6c7df45,model,metricx23,3.981064796
b7896967004f1f431498f335da96196c06eb9029,model,metricx23,0.721534967
b7a2d0cbdc170b6cf44a5186deb8068a3c757aeb,model,metricx23,0.051354416
b7b15be52847f34c3f4e89f79916b7f1eef935f7,model,metricx23,3.208498955
b7d093ea46ae1c7294264f7dc2a1c6c6e899a894,model,metricx23,0.420733809
b7ed63e3e839a47424b597fbe9afe34a02f2bff7,model,metricx23,0
b85c5e0dd860cced371f80ec7c3642d4d8a8dccf,model,metricx23,6.083232403
b87d4f00bf501f6f75d6245cd75fdc8e5399fc11,model,metricx23,1.436682463
b8f6dd7ae7479186d3b97065fdd405fce96b8592,model,metricx23,0
b900fbe14a91f99ee038809476147746529eeb7f,model,metricx23,3.966627121
b9bc681457faf51e41e8b6c34b473380b17f5975,model,metricx23,1.045871973
b9ecb675cba911185279d142ea86f1247ee2f723,model,metricx23,1.026126623
ba4bf54c3c4968ce6e73cb6a03348a18b8780835,model,metricx23,0.07916826
ba61e17ad9f813bab58a23438fa22b92d3ff4876,model,metricx23,5.069001198
bb58f4edebd88e642c145866d2f9b69fca840ffc,model,metricx23,8.680997849
bb9e4dd58a0179b8f2bf12af8cccf24efeb0ff32,model,metricx23,0
bc3c0ea07a77158fad82caba8a2c6cc567910e09,model,metricx23,1.938348293
bc515e0b2e22698ebf2d43848e13530cab176063,model,metricx23,3.06616497
bd84145f8d2dc4e21a48c3977bf3ea667b92e865,model,metricx23,0.911596179
bdef84ce6ca276a28e4c9bce00c83d02c8491066,model,metricx23,0
be2a0403c02699697d4ae74e9e34e6235065c47e,model,metricx23,0
be7a769dfff62216336f188f42d15f9536cc177f,model,metricx23,0.082276605
be993068ab76d232d566068fb4698e0439ab9263,model,metricx23,0.991022527
bea1cd7bbbe650b1f6f8af958cb8625bc9c3867b,model,metricx23,0
c050373c67f62d403af007d9eb5d13e0be7e7499,model,metricx23,1.289139986
c0c98b9e3b09f1e6802dbc745373568ccb6a6f57,model,metricx23,0.035066165
c0cba93840432e5476f93796ed6222493492293f,model,metricx23,0
c18ee24947a7223765862efb5afd70b3f59acb68,model,metricx23,0.878867626
c1bdaab68b357149b7f382064c6343dc439ff91a,model,metricx23,1.565945387
c2d2726f8d89d3f3265bbcf4ec41ae071d08bf73,model,metricx23,0.940499604
c2f272537b75df8c6ce6ca78d4bc2b42bdb78ea5,model,metricx23,0
c377eb8ff288faab7853b1f9f6b8c8013ce2711b,model,metricx23,0.910248518
c48d6a447849ec7c7d02502cdba0a1d960ecd4c7,model,metricx23,2.05341363
c526a3cd729a7f1a2ff6f6c6e1ea7112870fabf4,model,metricx23,0
c5c65102d7af89114b01bb1dfa3afb6f62e0b111,model,metricx23,0
c5fbe52d4985c864997ff32c9ff986c7685ded1b,model,metricx23,0
c7bdb8284c813ae6590f39a0b57adb193cec359c,model,metricx23,0.960278213
c7c7405ae8cb55c8d762032e0e075fe76cd4c633,model,metricx23,1.427007318
c83bf411fbe1f734e88266d19f7df0ebeb72477f,model,metricx23,0.132546291
c85634cf9e18db0e34b8a0a95f5ac377ac9554d7,model,metricx23,0.997257292
c8c624dbc7c3057ea6e05871ae718ca159be2e49,model,metricx23,0
c92eb6937fbb3ce86073e9ab2d17557e39ecbe40,model,metricx23,2.77921629
c9b6ef480dde0947fa96ab6d62f3b19b8dc30cb1,model,metricx23,0.392074704
cacb2924a25959b9569b942cadb0831cbc039e26,model,metricx23,9.305976868
cb61165067f6dc6051bc1309a3f0591283db4b1d,model,metricx23,2.514279366
cba06a1baab78294bf4dbee0b04fc9475c662e89,model,metricx23,0.74162972
cbafdcc72ed819a9f8b44132c97631ea033e5f15,model,metricx23,2.940436363
cc0b4511f2a4459bd8c219f11b7f4573f9d5fee7,model,metricx23,1.638213396
cc568d38c06b4101e795410a11cf0c87e2a9d7f0,model,metricx23,0
cdd47730cf57e31c9285c8d1d5e756b714b3a82e,model,metricx23,1.154117823
cdea94f40e03c73dc26c5ab792e5f6a289d60220,model,metricx23,2.969436169
ce2090b839d7575936982674483ee199e0b52a90,model,metricx23,0
cf79d4048efb70c96f8c0303e10503f01694baa5,model,metricx23,6.929141045
cf9571f8588a92f7298c84edabcc853471e30e2f,model,metricx23,2.74271059
cf9f2e0669f2afc40a602b68d10dd859a0c6bb8b,model,metricx23,0.051095381
cfb927e084eb7136f3268d929503f0acc457fa5b,model,metricx23,0
d0bf1ae7d1a372128eec87d89e7ab6428eab614d,model,metricx23,1.240747929
d1a1a80944090dd77baa1f3096e79d16a16bda01,model,metricx23,2.789505005
d1eceb6e16de9bb30ef5a1090f9639ee86694689,model,metricx23,0
d1f91fdddc8395c2822726c219d116ff16c65287,model,metricx23,1.349879146
d282b1423029bc6d61e936a527755a16d148b1f1,model,metricx23,0
d2a4bc97c3bdbeac499f3ede34659ded6398e23d,model,metricx23,0
d2bcdb9a6c5643cadd687e30e258851c1faa0d15,model,metricx23,0.213496998
d2f14a6a01a708fbf43d640fd24588606b9fc0a2,model,metricx23,3.762506485
d2fc8b027bf6addfc2ad9b55283b0ac698548233,model,metricx23,1.570282221
d3579217452bedd5d8363699de053edd6fbce7b0,model,metricx23,0
d410695f81b34108d5606efcc44a1fce25e62543,model,metricx23,2.425742149
d4b0d30d6a00a9fd816ab721d8725bcc4e989022,model,metricx23,0.707223058
d4c18139afaac813c7b85c6a3202c198d014a09f,model,metricx23,0
d55c3917228dd77647a06768158a39eec16aa95f,model,metricx23,14.8644762
d5969d7c372f4204adec13a82af90a396b86904f,model,metricx23,0
d6a9d7e5b14ef7e67a514bc54b9e7df595558dcb,model,metricx23,0.536322713
d6bbdf04aa22bf24efa358ed359ba62f3b0141fe,model,metricx23,1.784499764
d74f21e17df866b6f28c3775b18a6fa96908b87d,model,metricx23,0.116777629
d842f63bec2c05883b03b7c356e4c186b3f67343,model,metricx23,1.5161376
d85af8b918be81f48e044d759b1fe041ede65503,model,metricx23,1.716647863
d86cee21c710e9699c77a746da3eaa3fac8c790a,model,metricx23,0
d8f0435a650053ad13c06078b91535e19e426ff2,model,metricx23,0
d99899a7ae75c5168e1618350fd71c32ab0e9fe2,model,metricx23,0.970819712
d9b5deb24c0ce29dae61acabc49c7a5efdd2e29d,model,metricx23,0
dac6e8547443a16d7c7c73428c48329d88d7d65c,model,metricx23,0.760678053
db536e6b8fb52194e96e1ab0c303df427a250671,model,metricx23,0
db714b9d220b9460a013913641ebcd944cf3daf6,model,metricx23,0.007332504
dbe8a172b4ca9be01ea458cb204b01eac3aa681a,model,metricx23,0
dcb78c1ef4e5c9ac865f435705d06ba8e657f509,model,metricx23,0.131027758
dcc8a1270980858a1977a37b8afe87aad1099b5c,model,metricx23,0.193315059
dd02bbc9c837713ec897c6d1381b0120f375b6c2,model,metricx23,0.019529577
dd4e7ad7a086cca50c304fa48f0d63acef501b70,model,metricx23,0.241695285
dd52d0af5f8bdc96d7faa12b5eca364ce7638f1f,model,metricx23,0.103282928
dd9bbc9fb2fb299f309d9eed3250a11276975a28,model,metricx23,5.375722885
de3c232714dfd74bf19ef7d615dd99d18e2ea0fe,model,metricx23,0
df12d705e368f959fcf73a64f38e748973d5efee,model,metricx23,0
dfdeefe4f9fd00fe929510ac3593014d981165b3,model,metricx23,1.637699127
dfefa546f2d36f5750812d773aa7ecb3eed57ae4,model,metricx23,1.589486361
e0b0fe2005abe6b299b20e40a7f5943c6d712879,model,metricx23,0
e0b4c6c6c3b7cbefe21ee71ff7d6ebf1abece567,model,metricx23,0.247169137
e2537df5381b750f0eb6f8d0f000aa8bc434fed1,model,metricx23,0
e29761a2773b31f163476f680b3551ce7e4b3a33,model,metricx23,0.082418256
e326e7b27ad0fdc2bf43ecdf2c14ce5bc813319c,model,metricx23,0
e336656105574f313527ff331fa00764443ab7d8,model,metricx23,0.281371295
e385320dfc9a15d3d199eae7c6658dc8a3dc8cad,model,metricx23,0.004772335
e3b519cd1b1c7f1619ef8021f3ab48a694588c63,model,metricx23,1.886248827
e513b6c6fc8108ed6b8d3b7212dfc9448b234bbb,model,metricx23,0.257180095
e59b1434bea2180244e2c6064b3fd2f7bcc7a4d7,model,metricx23,0
e5f907600efedf74ecd4e16e0726e867dce24723,model,metricx23,0.072154447
e60566c606f65b6b313d1ed2bdf1b4a1f4aa95dc,model,metricx23,0.148722529
e684305a55baee99b5e26b80c078d1ff7cf3b18a,model,metricx23,0.391645908
e7b7b8baddfdf91ab0047c1aa6236bc382a5c8c1,model,metricx23,3.018836021
e7e47687ffbd8fc05ab8cfb989f31d54f8a1c8bc,model,metricx23,0.076146424
e8059679af667fc496a6c06f9fbf19e82fb03885,model,metricx23,0.938037872
e83a489459e419a0944f58e2eba82e3d0ec78807,model,metricx23,0
e8ba90529d46927957a57b637d7c2fcd82519f47,model,metricx23,1.054161787
e8d330c8e3f37ba06d21398516146db0da2f9235,model,metricx23,3.380069017
e8dc958a57ba075ea5b25a937aa8b33d5b69d969,model,metricx23,0.236740425
e9010ca4b313bd7e8604ce3049d6f5014c11c8f2,model,metricx23,0
ea00b901da45c5edee7d1ab2689e589b3ef42099,model,metricx23,0
ea0b26d045dd1c5a270959f9ab740c0f78a514b8,model,metricx23,0
ea433f9a1f3a7a61682fd244777b4ac4094feaad,model,metricx23,3.861940861
eaaf79b98cc2926c54f09ff774473831adcd19cc,model,metricx23,0
eadbfe241699725895d374a89f62fc58ab4bf456,model,metricx23,1.651839972
eadd5204f1ece5acef73a3463a1415f8d1ca7a5c,model,metricx23,0
eb7dccb5cce704e34cfe7dd53cda4bc6e469debe,model,metricx23,0
eb852247cce27c58dd0901143dedb1ac9b6bbaff,model,metricx23,0
ec04ac095b60d9a0b31f0b5d72a214a60f127ef7,model,metricx23,9.918869019
ec2a3c1ed00ff52458014d33e70c84563bb3a35c,model,metricx23,0
ec2e2d79982cdbf1d590b8573ec7f5c860b3264c,model,metricx23,0.942590237
ec9402c0f9938db26b7288b4dd99e6c5b86056f5,model,metricx23,0.438092291
ed5384a7dc743ee6f738c279ba62d015f5866870,model,metricx23,6.915057182
ee195f15da69dfa9902145e6a671ecdafae39af1,model,metricx23,0.195599869
ee9c49bb95a22783949484f1f2238841f9926704,model,metricx23,1.362047791
ee9fdf8d6f86c60dfdb9f95346351608b0d441db,model,metricx23,0.000275835
efb6187d8fd73fa684008ac36d2107ad86a118fe,model,metricx23,0.700209022
f031ff9962d32ad3778cb9bd13321ad4dda93ec9,model,metricx23,0
f0ee30fe144a887631635f81dd3d60ffa3acccf3,model,metricx23,0.122873157
f1bc17903487dcf17324c24f87f24d46a0849cf2,model,metricx23,0
f244a3c2792722b06ee82f84ed595ad4ccef0918,model,metricx23,0
f2495270b5001f07a43db9f8880dd5d61e517350,model,metricx23,0
f2dfcf0bcf9577e02e09998eed771caf82f962e9,model,metricx23,0.585630059
f32027460d1bc7e18f5257e1a0be16f93f4a43be,model,metricx23,0
f34cc01a5bb417cd41ac8a566b15b440c38f4a61,model,metricx23,1.06799376
f4966fb881ad0befdbe18815ad439cd1aee6da10,model,metricx23,9.442525864
f52284394545299528da755e96295f6d9123764a,model,metricx23,0.628109396
f563f460c2d7abaa71b58167dd58790399415e66,model,metricx23,0
f5a0a53aba630dcbc03b4b3d7c1c8dfc95e4a4ae,model,metricx23,0
f5b6f04b513d4998875f47112e4b4146a8d09f4c,model,metricx23,1.005824089
f611b65f3d26583a03fd0fddd19239b6a743ce05,model,metricx23,0
f6391f6f406d73bf364b2d38567a50d20f2f50ea,model,metricx23,0
f67e18dfbd86e80c8b68c56465b17d85e3b483ff,model,metricx23,0.239686131
f6db262f97dab612d25e1f12831a8d4ba5373750,model,metricx23,6.596666813
f784304e48ff216814f401ba80f689d3fb93aa6c,model,metricx23,0
f82200c45eb94b387ec5a8710621d0e55d73acb6,model,metricx23,0
f88201cfcc88dd35915e861dacc956f6f98d05d0,model,metricx23,1.417882204
f898f8c1704e5bddad7d0463972c9f7eafbdc72c,model,metricx23,10.43135929
f8ef1514d27eebd8eeb59122f81ac8c40dec459b,model,metricx23,0
f8fe21d130448550da5240e4f3749cdf641e163e,model,metricx23,0.318356603
f9df89a8fe8fa0bb2812a2b268982c77ddb7302d,model,metricx23,0.701949954
f9fd5c3bafb7f28cd5cfff93a739649f8ee25b45,model,metricx23,1.318473816
fa155140bbc4c8c63b1295d2b7f1419303a906d1,model,metricx23,2.213547707
fa35784041a884070789d30fd365d61920ab6ea9,model,metricx23,0.479178548
fa45a133d7b96d30382960a8ec498ffaa500dc9b,model,metricx23,9.73525238
fa5ff1fe2774dcb101a8dd35bbca2669951b4365,model,metricx23,0.907065332
fa889e2afe648e07006fea8dacb7e359190043e7,model,metricx23,0
fab4c1d710aa379521f9b11c53c233d44cb30723,model,metricx23,0.136805013
fab8f611c4ad7e5facbc10e7b90f9e692cdeddfb,model,metricx23,0.632159114
fad5d3576790aa0e8beb8cb5daef2ec3947fa6d6,model,metricx23,0
fb6c74d9f1918fc0bebbd037cdd8a07789bb7120,model,metricx23,2.147154331
fbbd580602218a463be1f46ed6289efb068ae9f2,model,metricx23,0
fbd60ec3ead4fe409592a8ea3c015a03c59ccdf2,model,metricx23,0
fc42552f9cbc816633c415489da599b302ba3c9d,model,metricx23,0.516369641
fc60284ccc5bd521870f32320160eb4a66cbfd4f,model,metricx23,3.510432243
fc6722ec83328e86f69a0f4bb62401300de331f2,model,metricx23,0
fccf1f847f5c34540cfed79490371931d6825ff2,model,metricx23,1.117838264
fcf5aacf160763fcd3b278dfede20741ae4713e8,model,metricx23,6.966248512
fd1486556d90d86d331b4fc4b80a383668e437c9,model,metricx23,0
fd3a0bea93434f6d9697778652786cd325456be5,model,metricx23,0.432002485
fd402cf9179547abfc797792200004d282ad9586,model,metricx23,0
fe1174924fd24ca2eb188220d9144f0c29223e5b,model,metricx23,0.021767773
fe25bcd030f426e30e428fb7ad3057a2d15d6168,model,metricx23,0.124931216
fe335617af357b4a31bba8b91b7c74f038d541d0,model,metricx23,0.420802534
fea474e76fdb59c1c33c9b90a942ea6bddebd48c,model,metricx23,0
ff4faae044cc1038409d8cab5eaec7983906a4db,model,metricx23,3.085860252
ff9bcbd0cebacfd79edd3f378adb7201b45a8328,model,metricx23,0
ff9f264908c223aa3b2676195c45beb64d4a559a,model,metricx23,0.261066586
ffb7abe9267e1c44588166d3ca3c7bc9ea876502,model,metricx23,1.494447827
006d9c4f67a65d9967fada5a33a7bee388e778ea,model,metricx24,8.625
00abec85374a10ea0f0733fc6ed83b63406705ac,model,metricx24,0.765625
00d3e801d792ad63738f2bf5f115c2b6f6f72713,model,metricx24,4.53125
014908466f9b88ef920f5a337b41691d42fdd7ee,model,metricx24,1.6484375
01a7e25c1b70aaf55be540de83462dc4ebfd90ce,model,metricx24,3.296875
025220a191cd00746e235024098587096722ec86,model,metricx24,1.1015625
026a87203f9560006280d25991d7369845fd668b,model,metricx24,7.09375
02702a4c04e3923f7300523b42d2171d6e82d01c,model,metricx24,7.34375
02827f62db47315bf16b5144d7a1020d62bd80b3,model,metricx24,0.55859375
028285cd8ea3650c692b577128e5695bc695f65f,model,metricx24,7.46875
0393f3d66e7f9459d0da23879d922857ab89f873,model,metricx24,3.171875
03a86e325a4de9a461692f63214e93dd80e5815a,model,metricx24,10.5625
03b5ffcdc1cb1dec54913773c14448b5bf978215,model,metricx24,0.478515625
0458ad4dfbde833d00f379bb93fffdae2e43067a,model,metricx24,3.890625
0586c348039debf5d3cfe1ebfa23a7710b7f417f,model,metricx24,1.6640625
05ac137df4953aa61d8c54f20ee5868e468719ac,model,metricx24,6.8125
060579c748deb692d1ff2fbd638d70074627f27f,model,metricx24,2.265625
064f1c01742a7177ac067aed943880e979fe327e,model,metricx24,5.09375
0682924fcecc79694dd556e943e50f5e197de52f,model,metricx24,12.4375
068de6672b6e8811504da07ee73782171f09c778,model,metricx24,3.71875
06aee728284a6f06a776848b0e14022ab7bffd85,model,metricx24,1.6640625
06e4e1392574db07353b1ac6e16970dc01196b33,model,metricx24,22.75
06fbe09c6be14d4aa2d8ac2e2bb6462bc578aba6,model,metricx24,5.96875
0746ebc49d7a634888072e852c5e4fc28dd62b84,model,metricx24,5.28125
0788ddede6418749303137efa2046f012b83ac99,model,metricx24,13.375
07d0763ce73e651b06156a36f39611c25c711610,model,metricx24,9.4375
0897fb5380bb620907ddc7917fdc86552f1875ae,model,metricx24,1.375
08bbb49cd73c56f1befd84a3e78f42929423172f,model,metricx24,2.546875
09a09abf254bebadf0414cdec09295097efd0a8e,model,metricx24,1.84375
0a6bc2d06b3b45ad171710b3ae74518cc1d1d420,model,metricx24,16.25
0b0b4a5693ee14b3e726bc82460a764849bc63b7,model,metricx24,1.15625
0b0dc91d76fb30e6accb8b5ad8725da615ad5b88,model,metricx24,0.99609375
0b83b9bb4a1d2aff77260d5e639be61729acb671,model,metricx24,12.6875
0bf76c191f72ef7f084d2d9b836ad4e6246b740b,model,metricx24,5.0625
0c19f87314fd7b1a58a2d0a47e81f98cac2771b4,model,metricx24,4.75
0c1b48e8b403d48f171995b5ff9a9a3817ba6249,model,metricx24,4.0625
0c3f576c119b1301a995d1d0fc316277d026cbbb,model,metricx24,8.3125
0c6bd822bf1e4a41f46fe8028ac548048f4d8185,model,metricx24,2.125
0ca3955c0c3b0b1306698a9008c1cedf1c213bb3,model,metricx24,0.91796875
0ce2ddff9d39d5b73f8f27cd027d1c48a55ac509,model,metricx24,4.25
0ce9fad1f1659b9c610c789b48b454167c70b3a0,model,metricx24,1.3359375
0d5f33e21768ee8cfad43f24e3c3feb93e59995a,model,metricx24,1.2578125
0d747bbc3c6dd43581116a2d2c874227cfadc466,model,metricx24,2.859375
0e024aa9a3966aa08067505120a4aa4c81b274af,model,metricx24,10.4375
0e6a99c6b6157eedb77ba651a3e7558cc17c6e1a,model,metricx24,0.39453125
0eb4dac1005758d358f9bedb9f05e6ff90608f2b,model,metricx24,6.90625
0f5779e054b19d688b1e693fe3af0c2c9b386ba4,model,metricx24,0.54296875
10db625af733fd61b42bd98ffaffb7a2b5eeb400,model,metricx24,0.404296875
114b9e1ce5b5fb52d0d03cddef42f6a036bf5929,model,metricx24,5.96875
114e6f0b468637736b5f15fafa80fc6922898c4c,model,metricx24,2.078125
11eb3063228a052bedb7db6f24d08df0a3f04ba9,model,metricx24,20.75
11fe7d1a450dfc61f64de8b4c3d75b1dacd08e21,model,metricx24,4.59375
129e11df90b0ad148cc98c909bad37be51ab236e,model,metricx24,2.28125
12ac89c1b3f37c564bb8ebaedb3e82557c997767,model,metricx24,0.91015625
13a6fa0a4a0dffa8dbf29f6a82764e4a65bb9988,model,metricx24,8.5
1465894633f14090f27598b853f27396bee53f31,model,metricx24,10.9375
14b3802353782424bf1b2b45d174eb8bc61b4f41,model,metricx24,3.375
14f3741f0bc1225948dcf2b94759dc543243b2fb,model,metricx24,1.265625
15a8faa5126ffdd9a48a85510118a94ed95bdd32,model,metricx24,4.65625
163f6630cd1f55d1416f2892030e72ba8e6636e6,model,metricx24,1.2421875
16a765535de47bf3b13ee7a9521c3e4d4bdcd7c6,model,metricx24,7.21875
16acceed38021bcff1d518c48c0ed2cfeef30aef,model,metricx24,0.66796875
178fa37efafd58164a2f8e8ee860b580e6bcf7b3,model,metricx24,8.4375
17fd4e47355b9916471304b0582b9069a4bbd920,model,metricx24,1.984375
18169ccf5f408192f1adab97e8b208103b046064,model,metricx24,5.25
184ba6f68a9c465352b3c635da0b3ad6b5112861,model,metricx24,1.5
185438f65fc3d29e1dc92041b659cf8d8981ab85,model,metricx24,2.78125
18cacfa79016389fde0afd28f2b03d60f2907ff3,model,metricx24,15.0625
18fbe6e2cb0081293f50aede1a33b6891c8c4832,model,metricx24,11.125
19b74e815da3a183dca72fcbb579ee0ebbacf46c,model,metricx24,1.1640625
1a562a389efa0abaa01741fcb3f4db953d8606b9,model,metricx24,3.296875
1abab6bc5ddf68a730eabd9f5f6f85658fc53b94,model,metricx24,1.15625
1c2886437147b98082b6d622f464a5ad12424c32,model,metricx24,2.09375
1ce15556a6ecd32e85dba5bb36dde4d76e1c5051,model,metricx24,2.140625
1d1f9f47ab31a71e1727b6f109cf9b7cc33f626c,model,metricx24,2.96875
1db3ca67955ba3523a1bc897aca84927657831c2,model,metricx24,16.875
1e18aa2502288f644f8ae414b02138929b6561e2,model,metricx24,4.65625
1f302d3672cbabea5a46c02c6fd156c344891270,model,metricx24,1.375
202c412f9755b74a78ee5cf92fd091ed1ab06b31,model,metricx24,5.75
20af7bb6971f087b4f24782699aa158f0187514a,model,metricx24,4.71875
20dce25879d07fc86300f9dfd1d44c08f9778dd6,model,metricx24,20.375
20f004b98f2a09152440a7d75b03d66ae45bdd60,model,metricx24,22.125
2127a9b574f5235d17c4e72abadcda893aeef03e,model,metricx24,3.109375
21b213fcbda7666d29ba385cf4aaf9978767875e,model,metricx24,7.8125
21b2c104690957655266bda53f61fe245c799e90,model,metricx24,5.875
21e7d94f86772b7d82e1dea493686e89c6cc1800,model,metricx24,1.6328125
21e8ed2d9a1562951d380cb25954615e29f7fec5,model,metricx24,0.73046875
225550de116d9d610b299bea4495606fd83a1b8e,model,metricx24,4.15625
228277422277072584081acbfda85b2628830855,model,metricx24,3.625
2313b3a64feeb241357ad91bcd106fc99cdc5ee9,model,metricx24,2.125
234a86a6e06755fa59fa48587df22a9215e1035f,model,metricx24,0.60546875
246893396c4b46e9c2d82669a2fbaee53d35417a,model,metricx24,2.59375
250d946079755b475b829caf89be1058f08705af,model,metricx24,0.81640625
2546339b78912e70d022c92e795d81cf2b2dbdf4,model,metricx24,2.4375
2578e1942d0781637126efbb80d6dd19c624cd65,model,metricx24,2.203125
257cd4572e0c4d111f954c54371f5eb912ba2c0c,model,metricx24,2.65625
2618665100be076ad2a4bf4729218161d5e68775,model,metricx24,4
26e9aa666ef48b9084d39a6ef8ebce19aaa49e3d,model,metricx24,2.015625
2722efee8b411f4470bd56639fbf1b3d6b464ed7,model,metricx24,0.55859375
283d585eb424d9034c4db6c3097593e815d7e9aa,model,metricx24,1.5234375
28b55c31554a5d612f56c017f2ec7f779529dd79,model,metricx24,3.640625
28fa659fe0e8c092af37b3d50bedb16543b94ed9,model,metricx24,2.75
29be16c72d697002ad208c30bcbd1ee58a96f94a,model,metricx24,9.0625
2a578b5d52de4ec9182884a99787ef3e881e5d12,model,metricx24,2.53125
2aaf935f3d8bd47cdac4bc5ed082bafe494eaa33,model,metricx24,10.125
2af92ba457bcf166cd9f1bad78f0a04782f2978f,model,metricx24,3.546875
2b0add218d00588b03b8d293aef1d11c64c642a6,model,metricx24,1.6796875
2b596bf42bf0a16b057c3f0500c5e3ae4b90dd20,model,metricx24,2.890625
2be84ad895540667b4cfafae9051e74003c4dc32,model,metricx24,0.88671875
2c54683a48b1d8cd125f8e8bfe9830841296e227,model,metricx24,0.83984375
2c72574904aedcfa4fadf3fe4a186a146243e4fb,model,metricx24,3.125
2d67968ec039d92321bb0dd45edf5e40283422c8,model,metricx24,2.984375
2dcacf10c6f6c733ec2a15228a0e36404c4751a4,model,metricx24,7.71875
2e0aea39405bc544f7a26bac4e6104732dc77b99,model,metricx24,21.5
2e88c7d4f4730bfc06aff96e72bee74bfeee26ad,model,metricx24,10.375
2fbb1126373ab74cee5fe2add94a1cb1e753c326,model,metricx24,2.796875
30097b1c6753307a317d856c3a00d793be1be0f0,model,metricx24,0.439453125
30201c2be158b57c386767db8ac8b74dca3dfb8e,model,metricx24,2.734375
30965949e51d26353c9314c48f44f2f95c2ed265,model,metricx24,1.4609375
30e11c6fb100b0dc05637a45042ef61cbbb8e04f,model,metricx24,3.4375
31109b5541f9ee8ea771e3c12833050efa9f8c9e,model,metricx24,1.3828125
3127ff82ab8c81ccf8abcb87c45e08822d51e8c9,model,metricx24,4.0625
315a03bc6901df26611cea14c4d14f21dc3f4c0e,model,metricx24,7.1875
319dadd2e601cc6543ab9eb9d546ffa0a29c421d,model,metricx24,1.3515625
31d66cc56000c37288bac1958271df27fa104c88,model,metricx24,3.171875
32015317f880f41cfa2805e39f5425aaa55100e6,model,metricx24,2.34375
321be8964f0cb22b988d015b6327200fc0336ff5,model,metricx24,1.0703125
3227f40af459a36c826a4cddeb69527879ab9035,model,metricx24,1.0859375
32371a0d21926a6332c579cba56c4f2c442f83b7,model,metricx24,0.50390625
3277d89fd4d722b13500775d32130eda8570883f,model,metricx24,2.359375
33248398de2a6d36fcad0a2087278935677f5430,model,metricx24,8.875
333b3a84c35ff52f6ec3f3e6a9ce6ff8c609cfee,model,metricx24,7.75
33bc94ed3fab63832bcfe17543e87ffd0aaec99b,model,metricx24,10
33f9b845de65356a3b519fbad87ff62a27a4bd27,model,metricx24,6.03125
34cbe32928bd514e1733df1caff2408ed9e51607,model,metricx24,6.25
34d6689ddb6793791a6c42c53d28eb05fe46b4aa,model,metricx24,7.78125
35aaddac4ed1237bb4719b307b34768af97bb3e8,model,metricx24,7.0625
35ab35243032bbfa0c8fb621b9632f6a38773f4c,model,metricx24,2.671875
35ff77e72777fbbca61f67449ee40be4d0730c5f,model,metricx24,1.8046875
369bec129786b1b8b18779e1bdc580baa48d0287,model,metricx24,0.859375
36fb4923b8fa8760d6781116003ae1e0292723d5,model,metricx24,3.484375
3718dbca9baf6d962091532fe2cde7c955c53286,model,metricx24,4.03125
37955953c5843da679ced3bf8abce78c61a82db6,model,metricx24,5.25
37ace8d5baf5a707c875ac396f337b3a096d8b12,model,metricx24,3.09375
37b9ee3b0ee3879d8ee237564669d1d0eb9b2f04,model,metricx24,2.015625
3848a94bab1d4aca408fca18b70c52d1f5b1dd6f,model,metricx24,1.921875
38f9868a261e01e0d5055e52845eedfacf5b9dd5,model,metricx24,2.625
394f4f3f0dd124d36d16c644eaaeb2cdbb5ab548,model,metricx24,5.9375
396fb8b82371181b1645dbf78b4a0f9ae6d672a0,model,metricx24,0.8203125
3982c1213bf3426dd26685adcab0cb3ed3ba99d4,model,metricx24,3.09375
3a243d2b19f92827757c11d930f7af75d0cc6665,model,metricx24,1.9140625
3b1fc2b6201dfe2a15eaaf211768ca36df6b9a3d,model,metricx24,3.6875
3beabab67aef1d01f3931edd9df24b1dbfcef619,model,metricx24,5.09375
3c556b5664c60296d9a4023bf6d6bdb2f16c0e62,model,metricx24,14.75
3cbdcf582ef683217e40c284439cf2f27133f025,model,metricx24,1.4140625
3cd2bac553c7e63f5a0735c1fb39a0e27d2a0ca3,model,metricx24,0.56640625
3d60c8f8feca917160d787010bbfeebc28eb493c,model,metricx24,15.1875
3dce7e14c7575c7328380fe10d8017951475c34e,model,metricx24,2.15625
3e6631675e700837bc55fa46d80e3e2a100b563c,model,metricx24,0.84765625
3ea64cfbe523de55a74835a3d1b52a3da4eaab41,model,metricx24,0.57421875
3f300b02121b66537e4b3bb286f1515e0e2583ef,model,metricx24,1.5234375
3fc124f455111cfabfe4efd53c094b70445d44db,model,metricx24,3.859375
409f2a86c6d099210e24616f3cc36af0d7d6258f,model,metricx24,10.9375
40a02ef708479ff3bc45e44e0648fdaf0de040ae,model,metricx24,0.52734375
40bd0e7275a33375f7b4974d3f5a3d798793b746,model,metricx24,0.98828125
40daad4fb4d1d29364dbd57f8c316c2a60b3abd0,model,metricx24,1.125
418f03b62d50bd11e374c13d7a187a593302d8e3,model,metricx24,3.625
41f1856032999b9febf9bd4cac37294d162f2ac9,model,metricx24,0.703125
41f3f9f350e9632b0c0bf639227a1226bb2cfa24,model,metricx24,12.1875
42b2b494aa4eddb4f9cf1dccfe872a2071d61957,model,metricx24,7.40625
42e6ff768062c19525334c8b2afedd18358802b0,model,metricx24,3.125
45489be87419c5cee7973f6546c9e3941a6ae6ae,model,metricx24,3.3125
456e4668eed55444340674157fb259cc4fbcc1cf,model,metricx24,3.171875
45cee2dfbf73b6b98d8e8ad82b1cf5fe6ba1cc93,model,metricx24,0.96484375
46173ca6c5c3b099d26b548b42fcb6ade10ae09e,model,metricx24,6.5625
461f5851e021d9bdfb40a7a6ea7c7d2e8c73866f,model,metricx24,6.46875
467e5d44de17d7763b64d0d2e2e92b364417c433,model,metricx24,1.78125
46ce62ff3412bd42c5716f561a9f6002f4555041,model,metricx24,5.1875
4773e1ba7746bccde9e600ac3abb715ab61868ac,model,metricx24,5.5
4796a109e8a51aaeafb3d47785f6f9349d9910ef,model,metricx24,6.5
481ab944a05bbc7733817885d7501eae1cd56b7d,model,metricx24,3.296875
4825536698b944be7ba6c68452f8512ddd6690b7,model,metricx24,8.3125
482de8da34b4dae89174f010f38ee7b3c3642645,model,metricx24,4.21875
484fafebc0eed98dcc4c673caa2186a05a72854c,model,metricx24,3.21875
48570132c8ddb3ac3b622279671d65ea2d9d6b5c,model,metricx24,5.3125
4885067ac2f066cfa990fb117b64e2b355ebc126,model,metricx24,18.5
48dadebe5e23ed35da35419dd713243b649f4777,model,metricx24,4.96875
493cbfe46e6a45f74bd008c444775736f32f73ba,model,metricx24,1.25
4947d3d498ed5765c61ca92ffb9913b262024eaf,model,metricx24,2.484375
4967f321a1d0f3e70d2f69858ddfd3ecc18793de,model,metricx24,0.6328125
496a797dee79164d5c5f3d3c775d80b8baf055ca,model,metricx24,17.75
49a8cf3160b231cfbaee06f7c2467b3e819ddcd0,model,metricx24,11.625
4a5d896ece18de4ef4bba5df48ced5ad9afcc48a,model,metricx24,13.875
4b0c4e91ae833a6480a6bc86152c27265ec2befe,model,metricx24,1.1015625
4b4f6f99fbb9b990af7554e2c7a7cd75e646bc92,model,metricx24,4
4b83d51e743734641207228b650579a69588ff7e,model,metricx24,5.25
4d9eb93aa149a88da90f6cb9a17802827702ec07,model,metricx24,8.9375
4f4de3f855740a74df2ac944967e9f7d6a47c874,model,metricx24,1.8359375
4f7a4d7429bc6bd6912128eb52a392b915701e79,model,metricx24,1.2421875
4fd807b6360addbb4ce55cdf773a0dfd10aee829,model,metricx24,2.15625
4fde45543cf5852c810f649ada7ed3ceda6f86f7,model,metricx24,11.5625
4feb51273ee0b31101848b5b60cd0925504f8b2b,model,metricx24,24.25
4ff080df6db87d5f67c65b8d235dd665c7d618eb,model,metricx24,1.640625
505c9a01450dec3b6035bdbd4e70b1c2f779480f,model,metricx24,2.296875
50e22042ea676a4ed7f8bbad8f871e8be6d490e0,model,metricx24,7.375
51df3b4fab40b799a9c752b3986e239e36d37d68,model,metricx24,0.186523438
524eda58d4acaa66c5c406a5e4b03a180f795b79,model,metricx24,0.76171875
52744b81b0de7b9bcb641c126f4e588ae21f5b77,model,metricx24,2.265625
52755fa969d14c9da462da7a4ab72aeddf76677b,model,metricx24,1.2578125
540879588e27ef1210a76a6fe68cfd3b71562376,model,metricx24,5.9375
54359003d63c21718a1bb2cdffd612ed5a36665b,model,metricx24,0.74609375
54e535bfc9b712db9ddde27e91d4b3df6301f958,model,metricx24,3.25
552c8256981a68859261b897beba8967ba801956,model,metricx24,2.3125
5530ecaa590332062e60c111c32ef1a2b58f19ce,model,metricx24,3.1875
57a6d6dec8df8c877accb47a466287af33cc45d0,model,metricx24,0.233398438
57a8c4813084fe9fd5bb8f4a133ff67e4e3c333f,model,metricx24,3.15625
5884b921b6045758e688dd8a4503bb7dedc6ced2,model,metricx24,2.28125
5912721c0e8016a4306b8cf9097e1a0949e0ba72,model,metricx24,6.59375
596aa72ed7f02be1f079a612aa51a71e00a345cc,model,metricx24,1.5859375
5973d5f07ab3995e36b54659fc111e4899d2daee,model,metricx24,10.3125
59e4b34d48b33165d1f0f310a5386cdb1c780a16,model,metricx24,1.1484375
59e9d3c51b9f01bd82a8606d833151f5d280b1cd,model,metricx24,4.09375
59ef7fed61892f3648e22a2f1367adb42232fcbf,model,metricx24,0.578125
59f8c61bda6261f7b1aa80d9d0229df7df1c2186,model,metricx24,24.25
5a216c9a2e97c03d914aa46f0c991f71670e4994,model,metricx24,2.328125
5a3710f12b77ffbf1b4b456d0d65dcf92ee80c7b,model,metricx24,4.25
5a410f62cf45825abe4d5b1916fce0c9f52a4fc2,model,metricx24,1.0390625
5a622df002584594ebe07f5f51135319f9abd314,model,metricx24,15.6875
5a8f3e7918c18794699b1e70a8178a4c13b7e989,model,metricx24,2.15625
5a97bd5f8c4aefe23e817891de768c7ede94729b,model,metricx24,1.4140625
5b69ba988b4260adf1f70454a43cda4d62249f26,model,metricx24,2.46875
5bd18b45a4f7344f74342d7042d90f2d9b5e3318,model,metricx24,4.71875
5bd1bbeebda925d86e6d5dcb466eb634d4671b4a,model,metricx24,0.33984375
5bda658268f064d07092af410c7d704295d4eb44,model,metricx24,8.125
5bf7d84c816b60b078f60257756861ec6fced931,model,metricx24,5.34375
5c006b0ffbeeabbf6b3ed05cc7df5ca5d1bfd2d4,model,metricx24,0.81640625
5ca7d264065f2382a7566d45c563d917b5f64119,model,metricx24,2.28125
5dfb39c732324e56e7fc9a8021372b436457993c,model,metricx24,1.3203125
5f4f7a72ff19350fda913b65aec3ab1024f39915,model,metricx24,2.5625
5f6ba84fda45b37c463868fcd15b0e1ecea468d1,model,metricx24,1.140625
5fed58786510ad0682b40692d488475832666b77,model,metricx24,1.421875
600895147473f1c069d71f01cdd43dc7bfd5e6a1,model,metricx24,2.328125
60cabe417660a4ecbc23c4bdd05fa708c774c9ff,model,metricx24,1.1171875
614885e3c2594757ae2ed13ddb2811a365f58ea6,model,metricx24,4.875
615cbc34a390f19b6b0b6f9f0cd9c2840fd72abe,model,metricx24,0.6484375
6190e519c3cc31ce568b6226cb8f5ec710fc6a75,model,metricx24,0.71875
61e994abe0fa4be25267edf541b83f28f6c28c02,model,metricx24,3.453125
624d25fb41f9cf4b55d04c8eb436377c3a45ce6b,model,metricx24,3.9375
625860f5cec49b1291e769ce25ce945a459658dd,model,metricx24,2.390625
6265e84b04bcdd0e191208e0a16324d51b19d44e,model,metricx24,7.21875
627af4005c08984c5b415d1bbedbe7ab0b698a92,model,metricx24,1.4296875
627af443c5ade76c682f9363c7499cf370207476,model,metricx24,0.75390625
62d10eef6d9f72c630b79b011433419831198813,model,metricx24,2.875
62f76021b76144777ae88c378fba40313c0f161d,model,metricx24,7.40625
634eced402d1526420b8d937a7d8079d2ea07b0f,model,metricx24,2.296875
635dfcd33fff0c96f473dc83aa88a2e52f901800,model,metricx24,12.3125
63851d693c8ea2f9cda2aa8b2a152b82eaf92624,model,metricx24,5.21875
63ce72833447e73846044f9af3b0101914ef66d9,model,metricx24,4.53125
63e14c466cabbaeda76b9d297b79a2c8aa606d4b,model,metricx24,2.03125
6443d2eb4e2a5bf8fdd02ebd347f9ef9ef454852,model,metricx24,1.9296875
648a460dce478d3e2ef0ea59424e3e31dee4bbe5,model,metricx24,4.25
64fef683ead61f8abb2fea03183942b00b1b5981,model,metricx24,3.453125
66017b23a574099ddad764fe7dfb1d1f758697c9,model,metricx24,3.078125
66321b63b2e2eb79c91488697f05647dea7389f2,model,metricx24,2.890625
667cf1052c8d71355a7e5ccaa16b5d3765a74c0b,model,metricx24,2.03125
6681e076a045194d31d4b0ec3ff9bb5d0952bc5c,model,metricx24,4.25
668b6c00d39f2f3ff61628316f2270f473ac214c,model,metricx24,4.125
66b6ada4122e3030f8d14409eed4a15d7f6abef1,model,metricx24,4.1875
6732d65ee083db463495f5002f1e2ed6816d401e,model,metricx24,2.5625
677c09fd1cb5e165b4554158fbce27c9fc7e5692,model,metricx24,0.4140625
67d5029946343113c464a53c894592441395c592,model,metricx24,1.140625
6807a3f03af28e8ed7dee4318280409f4b421aae,model,metricx24,14.875
687dfa8d5f02ab11cae0df93145618ef6da711cf,model,metricx24,4.59375
68f16001979b161e4143c38bccfa02c80cba9b41,model,metricx24,2.53125
691e22a596f631751240365c7b490de6a00e9ecb,model,metricx24,0.76953125
69f066d936be63ab45b8386b65f33ceb6363684d,model,metricx24,2.109375
6aedc5f06f19df8c689befc6f52c8b4d9b037978,model,metricx24,3.375
6aef29ca62aa30955bb2d58932f5abf88c6bdf4e,model,metricx24,0.87109375
6b38335a2be98bdf7543fdfe6de5c7d9592d235a,model,metricx24,5.71875
6bb8fd4fb7b23fb77e661d72ca5ee0165d78e330,model,metricx24,1.671875
6bdf17a7a51de0cedba57bde46ecd6260e23d670,model,metricx24,3.671875
6c003c37a4cf1198c0e4d418a43b3c9ed9deb849,model,metricx24,1.8515625
6c8f578e95d5f43c4f33875eab9d5093ad040693,model,metricx24,4.21875
6ce0aaefa81a6268c2f528bd1799c26cc32b65b6,model,metricx24,1.203125
6cfd852a2b2ad49df219ab4e1f291e072b9b5e19,model,metricx24,6.84375
6d57b5d755d5d60b6e775a8a7bb8b9c69973181d,model,metricx24,0.392578125
6d999b0f65e5187f50c6f0b042cc0e21048c6834,model,metricx24,2.96875
6dd5a74f64c233a27631332474690437d6bc376b,model,metricx24,18
6e1cd320f7b92c117c658a182f78c8786758af9e,model,metricx24,2.875
6e83fa175403daa642bf94db05c7fce5adbc63b3,model,metricx24,2.40625
6ee9083ba928af5973cc227488d5197bdb316776,model,metricx24,5.5
6faed76ad73112b3c1e977ac3963de31759414c1,model,metricx24,3.78125
7021b5bdb3906e2b71eb69f69fc3f8c013f2ca23,model,metricx24,5.3125
70574301b4de22f990c04ff68a396b115330d257,model,metricx24,17.125
706d25f785135993dc3daa10b9138ed7a9b1f485,model,metricx24,5.5
70ec01d158700aa2927ad5f850889859c626410e,model,metricx24,7.375
715370cf743261d8ea19cee5296bf13ca28a47d4,model,metricx24,2.9375
717e20d92fcbc0e7a400c76aa571ffbff23c7890,model,metricx24,2.34375
7193ee33487b0bdc8a9cf5418dc184ef10c01505,model,metricx24,4.875
72464269d274f3c94553180494f04424aff5f6e8,model,metricx24,5.875
72b09adea2dbd65a3d99dfa431c034c14180156c,model,metricx24,6.03125
7306af179b5d7b27dcea44fe5a1e9e7ce9a8e293,model,metricx24,13.125
73092c2e504c33393335ee01bfc42184765d0127,model,metricx24,20.125
73139f821cf76aa99088ae158e553b21b4ee9294,model,metricx24,1.953125
7366cdda827c3c4287f12f84a8be673f638bf0ad,model,metricx24,9.375
7376e654bd15452119a191573d7993c691f722fe,model,metricx24,1.9375
73920e096c5cd1cb8f72df3b044834b4d4e01c60,model,metricx24,0.9609375
73dd7fa8e40ea55ee181d1688566f49c95977999,model,metricx24,25
740813a7ec6c2c013d7fc310087710b430b7cef3,model,metricx24,1.2578125
7484b50767d5c76573aea11204382a0e56794f3b,model,metricx24,1.015625
74af4d1a59e6b86e2ff912c49ab0e277ef16c1aa,model,metricx24,3.890625
74ca3fa88f968d07c8a0ba8e1cdad0bb87ca2a76,model,metricx24,0.5234375
74f60d919990a51a48b0b06c9705218c18d243f3,model,metricx24,1.0390625
757d25c3fbf701c83ba11ef17aea33165a8a14ec,model,metricx24,0.62109375
759d1a60fe07bfe8399ad84f1eaa7dcdde9f96e9,model,metricx24,1.1015625
75f52bc727df25d8f6d140188e51d5355aa9d146,model,metricx24,1.2265625
76a1dcd899ce7e64ec3f43abe0655cd57f6a9af4,model,metricx24,3
76af39b0e2956dd2e0e3abe9bed5c8d598f96bc4,model,metricx24,3.203125
76c76bb280987469d38fceee3fc9a5f775df8d7e,model,metricx24,4.6875
76da88fa9eebbee40b0b6dd3e35caccde914caa0,model,metricx24,3.390625
772bf159801b6e593efc34f0bd942f06598531d3,model,metricx24,7.65625
77b3f250ca0b226f7fe5830a56a5896336501073,model,metricx24,0.8359375
77db35356118ed694bea7ea6f88f5b3906794a41,model,metricx24,4.53125
77ed6564217f1668b8a9e66ad5d4f1da0adc3084,model,metricx24,2.15625
786b59baccb25433ab104ebed3b6591deaf58d45,model,metricx24,1.546875
78c26754943a165217dc03b8d60dd35ef25aaf31,model,metricx24,1.265625
79050668ea67e5002f3981ab670c7daa3a0fad94,model,metricx24,17.875
7984573af8ba53b59e14e25b06bc3f1bffd601bc,model,metricx24,1.3203125
79a11817f8d4a98307e0824c80868ace5865b093,model,metricx24,7.84375
7acab7af1924573bdb069d1313f75643a2b38059,model,metricx24,2.859375
7acbf2fa270e2974b849b7443db161f187d81c94,model,metricx24,4.875
7b1b1199d9074b93f3a94be770f42cec03ca106c,model,metricx24,1.296875
7b1dbe275c4a2c6f6e5e766d0415154d0bd2f9f2,model,metricx24,2.25
7bb2718a0fab197e0a2ef683016e7d168d2d9bf7,model,metricx24,7.3125
7be27a850e3aae8e5b2c659cfe94f320c47a8913,model,metricx24,0.193359375
7c0612043467eaad9def4b31caf02851aadfe9a5,model,metricx24,1.3359375
7cadf4089358465625975004263aee218b5ef87e,model,metricx24,2.953125
7cb8d092815d8cbfc8eb573959f17706eccbf795,model,metricx24,1.3125
7cdeac426487a3667b732e97fc22928c93bad643,model,metricx24,1.3671875
7d1085dfc45ee68b3831119abded38d6b25b7bfa,model,metricx24,1.375
7d19a7d1f51c00862d47e84405e842a4282e9a5f,model,metricx24,0.408203125
7d7487e04e516d9b48cf77dedd9b4d72c9ad3ffd,model,metricx24,1.9921875
7d9408dfccf044b80481097acdd09bd7790ff82e,model,metricx24,1.0859375
7d99d74253cb89ed8d78affc67e0814c1b7eb210,model,metricx24,5.71875
7dd00501cf7148fc5a77efe8f7dd4da42d729d1c,model,metricx24,0.82421875
7e2a4ff9d24e0ed97bbdaeb8d000303ade385822,model,metricx24,1.7578125
7e848591ddbdc6322625455ee55321ad246edf8c,model,metricx24,1.5546875
7ea18bbb2442c0e07a63c7955d2225700e55bff4,model,metricx24,5.5
7f1455fbc789153c3eb6d33eac5680fe635973e9,model,metricx24,6.34375
7f2cbe9e70848b20a30e7fec876d676c95139aec,model,metricx24,7.25
7fcd97b629e37c71ede8ac523d4652dba5e18c13,model,metricx24,12
802afa81d4a2159f3a2350484efc329b8878c68d,model,metricx24,1.8125
8095468049f052f02c66e2c6fea4fa88fd95c99f,model,metricx24,4.8125
809b3caf29857829ef87f6162b20b95888c8934d,model,metricx24,1.7890625
80a3c2302f88b7d69cb268abcdff81100c5fa3a7,model,metricx24,2.78125
811f3894bc8c81d2b9c0b2fd7c1307796ce0849b,model,metricx24,0.86328125
816ff7006d6123b54d3c0d00e475d4b9e57d1ea7,model,metricx24,2.125
817493942a7e083a1fc2e76b96596bb90a4ac586,model,metricx24,2.15625
81c58f46e907b6b04fa92607d09e5df331251203,model,metricx24,1.8671875
81dc4934426641725fb1b1121b6cffe9a17f7c37,model,metricx24,10.3125
81de55bd590f467b90074bd2aa7649af69d94c64,model,metricx24,3.640625
820d4d36c296e174b9cf212f18d2058b6019b4c8,model,metricx24,18.875
82bac8ec02fdb015b7b3c833de198051b5d06608,model,metricx24,0.76953125
82d6235fac22f9f16c833d75201d46a4336b1ec8,model,metricx24,0.765625
839dd8d0a834ba7c493f07cd9b432241588589a0,model,metricx24,4.21875
83d23c6a35d7cadaa100d16ef335b02fc3b8bcb2,model,metricx24,7.96875
8410d3d4b1b09f36b0de2dd82a06bb5751d26101,model,metricx24,1.5859375
8420ea670f16c1ae9f06766c1098dc5dfdaca16d,model,metricx24,3.078125
844b89fef440970044adff493188225401199b0f,model,metricx24,1.4140625
847d7d0b13b47a8152f4025bf6c94134a4ab7f41,model,metricx24,2.859375
84c8ea6984c09539e31c7599467956c85563c664,model,metricx24,19.375
84f372c80cf02b332895d7ac8d403b6b109340bf,model,metricx24,5.125
850f1096ba33bc861164313bf10b9c8d2d6083ed,model,metricx24,1.578125
866a4169a36469bd141957d100eb9d6066fab43a,model,metricx24,10.5625
8694aabe9a1aa232e06032cae723f84492b5c7c0,model,metricx24,4.5625
86a494e92fcd802d0aa2d9f694bd61ede741a6fe,model,metricx24,4.90625
86c40ccddd5122fbe2ff35378ee721dfb4f49a4a,model,metricx24,8.75
86cef2d2351d2b4f3ef855ea8fa932677a6c24c8,model,metricx24,4.875
870511221a136dd6798b977b841c406693b527bb,model,metricx24,0.546875
87322fc4317d1d57eb4b367f785d14b731262e0d,model,metricx24,2.703125
879a417739f6bbdf6a6dc4103bbf2dee1c3a6df4,model,metricx24,6.9375
87e0fdac10b0d4ad91fa7cd853ca85bd4919d518,model,metricx24,15.5
87e3f4b7e87ba2c03a6c3b96da49fd1b433f52b7,model,metricx24,0.734375
89a86aab9a0d10df326a8e96f353e5878e76d654,model,metricx24,0.69921875
89ac42a7fe4439a1e1f67760708f3e94f03574dd,model,metricx24,0.80859375
89c4a122a8376801acefcbfbff8bc9d8840f1e16,model,metricx24,8.25
8a00ce7b4498d8ab675a5aac3df18a98329e486e,model,metricx24,5.3125
8af86ee0a6a71ac2404422668bb2e0c7144e8f25,model,metricx24,0.71484375
8afc94ec777297fb135510ead03875f1620cd154,model,metricx24,3.515625
8b383df9f61ef668700db1946986fd9b7e26d334,model,metricx24,4.25
8b70545642cdaf045d34aba9eb1b427d244be8cb,model,metricx24,14.6875
8b728017fb2cd21ead1187aa79feb03c2fc42b91,model,metricx24,6.5625
8bb06c2cbfe1bd099f6445ebe980755d6abcd827,model,metricx24,5.5
8c0b2bdd79e8ffa37e9465d247cc653ea502ba0b,model,metricx24,0.97265625
8c681f138869666c01a9c149764f0dc381a5917c,model,metricx24,2.234375
8cdae10537878476fbe2b84ea51526a7a87a5762,model,metricx24,1.8515625
8d7a815fa6e50f38151eb57f6524c99ca7d2f9fb,model,metricx24,1.3203125
8d96bc4a573d9f8a43b44b650fb63e022d0a5329,model,metricx24,6.5625
8d99627a9b05a6a05c84cd3afd2ee8ebbe60c1f0,model,metricx24,3.1875
8db50efe8062e579537c5235524b17d60026a407,model,metricx24,2
8e2eb37e7a08b7446fe58d7c2a152397ee4c6769,model,metricx24,1.9453125
8e593973388399639eabb0c34b1556b54a26e47a,model,metricx24,5.5625
8e8fd49a9734804f4334ecd15ba615eb6f317bf3,model,metricx24,1.359375
8f15a19f19cb1bcaef07f89c03af33d032a9cfcc,model,metricx24,6.4375
8ffad5ce01f3eca6f0ad37c61162ebdb8c06014c,model,metricx24,3.96875
908aaaa922054ede9e07056680346998ae0929c6,model,metricx24,8.5625
90f24c1c91e46787ba109caed736cfedb293e45c,model,metricx24,0.1484375
911f2f825a93e3d27aa26368ad87eb6f54dbcf69,model,metricx24,3.609375
91690e37cac6efa7052d9445c964f6bc30f5d5ba,model,metricx24,0.93359375
91836b79076bfdad7e6629ed21b275a3fa5cd30d,model,metricx24,2.265625
9237841c3325714d47158c045c9773e538fd988b,model,metricx24,7.0625
92a6a1086db5b6839414653ca40d11353663cf6d,model,metricx24,1.2265625
92e1cdab5303143c39211c1a8a5bb78661c8c0a6,model,metricx24,18.625
9306d668079f4202c71221b741e004df6f2e444e,model,metricx24,15.6875
9323c63e5368ba99fd44a58845fb914be492153f,model,metricx24,5.1875
9373de2a12b3d5c1a6741d2e0355bf613fb8da97,model,metricx24,4.1875
940ca96d210e50163d7f110b79c45e5c78961eff,model,metricx24,3.609375
948e53aa5d684810ea565fcf5e6cddcc1116e944,model,metricx24,4.84375
94cc72dce14026172816ba199a63b338a7ab48f2,model,metricx24,4.15625
951938ef77dad27019a6f54b7ee55b166a35e573,model,metricx24,3.25
95c857436753bae3882f6f7e6f5a99ce0016c7d1,model,metricx24,8.125
95f97c38fffc95d8a7fb9eda04fa8548b750d1c8,model,metricx24,6.90625
960c4962ae7d01a0d297467dcb6c2efc66a8b15b,model,metricx24,6.5625
960d1593ec061fe57d84db73f882d00e51fa155e,model,metricx24,0.291015625
96173a3da68bda36f8f1009994a4e7c2f269ef20,model,metricx24,1.8671875
96d95c1e2af4c3568cffdc310e5e93c37d697300,model,metricx24,3.828125
970b0b2d794e9642252c562ccaa6c4029fa64155,model,metricx24,2.765625
9723236419333e680a0501e146d84d76f69970fb,model,metricx24,3.125
973f0b561bc13214f7932fd128eb234669d3fd49,model,metricx24,6.375
974caa22e2c86ad8ba5073a3d0530e1f870ab09f,model,metricx24,0.88671875
974e365b20b72ee7f0e6c6cd1f69a6fc4891e65e,model,metricx24,2.453125
97b3127fac5bbd209a6b0cf1697d59c4ec72cc26,model,metricx24,3.09375
9800c67c4d73bb9ca75d8d54e75154e9359fdb2a,model,metricx24,4.15625
98577d9ca460fc3775ded2cbbcf239d4226027f9,model,metricx24,0.74609375
98b40a1aac8bdba3cd10bfc3bc5ced9881a39ca5,model,metricx24,1.6484375
98da4c99a9ac210ba9c4ef7e6d75e77f866bf361,model,metricx24,5.1875
98f47229fe5b353fa4e4db73bb2d97d63546018f,model,metricx24,2.296875
98f9f26757059772327c22c57e6a61dd635ffe36,model,metricx24,4.1875
9947f32bf93c2faa909930f1f47c7572c2a9ba44,model,metricx24,7.6875
9960a58f1665446ea2076633c13faf298bd4d043,model,metricx24,0.921875
9982acf081bb0e92cef530eef662145da0ff5969,model,metricx24,9.5
99e3bd69c4f074cb5f1245ebb33024a42b983484,model,metricx24,7.3125
9a1c480dfed61ec11c278381aa66b0bd65dac3b3,model,metricx24,4.1875
9a4ce16b8d1e962f94e2a8945b6d773bd6b59d6d,model,metricx24,0.703125
9a88fb66675988d4e3e53f5c4d560b406be16adc,model,metricx24,13.25
9b1300bf13adbf74106d550ced043f7c559984dc,model,metricx24,21.75
9b6ac8e19de5dac834b702afefc3e7c973e391a9,model,metricx24,3.3125
9c614fe01ff0021d39492317cbbea8dd581a3b16,model,metricx24,0.88671875
9ccc67e37a2df75b8227904c2d88832b44550399,model,metricx24,1.5390625
9d343d6719b4124d3f760a4a3a879357439ff0fb,model,metricx24,16
9d752b5d4a1432d7553476fbd465af5ae3aa3bf4,model,metricx24,6.3125
9dd983d834b37190ba0a8e993e1290b0e1351045,model,metricx24,3.234375
9dec0a71790ff51afb5e71647e837d72da3fefe1,model,metricx24,1.7109375
9df764508baadee51374d408011836430453b867,model,metricx24,1.6953125
9f5b41bb78f3cfe47deaa8b2e0644b1ce9abe91a,model,metricx24,2.125
a02e47b3b09813d2c2cf744337b240ed9b5d24b2,model,metricx24,2.578125
a0773bc3abfaaf905ee13f2b989d8d8e77be70b9,model,metricx24,3.21875
a0791b1392d79d0b7aa5e4ce8c6a1807a1878aad,model,metricx24,1.6015625
a12c226d695665706c536efca6a9e9df1d050e45,model,metricx24,10
a19fc8e0d9463026b01e2237b418720ca3ce9b09,model,metricx24,5.3125
a1b4aeefdf1feb3f16ba30dfac6ddc888fcb20d9,model,metricx24,4.53125
a24445327e1e6c399fd3da56df32d59d37a32d38,model,metricx24,2.609375
a25e0a034bea78f541c0b097b7c30742c92b3a74,model,metricx24,7.53125
a2edb76ef8ee4a58202f0d46eb30d40baa01db5d,model,metricx24,6.28125
a34fbb067cbd14cd6a31f48b71723ed4dc0826d9,model,metricx24,6.0625
a3c358d94e8dcdac961fd0af1c647e5917f11b3f,model,metricx24,0.4375
a3c3cf89f0cdc432c495594d8b4478cc92a28a41,model,metricx24,2.796875
a3cbe57f0a37bcc1bbf4392ebd394ea2c33b8afe,model,metricx24,14.125
a41c848b7e85308a6d59d8754b98ecca5c2a496a,model,metricx24,8.875
a4621b4421747e1eeb02f3b5553bc86e958bc942,model,metricx24,1.53125
a4c05056fa05c31cd188bb925bd7129a27da63c8,model,metricx24,3.359375
a570791ae346cd4a655e8b9babe6b5814004490c,model,metricx24,4.5
a57b1f61060d71a65ffadf47cd9e1e6e32775a10,model,metricx24,1.640625
a6193af9be59206bfff0be15c3bd68ebaaf34894,model,metricx24,0.72265625
a63f2ac9d9e92876cf10bcaaac9359fc5dc19928,model,metricx24,1.109375
a645da4a68a739b0e75a260be225db5c657d09a0,model,metricx24,0.4375
a65f271f1ab821b4b97bf7c9dc7990c01ac1903b,model,metricx24,5.375
a6d09b6180fc68829112be619074f860614d6b0e,model,metricx24,2.125
a6d3d9faa1935f106767724fc62ad990ecfdc7e7,model,metricx24,1.1328125
a7cdb9493bcf3398169af61bfa15d46a8d7905d7,model,metricx24,3.703125
a8089d829a0eaec23b831d26142e5c6cca905a01,model,metricx24,1.2265625
a809ae6b2d8a9ff09956c23fdff5e4e43c547422,model,metricx24,7
a80d7def3493d223517c0d7d268add2eabbc79ba,model,metricx24,1.203125
a85fe9311b3d8819b5b98a750664b73d9e29062d,model,metricx24,25
a861081bd228a2833a033c7641331b8da4cf3f75,model,metricx24,3.78125
a8b126ad58c3a9f135a99e99ff322542b936fd2c,model,metricx24,1.0078125
a8cd1ded47af69037096210be864861b551d70d4,model,metricx24,0.91015625
aa2255a0726d23a5c74a3a902444a96f6b3a9c62,model,metricx24,2.84375
aaaa7aabae54e895cbf69d6c73642e9e09524b6c,model,metricx24,3.984375
aad932c4541f26a3701a62311c1e5ff4b0dab646,model,metricx24,1.3515625
ab4cdd2ad313b18a6a2c28f35ba31fcba197438c,model,metricx24,0.83984375
ac728865d197f6c4df39a8e83b9a303ee6296702,model,metricx24,1.4921875
ad66d76049f2a8dcaf9dba95253e1c0d304b828a,model,metricx24,0.6875
adee43331f7338f0c9c4a72228033be4df4dec86,model,metricx24,17.25
ae1283e151beac8b1cec137a1415bdd6421ac8ab,model,metricx24,2.40625
ae2820ffc67733defb10442de981e8942ac9c923,model,metricx24,2.484375
ae783a5ee74a975c46411b99e77b93beafe3ef0b,model,metricx24,0.48828125
af1c0eeb0a6ca8aa3d40a647071b3ed9704e27a3,model,metricx24,1.1015625
af2b64a603f0c7a9c27482f435417aae289ad230,model,metricx24,3.453125
afdb2efa0b45fbc29e29811bc99e856c934de0ef,model,metricx24,5.71875
affab9a235577c4aff1fb28bee7001c64005a0c6,model,metricx24,9.1875
b0346634e17603ebbfd5375942399f28ae13d597,model,metricx24,3.875
b054601934791d5b361a33980c7a8bf65e310def,model,metricx24,11.4375
b0628b995da51161a4a82bf282d4667334f5239e,model,metricx24,1.6015625
b07a35682f257d8dd72a3fd1ca9bfa2dc42663de,model,metricx24,2.390625
b08aad1464629022ccc95ce0c4e6fc662ae1c213,model,metricx24,6.6875
b0f3e51851018d2c7f8f5c7ca5b1970221eaf000,model,metricx24,15.3125
b12d74a0c1efaab95de155263fc339a809eaf80e,model,metricx24,6.6875
b1392c411fb26a13435222665626b30f97ca3b1b,model,metricx24,0.8203125
b13ab40de07bf1a3d7c898b41025edc071d45179,model,metricx24,6.125
b2464c2193c0669b93486d394f53fc52cfa27e3e,model,metricx24,19.75
b2749be01ef623373c363c94262b41639fa1a7cf,model,metricx24,23.75
b2823a6c067844eb1cd386632577de12ec55564c,model,metricx24,3.59375
b28fd14764b1b3e0d41dc913bb622f7eef1d8749,model,metricx24,6.09375
b2bc619dc48e669f2593bc442ff8d5a859a2e9b4,model,metricx24,5.6875
b2ca5f8629a7b5fb2477fa68c53f496a42add35f,model,metricx24,1.125
b328fc73453f760f6e842e2b573eb1ec6cd04ca7,model,metricx24,11.9375
b37b2b5b025c577a7480813cb5d21e5211b69375,model,metricx24,4.96875
b466d36fe52b190ae7da1e2ec16246f37b027e41,model,metricx24,10.6875
b4819d66284ba8ac6d3692af17b68aee61c963b9,model,metricx24,3.015625
b4e9a2fafc5f41c180e374a6bc8eb563cebb1968,model,metricx24,5.78125
b4eff200fd8cfd311606d53104b4607b6c48ea9b,model,metricx24,10
b535a47412d4f62b0aaecfce07fa3a1cf8ca03a3,model,metricx24,0.138671875
b5a7c7d521ccb75e1dc487863cb3d663b2f1002e,model,metricx24,0.97265625
b685681c665f6bb8591e6376137a0f23739b1ef5,model,metricx24,7
b6f68060cb80924cfe6f34153ca3ad491ec90e36,model,metricx24,0.72265625
b7389fe705c2940a43e07c9de22b61a2b6c7df45,model,metricx24,11.625
b7896967004f1f431498f335da96196c06eb9029,model,metricx24,4.53125
b7a2d0cbdc170b6cf44a5186deb8068a3c757aeb,model,metricx24,3.125
b7b15be52847f34c3f4e89f79916b7f1eef935f7,model,metricx24,7.6875
b7d093ea46ae1c7294264f7dc2a1c6c6e899a894,model,metricx24,1.40625
b7ed63e3e839a47424b597fbe9afe34a02f2bff7,model,metricx24,10.5
b85c5e0dd860cced371f80ec7c3642d4d8a8dccf,model,metricx24,10
b87d4f00bf501f6f75d6245cd75fdc8e5399fc11,model,metricx24,4.6875
b8f6dd7ae7479186d3b97065fdd405fce96b8592,model,metricx24,0.59375
b900fbe14a91f99ee038809476147746529eeb7f,model,metricx24,12.4375
b9bc681457faf51e41e8b6c34b473380b17f5975,model,metricx24,1.6796875
b9ecb675cba911185279d142ea86f1247ee2f723,model,metricx24,3.484375
ba4bf54c3c4968ce6e73cb6a03348a18b8780835,model,metricx24,1.3046875
ba61e17ad9f813bab58a23438fa22b92d3ff4876,model,metricx24,10.75
bb58f4edebd88e642c145866d2f9b69fca840ffc,model,metricx24,13.1875
bb9e4dd58a0179b8f2bf12af8cccf24efeb0ff32,model,metricx24,1.5625
bc3c0ea07a77158fad82caba8a2c6cc567910e09,model,metricx24,6.9375
bc515e0b2e22698ebf2d43848e13530cab176063,model,metricx24,6.28125
bd84145f8d2dc4e21a48c3977bf3ea667b92e865,model,metricx24,7.4375
bdef84ce6ca276a28e4c9bce00c83d02c8491066,model,metricx24,2.546875
be2a0403c02699697d4ae74e9e34e6235065c47e,model,metricx24,1.6015625
be7a769dfff62216336f188f42d15f9536cc177f,model,metricx24,5.46875
be993068ab76d232d566068fb4698e0439ab9263,model,metricx24,1.515625
bea1cd7bbbe650b1f6f8af958cb8625bc9c3867b,model,metricx24,0.83203125
c050373c67f62d403af007d9eb5d13e0be7e7499,model,metricx24,9.3125
c0c98b9e3b09f1e6802dbc745373568ccb6a6f57,model,metricx24,1.1328125
c0cba93840432e5476f93796ed6222493492293f,model,metricx24,0.89453125
c18ee24947a7223765862efb5afd70b3f59acb68,model,metricx24,4.9375
c1bdaab68b357149b7f382064c6343dc439ff91a,model,metricx24,14.9375
c2d2726f8d89d3f3265bbcf4ec41ae071d08bf73,model,metricx24,4.25
c2f272537b75df8c6ce6ca78d4bc2b42bdb78ea5,model,metricx24,1.2109375
c377eb8ff288faab7853b1f9f6b8c8013ce2711b,model,metricx24,20.25
c48d6a447849ec7c7d02502cdba0a1d960ecd4c7,model,metricx24,3.609375
c526a3cd729a7f1a2ff6f6c6e1ea7112870fabf4,model,metricx24,0.94140625
c5c65102d7af89114b01bb1dfa3afb6f62e0b111,model,metricx24,3.375
c5fbe52d4985c864997ff32c9ff986c7685ded1b,model,metricx24,0.74609375
c7bdb8284c813ae6590f39a0b57adb193cec359c,model,metricx24,4.625
c7c7405ae8cb55c8d762032e0e075fe76cd4c633,model,metricx24,6.59375
c83bf411fbe1f734e88266d19f7df0ebeb72477f,model,metricx24,1.9375
c85634cf9e18db0e34b8a0a95f5ac377ac9554d7,model,metricx24,6.4375
c8c624dbc7c3057ea6e05871ae718ca159be2e49,model,metricx24,0.9375
c92eb6937fbb3ce86073e9ab2d17557e39ecbe40,model,metricx24,5.9375
c9b6ef480dde0947fa96ab6d62f3b19b8dc30cb1,model,metricx24,3.859375
cacb2924a25959b9569b942cadb0831cbc039e26,model,metricx24,10.3125
cb61165067f6dc6051bc1309a3f0591283db4b1d,model,metricx24,10.5625
cba06a1baab78294bf4dbee0b04fc9475c662e89,model,metricx24,7.90625
cbafdcc72ed819a9f8b44132c97631ea033e5f15,model,metricx24,8.125
cc0b4511f2a4459bd8c219f11b7f4573f9d5fee7,model,metricx24,2.796875
cc568d38c06b4101e795410a11cf0c87e2a9d7f0,model,metricx24,0.57421875
cdd47730cf57e31c9285c8d1d5e756b714b3a82e,model,metricx24,2.015625
cdea94f40e03c73dc26c5ab792e5f6a289d60220,model,metricx24,4.53125
ce2090b839d7575936982674483ee199e0b52a90,model,metricx24,2.890625
cf79d4048efb70c96f8c0303e10503f01694baa5,model,metricx24,14.125
cf9571f8588a92f7298c84edabcc853471e30e2f,model,metricx24,5.3125
cf9f2e0669f2afc40a602b68d10dd859a0c6bb8b,model,metricx24,1.3828125
cfb927e084eb7136f3268d929503f0acc457fa5b,model,metricx24,2.734375
d0bf1ae7d1a372128eec87d89e7ab6428eab614d,model,metricx24,5.59375
d1a1a80944090dd77baa1f3096e79d16a16bda01,model,metricx24,5.84375
d1eceb6e16de9bb30ef5a1090f9639ee86694689,model,metricx24,1.5
d1f91fdddc8395c2822726c219d116ff16c65287,model,metricx24,4.84375
d282b1423029bc6d61e936a527755a16d148b1f1,model,metricx24,0.765625
d2a4bc97c3bdbeac499f3ede34659ded6398e23d,model,metricx24,1.0078125
d2bcdb9a6c5643cadd687e30e258851c1faa0d15,model,metricx24,4.21875
d2f14a6a01a708fbf43d640fd24588606b9fc0a2,model,metricx24,15.25
d2fc8b027bf6addfc2ad9b55283b0ac698548233,model,metricx24,12.9375
d3579217452bedd5d8363699de053edd6fbce7b0,model,metricx24,0.59765625
d410695f81b34108d5606efcc44a1fce25e62543,model,metricx24,2.890625
d4b0d30d6a00a9fd816ab721d8725bcc4e989022,model,metricx24,13.8125
d4c18139afaac813c7b85c6a3202c198d014a09f,model,metricx24,0.455078125
d55c3917228dd77647a06768158a39eec16aa95f,model,metricx24,7.5
d5969d7c372f4204adec13a82af90a396b86904f,model,metricx24,3.65625
d6a9d7e5b14ef7e67a514bc54b9e7df595558dcb,model,metricx24,3.40625
d6bbdf04aa22bf24efa358ed359ba62f3b0141fe,model,metricx24,6.46875
d74f21e17df866b6f28c3775b18a6fa96908b87d,model,metricx24,1.4921875
d842f63bec2c05883b03b7c356e4c186b3f67343,model,metricx24,10.1875
d85af8b918be81f48e044d759b1fe041ede65503,model,metricx24,4.53125
d86cee21c710e9699c77a746da3eaa3fac8c790a,model,metricx24,0.7734375
d8f0435a650053ad13c06078b91535e19e426ff2,model,metricx24,3.90625
d99899a7ae75c5168e1618350fd71c32ab0e9fe2,model,metricx24,4.96875
d9b5deb24c0ce29dae61acabc49c7a5efdd2e29d,model,metricx24,1.15625
dac6e8547443a16d7c7c73428c48329d88d7d65c,model,metricx24,4.78125
db536e6b8fb52194e96e1ab0c303df427a250671,model,metricx24,1.2734375
db714b9d220b9460a013913641ebcd944cf3daf6,model,metricx24,1.1875
dbe8a172b4ca9be01ea458cb204b01eac3aa681a,model,metricx24,2.75
dcb78c1ef4e5c9ac865f435705d06ba8e657f509,model,metricx24,3.015625
dcc8a1270980858a1977a37b8afe87aad1099b5c,model,metricx24,2.9375
dd02bbc9c837713ec897c6d1381b0120f375b6c2,model,metricx24,3.953125
dd4e7ad7a086cca50c304fa48f0d63acef501b70,model,metricx24,0.88671875
dd52d0af5f8bdc96d7faa12b5eca364ce7638f1f,model,metricx24,3.453125
dd9bbc9fb2fb299f309d9eed3250a11276975a28,model,metricx24,7.5
de3c232714dfd74bf19ef7d615dd99d18e2ea0fe,model,metricx24,2.640625
df12d705e368f959fcf73a64f38e748973d5efee,model,metricx24,0.8359375
dfdeefe4f9fd00fe929510ac3593014d981165b3,model,metricx24,16.375
dfefa546f2d36f5750812d773aa7ecb3eed57ae4,model,metricx24,6.28125
e0b0fe2005abe6b299b20e40a7f5943c6d712879,model,metricx24,9.9375
e0b4c6c6c3b7cbefe21ee71ff7d6ebf1abece567,model,metricx24,4.90625
e2537df5381b750f0eb6f8d0f000aa8bc434fed1,model,metricx24,0.217773438
e29761a2773b31f163476f680b3551ce7e4b3a33,model,metricx24,1.1171875
e326e7b27ad0fdc2bf43ecdf2c14ce5bc813319c,model,metricx24,5.96875
e336656105574f313527ff331fa00764443ab7d8,model,metricx24,1.3515625
e385320dfc9a15d3d199eae7c6658dc8a3dc8cad,model,metricx24,1.4453125
e3b519cd1b1c7f1619ef8021f3ab48a694588c63,model,metricx24,5.4375
e513b6c6fc8108ed6b8d3b7212dfc9448b234bbb,model,metricx24,2.296875
e59b1434bea2180244e2c6064b3fd2f7bcc7a4d7,model,metricx24,5.15625
e5f907600efedf74ecd4e16e0726e867dce24723,model,metricx24,4.125
e60566c606f65b6b313d1ed2bdf1b4a1f4aa95dc,model,metricx24,0.921875
e684305a55baee99b5e26b80c078d1ff7cf3b18a,model,metricx24,4.0625
e7b7b8baddfdf91ab0047c1aa6236bc382a5c8c1,model,metricx24,5.15625
e7e47687ffbd8fc05ab8cfb989f31d54f8a1c8bc,model,metricx24,4.625
e8059679af667fc496a6c06f9fbf19e82fb03885,model,metricx24,3.109375
e83a489459e419a0944f58e2eba82e3d0ec78807,model,metricx24,1.2734375
e8ba90529d46927957a57b637d7c2fcd82519f47,model,metricx24,4.40625
e8d330c8e3f37ba06d21398516146db0da2f9235,model,metricx24,1.21875
e8dc958a57ba075ea5b25a937aa8b33d5b69d969,model,metricx24,5.78125
e9010ca4b313bd7e8604ce3049d6f5014c11c8f2,model,metricx24,1.40625
ea00b901da45c5edee7d1ab2689e589b3ef42099,model,metricx24,1.5859375
ea0b26d045dd1c5a270959f9ab740c0f78a514b8,model,metricx24,1.6640625
ea433f9a1f3a7a61682fd244777b4ac4094feaad,model,metricx24,13.0625
eaaf79b98cc2926c54f09ff774473831adcd19cc,model,metricx24,2.671875
eadbfe241699725895d374a89f62fc58ab4bf456,model,metricx24,7.4375
eadd5204f1ece5acef73a3463a1415f8d1ca7a5c,model,metricx24,5.125
eb7dccb5cce704e34cfe7dd53cda4bc6e469debe,model,metricx24,2.671875
eb852247cce27c58dd0901143dedb1ac9b6bbaff,model,metricx24,2.265625
ec04ac095b60d9a0b31f0b5d72a214a60f127ef7,model,metricx24,4.71875
ec2a3c1ed00ff52458014d33e70c84563bb3a35c,model,metricx24,2.015625
ec2e2d79982cdbf1d590b8573ec7f5c860b3264c,model,metricx24,4.28125
ec9402c0f9938db26b7288b4dd99e6c5b86056f5,model,metricx24,1.71875
ed5384a7dc743ee6f738c279ba62d015f5866870,model,metricx24,8.5625
ee195f15da69dfa9902145e6a671ecdafae39af1,model,metricx24,2.765625
ee9c49bb95a22783949484f1f2238841f9926704,model,metricx24,5.375
ee9fdf8d6f86c60dfdb9f95346351608b0d441db,model,metricx24,2.90625
efb6187d8fd73fa684008ac36d2107ad86a118fe,model,metricx24,0.435546875
f031ff9962d32ad3778cb9bd13321ad4dda93ec9,model,metricx24,0.80078125
f0ee30fe144a887631635f81dd3d60ffa3acccf3,model,metricx24,0.8515625
f1bc17903487dcf17324c24f87f24d46a0849cf2,model,metricx24,0.41015625
f244a3c2792722b06ee82f84ed595ad4ccef0918,model,metricx24,1.265625
f2495270b5001f07a43db9f8880dd5d61e517350,model,metricx24,1.7890625
f2dfcf0bcf9577e02e09998eed771caf82f962e9,model,metricx24,1.0546875
f32027460d1bc7e18f5257e1a0be16f93f4a43be,model,metricx24,1.5234375
f34cc01a5bb417cd41ac8a566b15b440c38f4a61,model,metricx24,2.953125
f4966fb881ad0befdbe18815ad439cd1aee6da10,model,metricx24,18.5
f52284394545299528da755e96295f6d9123764a,model,metricx24,2.90625
f563f460c2d7abaa71b58167dd58790399415e66,model,metricx24,4
f5a0a53aba630dcbc03b4b3d7c1c8dfc95e4a4ae,model,metricx24,1.109375
f5b6f04b513d4998875f47112e4b4146a8d09f4c,model,metricx24,6.96875
f611b65f3d26583a03fd0fddd19239b6a743ce05,model,metricx24,2.59375
f6391f6f406d73bf364b2d38567a50d20f2f50ea,model,metricx24,2.390625
f67e18dfbd86e80c8b68c56465b17d85e3b483ff,model,metricx24,0.97265625
f6db262f97dab612d25e1f12831a8d4ba5373750,model,metricx24,6.59375
f784304e48ff216814f401ba80f689d3fb93aa6c,model,metricx24,2.015625
f82200c45eb94b387ec5a8710621d0e55d73acb6,model,metricx24,2.828125
f88201cfcc88dd35915e861dacc956f6f98d05d0,model,metricx24,7.9375
f898f8c1704e5bddad7d0463972c9f7eafbdc72c,model,metricx24,11.8125
f8ef1514d27eebd8eeb59122f81ac8c40dec459b,model,metricx24,0.94140625
f8fe21d130448550da5240e4f3749cdf641e163e,model,metricx24,3.25
f9df89a8fe8fa0bb2812a2b268982c77ddb7302d,model,metricx24,2.421875
f9fd5c3bafb7f28cd5cfff93a739649f8ee25b45,model,metricx24,3.453125
fa155140bbc4c8c63b1295d2b7f1419303a906d1,model,metricx24,7.96875
fa35784041a884070789d30fd365d61920ab6ea9,model,metricx24,2.8125
fa45a133d7b96d30382960a8ec498ffaa500dc9b,model,metricx24,17.375
fa5ff1fe2774dcb101a8dd35bbca2669951b4365,model,metricx24,8.9375
fa889e2afe648e07006fea8dacb7e359190043e7,model,metricx24,0.39453125
fab4c1d710aa379521f9b11c53c233d44cb30723,model,metricx24,2.75
fab8f611c4ad7e5facbc10e7b90f9e692cdeddfb,model,metricx24,2.359375
fad5d3576790aa0e8beb8cb5daef2ec3947fa6d6,model,metricx24,1.5078125
fb6c74d9f1918fc0bebbd037cdd8a07789bb7120,model,metricx24,2.296875
fbbd580602218a463be1f46ed6289efb068ae9f2,model,metricx24,0.58984375
fbd60ec3ead4fe409592a8ea3c015a03c59ccdf2,model,metricx24,1.90625
fc42552f9cbc816633c415489da599b302ba3c9d,model,metricx24,1.140625
fc60284ccc5bd521870f32320160eb4a66cbfd4f,model,metricx24,4.15625
fc6722ec83328e86f69a0f4bb62401300de331f2,model,metricx24,6.625
fccf1f847f5c34540cfed79490371931d6825ff2,model,metricx24,12.375
fcf5aacf160763fcd3b278dfede20741ae4713e8,model,metricx24,7.875
fd1486556d90d86d331b4fc4b80a383668e437c9,model,metricx24,1.4609375
fd3a0bea93434f6d9697778652786cd325456be5,model,metricx24,4.8125
fd402cf9179547abfc797792200004d282ad9586,model,metricx24,0.73046875
fe1174924fd24ca2eb188220d9144f0c29223e5b,model,metricx24,4.6875
fe25bcd030f426e30e428fb7ad3057a2d15d6168,model,metricx24,2.421875
fe335617af357b4a31bba8b91b7c74f038d541d0,model,metricx24,2.46875
fea474e76fdb59c1c33c9b90a942ea6bddebd48c,model,metricx24,6.90625
ff4faae044cc1038409d8cab5eaec7983906a4db,model,metricx24,5.65625
ff9bcbd0cebacfd79edd3f378adb7201b45a8328,model,metricx24,0.66015625
ff9f264908c223aa3b2676195c45beb64d4a559a,model,metricx24,0.53515625
ffb7abe9267e1c44588166d3ca3c7bc9ea876502,model,metricx24,3.8125
