id,hash,source,en,uk
da9f7ffe4eeb87a5008f,4773e1ba7746bccde9e600ac3abb715ab61868ac,CCAligned,appeal to those who united all those who opposed Magyarization Ruthenians.,"тим закликом, який об’єднував усіх, хто виступав проти мадяризації русинів."
f083fc6cf0fd375526f2,2af92ba457bcf166cd9f1bad78f0a04782f2978f,CCAligned,Partners,Контактори
b11c42aa3557f3022982,627af443c5ade76c682f9363c7499cf370207476,CCMatrix,How many eggs can be consumed per week: unexpected conclusions,Скільки можна вживати яєць на тиждень: неочікувані висновки
0aac4bd9de9f0cd0596b,20af7bb6971f087b4f24782699aa158f0187514a,CCMatrix,"Its truly said that ,”A book is the only gift that can be opened again and again.”","Правий був поет: «Талант — єдина новина, що завжди нова»."
adb7bcd2485e810bf44a,db714b9d220b9460a013913641ebcd944cf3daf6,CCMatrix,"And by picking music you like, you can listen to the same material over and over again, without becoming bored","І, підбираючи музику, яка вам подобається, ви можете слухати той самий матеріал знову і знову, не нудьгуючи."
dc7a5d377222d6207817,5fed58786510ad0682b40692d488475832666b77,CCMatrix,"“There are too few opportunities to promote the exchange of best practices in this quickly changing field, especially with such distinguished guests and foreign partners.","“Є дуже мало можливостей обміну кращими практиками в цій швидкозмінній галузі, особливо з такими видатними гостями та іноземними партнерами."
6cac0690aa69c74e2903,df12d705e368f959fcf73a64f38e748973d5efee,CCMatrix,Analysts of international rating Agency Moody’s predicts the continuation and tightening of a trade war between the US and China and the introduction by both parties of all the new measures.,Аналітики міжнародного рейтингового агентства Moody`s прогнозують продовження і посилення торгової війни між США і Китаєм і введення обома сторонами все нових заходів.
94c41d1737db26ed4a7c,b2ca5f8629a7b5fb2477fa68c53f496a42add35f,CCMatrix,"However, this is also one of the reasons why many people are here in the warm season, especially on weekends.","Проте це також одна з причин, чому в теплу пору тут багато людей, особливо на вихідних."
e96609c223c483eccdb9,d9b5deb24c0ce29dae61acabc49c7a5efdd2e29d,CCMatrix,"“That notorious mythical image of a Roma thief affected my own life, too,” she said.","«Цей горезвісний міфічний образ ромського злодія вплинув також і на моє власне життя», — сказала вона."
64286dfc8704c932c284,c0cba93840432e5476f93796ed6222493492293f,CCMatrix,"However, soon, already in 1988, he again brought the company’s shares to the exchange.","Однак незабаром, вже в 1988-му, він знову вивів акції фірми на біржу."
df2d540d20af394c7a7b,ea00b901da45c5edee7d1ab2689e589b3ef42099,CCMatrix,But you are extraordinary.”,Ви - надзвичайні».
67075b23ad9803a84c77,79050668ea67e5002f3981ab670c7daa3a0fad94,CCMatrix,The prayers of God’s people invite and assure God’s response.,Молитва Божої Матері підтримала та надихнула людей на захист рідного міста.
adf7b75510afe4e21da7,847d7d0b13b47a8152f4025bf6c94134a4ab7f41,CCMatrix,Disease this day has false symptoms.,Хвороба цього дня має хибні симптоми.
d6e32f00e7c847efe1ea,184ba6f68a9c465352b3c635da0b3ad6b5112861,CCMatrix,May the year 1940 bring the decision.,Хай 1940 рік принесе рішення.
cbe96e9f21525d968e07,a570791ae346cd4a655e8b9babe6b5814004490c,CCMatrix,"long-term visas and residence permits, including those for the purpose of family reunion;","довгострокових віз та дозволів на проживання, у тому числі з метою возз’єднання сімей;"
c7fc0d5cb4e3b8705b89,246893396c4b46e9c2d82669a2fbaee53d35417a,CCMatrix,"Gadgets from the movies, about which you dreamed in the childhood","Гаджети з фільмів, про яких ти мріяв у дитинстві"
28dfbb5d4a26a365e763,185438f65fc3d29e1dc92041b659cf8d8981ab85,CCMatrix,Dystonia can also be classified according to whether it occurs together with another movement disorder.,"Дистонію також можна класифікувати по тому, виникає вона разом з іншим руховим розладом."
94ea0f5c31c48cdc0edc,283d585eb424d9034c4db6c3097593e815d7e9aa,CCMatrix,Environment and World Politics- Global Warming & Other Natural Threats.,Навколишнє середовище і світова політика — Глобальне потепління та інші природні загрози
a07052a1781ee11a35c6,cf9f2e0669f2afc40a602b68d10dd859a0c6bb8b,CCMatrix,"When it comes to protecting your private information, we’ve got it locked down tighter than Alcatraz.","Коли справа доходить до захисту Вашої особистої інформації ми зберігаємо її надійніше, ніж Алькатрас."
ea6cdff5ae35cd3b9fce,b0628b995da51161a4a82bf282d4667334f5239e,CCMatrix,"Sometimes you have to wait before you decide on pregnancy, some require a serious course of treatment and even surgery.","Іноді доводиться почекати, перш ніж вирішуватися на вагітність, деяким потрібно серйозний курс лікування і навіть операції."
c76f5955bf0a4d35b703,28fa659fe0e8c092af37b3d50bedb16543b94ed9,CCMatrix,That's the way we make the new economy work better for everybody.,Ось так ми змусимо економіку працювати краще для всіх.
5688c03d97bf20371e69,dcc8a1270980858a1977a37b8afe87aad1099b5c,CCMatrix,Much love and appreciation for the Academy.,Велика любов і вдячність Академії.
4314cc602bf185b43c32,d8f0435a650053ad13c06078b91535e19e426ff2,CCMatrix,"The first joy,","«Перші радощі»,"
24f222d19261135e2771,d86cee21c710e9699c77a746da3eaa3fac8c790a,CCMatrix,That agreement placed the bulk of the Golan Heights in the French sphere.,Ця угода передала більшу частину Голанських висот у французьку сферу впливу.
53325ec6f2c66e15cfe3,74ca3fa88f968d07c8a0ba8e1cdad0bb87ca2a76,CCMatrix,This is good for Ukraine's security -- energy security -- because diversification is a key component of energy security.,"Це добре для енергетичної безпеки України, адже диверсифікація – це її ключовий елемент."
88c309ad352c39025542,817493942a7e083a1fc2e76b96596bb90a4ac586,CCMatrix,"If you have sensitive feet, it is better to walk on the beach in flip-flops.","Якщо у вас чутливі ступні, краще ходити по пляжу в капцях."
fb13a324fcd2de4f021f,4ff080df6db87d5f67c65b8d235dd665c7d618eb,CCMatrix,Germany and other wealthier countries continue to insist that governments should take responsibility for their domestic banks.,"Німеччина та інші багаті країни продовжують наполягати на тому, що уряди повинні взяти на себе відповідальність за свої вітчизняні банки."
4b1f5189c927c50d5310,2127a9b574f5235d17c4e72abadcda893aeef03e,CCMatrix,December 7 – Remembrance day of victims of 1988 earthquake,7 грудня - День пам'яті жертв землетрусу 1988
d5c7ce8b7fe09712fb5d,08bbb49cd73c56f1befd84a3e78f42929423172f,CCMatrix,"When I feel I'm ready, I will take the next step, but first I have to prove myself.""","""Коли я буду готовий, зроблю наступний крок у кар'єрі, але спочатку я повинен проявити себе."
ae4aee34ab08a0ee29b0,fb6c74d9f1918fc0bebbd037cdd8a07789bb7120,CCMatrix,"Like the Apostle Paul, let yourselves be conquered by Him, assume his sentiments and his way of life (cf. Ibid., 18); let yourselves be touched by his hand, led by his voice, sustained by his grace (cf. Ibid., 40).","Як і апостол Павло, дозволяйте Йому здобути себе, приймаючи Його почуття і Його спосіб життя (пор. ibid., 18); дозвольте Його руці торкатися вас, Його голосу провадити вас, а Його благодаті підтримувати вас (пор. ibid., 40)."
65b8b4ddc4ab07fe833e,8b383df9f61ef668700db1946986fd9b7e26d334,CCMatrix,(Things you'd see ON the beach.,"Те, що люди читали б на пляжі."
089a76322d4b65956955,b6f68060cb80924cfe6f34153ca3ad491ec90e36,CCMatrix,"For instance, we cannot process your Reservation if we don’t collect your name and contact details.","Наприклад, ми не зможемо обробити ваше бронювання, якщо ми не отримаємо інформацію про ваше ім'я і контактні дані."
a0a4518d29c524b3c2dc,634eced402d1526420b8d937a7d8079d2ea07b0f,CCMatrix,"His hands belong numerous portraits of courtiers, the mistresses of the king himself, Louis XIV, whom he wrote about ten times.","Його пензлю належать численні портрети придворних, фавориток короля і самого Людовика XIV, якого він писав близько десяти разів."
fd21513ceef008f34e91,552c8256981a68859261b897beba8967ba801956,CCMatrix,There were demonstrations even after June 17th in more that 500 towns and villages.,"Вже після 17 червня, відбулися демонстрації в більш ніж 500 містах і селах."
603b570a40e07b9998fb,d410695f81b34108d5606efcc44a1fce25e62543,CCMatrix,"He has sent me to proclaim release to the prisoners and recovery of sight to the blind, to let the oppressed go free, to proclaim the year of the Lord’s favor.”","Послав Він Мене проповідувати полоненим визволення, а незрячим прозріння, відпустити на волю помучених, щоб проповідувати рік Господнього змилування»."
aa1095d234a6486025ae,484fafebc0eed98dcc4c673caa2186a05a72854c,CCMatrix,"Without health insurance, you may not be able to afford expensive medical services when you need them.","Без медичної страховки, можна навіть не в змозі дозволити собі дорогі медичні послуги, коли це необхідно."
fb3b2ec5a282201fc201,57a8c4813084fe9fd5bb8f4a133ff67e4e3c333f,CCMatrix,Jesus knew what was adequate for Thomas.,"Ісус знав, що треба для Фоми."
85e905908264966e4126,fea474e76fdb59c1c33c9b90a942ea6bddebd48c,CCMatrix,They moved to our area last year.,Вперше вони приїздили в нашу область минулого року.
c72a1654c6340ad49883,63e14c466cabbaeda76b9d297b79a2c8aa606d4b,CCMatrix,"This is a very unpleasant phenomenon, firstly, because of severe pain, and secondly, because of a completely unaesthetic appearance.","Це дуже неприємне явище, по-перше, з-за сильного болю, а по-друге, зовсім не естетичного вигляду."
019872b213e4e342b53d,0746ebc49d7a634888072e852c5e4fc28dd62b84,CCMatrix,"Label your bins, trays and file folders, and train new employees to follow your system so they'll be on board with your organizational systems from the start.","Позначте свої коробки, шухляди, лотки та папки файлів, а також навчайте нових співробітників стежити за вашою системою, щоб вони були на борту з вашими організаційними системами з самого початку."
6be4e01ec35427824f9f,3dce7e14c7575c7328380fe10d8017951475c34e,CCMatrix,‘Who needs Dad?’,«Кому потрібен батько?»
14d412ff0b8c74c49ec3,84c8ea6984c09539e31c7599467956c85563c664,CCMatrix,This is a power you have over him he doesn’t like to be reminded of.,"Це сила, у вас є більш йому, що він не любить, щоб нагадати про."
82a657cca0d44c6c6153,163f6630cd1f55d1416f2892030e72ba8e6636e6,CCMatrix,"The shape, design and finish are created as part of a specific marketing concept.","Форма, дизайн та оздоблення створюються як частина індивідуальної маркетингової концепції."
b5689abd7490b665016a,8694aabe9a1aa232e06032cae723f84492b5c7c0,CCMatrix,Do many people get up and walk out?,— І чи багато людей вибирає «встати і вийти»?
3aea1891274cec024740,6c8f578e95d5f43c4f33875eab9d5093ad040693,CCMatrix,"UpDesk says the surface works fine with both wet and dry erase markers, and cleans up easily.","UpDesk каже, що поверхня добре працює як з мокрими, так і з сухими маркерами стирання, і легко очищається."
14f97cf8f6cde44be7fa,5a3710f12b77ffbf1b4b456d0d65dcf92ee80c7b,CCMatrix,"On November 23, in central Zagreb, the Central National Victory began its session: most of it favored a monarchy and an immediate merger.",23 листопада в Загребі розпочалася сессія центрального Національного Віче: більшість його виступала за монархію й негайне злиття.
3ae37a13ba5286575586,90f24c1c91e46787ba109caed736cfedb293e45c,CCMatrix,Every house requires a foundation.,Будь-якому будинку потрібен фундамент.
23cda5e4d26231bed4e0,fab8f611c4ad7e5facbc10e7b90f9e692cdeddfb,CCMatrix,"Use of work of foreigners without permission in the established legal order is prohibited; otherwise, the company will be subject to sanctions on the part of the government and further deport a foreign worker from Ukraine.","Використання роботи іноземців без дозволу у встановленому законному порядку забороняється, інакше, на підприємство накладаються санкції з боку державної влади і надалі депортують іноземного працівника з України."
9e6d2abfba4a4e8238ae,37ace8d5baf5a707c875ac396f337b3a096d8b12,CCMatrix,"The main thing is the ritual, after which Germans and the French will “wash their hands”, having declared, at last, their political and diplomatic victory, and having got rid of the annoying “Ukrainian issue”.","Головне – ритуал, після якого німці з французами «умивають руки», оголосивши нарешті про свою політико-дипломатичну перемогу, а також позбувшись надоїдливої «української проблеми»."
880c37dae5e868845924,f5a0a53aba630dcbc03b4b3d7c1c8dfc95e4a4ae,CCMatrix,"That is why the financial sector is becoming increasingly regulated, leading to a growing need for specialists who work at the intersection of law and finance.","Саме тому фінансовий сектор стає все більш регульованим, що веде до зростаючої потреби фахівців, які працюють на перетині закону та фінансів."
7b8e485a4721548ec9a5,4a5d896ece18de4ef4bba5df48ced5ad9afcc48a,CCMatrix,Defendant as joint owner.,кооперативу як окремому власнику.
b2e060ea92d4998a3145,f6db262f97dab612d25e1f12831a8d4ba5373750,CCMatrix,"We do not attend the temple for ourselves only, however.",Ми не хочемо забрати храм тільки собі.
ea8e92367d0dd104bb5d,18fbe6e2cb0081293f50aede1a33b6891c8c4832,CCMatrix,Our loved ones go by so quickly,Спішімо любити люди так швидко відходять
b3b5eff9db24400b9ebd,e385320dfc9a15d3d199eae7c6658dc8a3dc8cad,CCMatrix,What a magic word - the Adriatic ...,Яке чарівне слово - Адріатика.
647e4d5bc3f956432be2,319dadd2e601cc6543ab9eb9d546ffa0a29c421d,CCMatrix,The implementation of surveying examination is impossible without the availability of all necessary documentation in the hands of an expert.,Здійснення геодезичної експертизи неможливе без наявності всієї необхідної документації на руках у експерта.
6e3bd103bc6cc8f001c4,4d9eb93aa149a88da90f6cb9a17802827702ec07,CCMatrix,To some new interests.,Деякі нові інтереси.
9366852e07ba375e5099,cfb927e084eb7136f3268d929503f0acc457fa5b,CCMatrix,It also becomes easier to implement any changes in the project.,А також легше внести якісь зміни у цей проект.
862b21aa88bc2783ddac,aad932c4541f26a3701a62311c1e5ff4b0dab646,CCMatrix,"In the period of postnatal depression, the woman cannot perform her daily duties.","У період післяпологової депресії, жінка не може виконувати свої щоденні обов’язки."
86fd3364a31099a73a97,7b1b1199d9074b93f3a94be770f42cec03ca106c,CCMatrix,first signature – director or other responsible person of entity;,перший підпис - директор або інша відповідальна особа юридичної особи;
8b62bd04f4c47af86a25,879a417739f6bbdf6a6dc4103bbf2dee1c3a6df4,CCMatrix,"Joint Press Statement of the Foreign Ministers of France, Germany, Russia and Ukraine, January 12th 2015, Berlin","Спільна заява міністрів Франції, Німеччини, Росії й України, 21 січня 2015 року, Берлін"
13030a3e1c41ca8dc0e1,2fbb1126373ab74cee5fe2add94a1cb1e753c326,CCMatrix,"Season 2 of ""Mr. Mercedes"" Premieres August 22 on AT&T Audience Network","Прем'єра другого сезону ""Містера Мерседеса"" відбудеться 22 серпня на AT&T Audience Network."
df2304a2531de8b1bace,76c76bb280987469d38fceee3fc9a5f775df8d7e,CCMatrix,"Consider carefully if you want your child's name to stand out or be conventional and classy, stand the test of time, or be flashy and make a statement.","Уважно обміркуйте, чи хочете ви, щоб ім'я вашої дитини виділялося або було звичайним і стильним; витримало випробування часом або було помітними і твердим."
3274986b730344b25869,33248398de2a6d36fcad0a2087278935677f5430,CCMatrix,Deciding to exclude certain companies,Виключення деяких компаній
eeda8c31970457954a42,0eb4dac1005758d358f9bedb9f05e6ff90608f2b,CCMatrix,the Sun is losing mass,Гігант втрачає масу
bae9c0cb18e350137f26,dd02bbc9c837713ec897c6d1381b0120f375b6c2,CCMatrix,"The program is mainly artistic, not engineering.","● Програма переважно художня, а не інженерна."
2d3c0dda22962b728302,5b69ba988b4260adf1f70454a43cda4d62249f26,CCMatrix,"Every picture has its own author and owner, which is not us.","У кожній фотографії та відео є власний автор і власник, якими ми не є."
d1972d33d87d60d3e4a9,e9010ca4b313bd7e8604ce3049d6f5014c11c8f2,CCMatrix,"Right before he died, Hieromartyr Maksim Sandovic managed to exclaim, “Long live Holy Russia!",За мить до смерті священномученик Максим Сандович встиг вигукнути: «Хай живе Свята Русь!
ab133fc8ef5639053239,9a4ce16b8d1e962f94e2a8945b6d773bd6b59d6d,CCMatrix,"Interestingly, not all birds can fly.","Цікаво, що не всі птахи вміють літати."
f5d092355477c5151197,52744b81b0de7b9bcb641c126f4e588ae21f5b77,CCMatrix,The concept of this workshop is to bring Indian culture to the west.,Метою такої роботи було ознайомлення західного суспільства з культурою Індії.
e15c44ecd624aa610e30,178fa37efafd58164a2f8e8ee860b580e6bcf7b3,CCMatrix,"Seriously ,where are these tools ?",І де суть цих інструментів?
bfd32513f4360e344f55,524eda58d4acaa66c5c406a5e4b03a180f795b79,CCMatrix,My mom thinks so too.,Мама теж так вважає.
5967eebb31fc6f424a32,c526a3cd729a7f1a2ff6f6c6e1ea7112870fabf4,CCMatrix,This also includes the speed of the internet.,Це також впливає на швидкість інтернету.
ab2d8b2c870168f24dea,e5f907600efedf74ecd4e16e0726e867dce24723,CCMatrix,"Moreover, decisions on advocate's activities to be abusive, with all the negative implications for such a ""procedurally active defender"" will be taken by the court at its own subjective discretion.",Вирішувати питання про дії адвоката як про зловживання з усіма негативними наслідками для такого «процесуально активного захисника» буде сам суд на свій власний суб’єктивний погляд.
09a8029573f127afe7eb,dd4e7ad7a086cca50c304fa48f0d63acef501b70,CCMatrix,What must we know before trying it?,"Що потрібно знати, перш ніж спробувати?"
b060ab9b24b3dc5648bc,028285cd8ea3650c692b577128e5695bc695f65f,CCMatrix,See a show at the English Theatre - continental Europe's largest english speaking theatre.,Побачити виставу у найбільшому англомовному театрі континентальної Європи.
23279be6d063f3dbb92c,026a87203f9560006280d25991d7369845fd668b,CCMatrix,Works from the Jeu de Paume on the west end of the Tuileries are also transferred to Orsay.,Роботи з Же де Пом на західному кінці Тюїльрі також передаються в Orsay.
962b9c68d1fba085f9a9,76af39b0e2956dd2e0e3abe9bed5c8d598f96bc4,CCMatrix,The post of public prosecutor is governed by Act No 283/1993.,Більш чітко завдання прокуратури окреслює Закон № 283/1993 Зб.
37ec36978e743d39ee45,97b3127fac5bbd209a6b0cf1697d59c4ec72cc26,CCMatrix,You check your email every two minutes.,Ви перевіряли пошту кожні дві хвилини
1770eba9a452872e908c,af2b64a603f0c7a9c27482f435417aae289ad230,CCMatrix,Arriving into St. Petersburg:,Прибуває в Санкт-Петербург:
7c9fc5480b21aef83a75,2d67968ec039d92321bb0dd45edf5e40283422c8,CCMatrix,"In the Federation of Employers of Ukraine we elaborate options on how we can help the budget, how we can support the army.","""Ми опрацьовуємо у Федерації роботодавців варіанти того, як ми можемо допомогти бюджету, як ми можемо допомогти армії."
e5fcfb36add5e65fae37,7376e654bd15452119a191573d7993c691f722fe,CCMatrix,Find likeness.,Знайди схожість
9a4a8facd18d5ed42de5,9dec0a71790ff51afb5e71647e837d72da3fefe1,CCMatrix,It is also worth remembering that some specific washing (cleaning) compositions may contain a high concentration of aggressive chemicals and (or) abrasive components.,"Також варто пам'ятати, що деякі специфічні миючі (чистячі) склади можуть містити високу концентрацію агресивних хімічних речовин і / або абразивні склади."
a402837c343d7d4426a2,6732d65ee083db463495f5002f1e2ed6816d401e,CCMatrix,"There are alarm bells, however.",Однак є тривожні дзвінки.
f53d47c00279dd99c0e2,0c19f87314fd7b1a58a2d0a47e81f98cac2771b4,CCMatrix,It was part of the reason I went out that day.,"Це була основна причина, чому я вийшов того дня."
8c2f7828a7478a445550,68f16001979b161e4143c38bccfa02c80cba9b41,CCMatrix,As an investigator...,Як дослідник ...
2624846e693c8420795b,948e53aa5d684810ea565fcf5e6cddcc1116e944,CCMatrix,"1976's Station to Station featured a darker version of this soul persona, called The Thin White Duke.","Альбом Station to Station (1976) показав більш темну сторону його соул-персони (іміджу), названу «Худий Білий Герцог» (англ. Thin White Duke)."
e54bf5a1b611bc2b0082,14f3741f0bc1225948dcf2b94759dc543243b2fb,CCMatrix,"""Consul"" is not just an online platform, but also a solid company with a well-deserved reputation, experienced staff and excellent service.","«Консул» - це не тільки онлайн майданчик, а й солідна компанія з заслуженою багаторічною репутацією, досвідченими співробітниками і чудовим сервісом обслуговування."
845ff2f6062316490ad5,fa35784041a884070789d30fd365d61920ab6ea9,CCMatrix,"Carriage-building industry has supplied also covered cars with the metal body, and increased to 4 m doorway.",Вагонобудівна промисловість постачала також криті вагони з металевим кузовом і збільшеним до 4 м дверним отвором.
9533b2c93e4e7784f48b,bdef84ce6ca276a28e4c9bce00c83d02c8491066,CCMatrix,The submarine called Turtle was designed by an American inventor David Bushnell.,Підводний човен під назвою «Черепаха» була розроблена американським винахідником Девідом Бушнелл.
55820c12ba8732d848ab,a809ae6b2d8a9ff09956c23fdff5e4e43c547422,CCMatrix,"The prayer hall inside the monastery is decorated with frescoes, there is also a rare three-dimensional mandala, which symbolizes the sphere of dwelling deities or the so-called ""pure lands of Buddhas"" ..","Молитовний зал всередині монастиря прикрашений фресками, тут же знаходитися рідкісна тривимірна мандала, яка символізує сферу проживання бож ЄСТВ або так звані «чисті землі будд»."
051b2e580faece8c34ef,5a216c9a2e97c03d914aa46f0c991f71670e4994,CCMatrix,Have you ever thought about how we get it?,"Ви коли-небудь замислювалися про те, як її дістати?"
fadd8223337607eea882,6cfd852a2b2ad49df219ab4e1f291e072b9b5e19,CCMatrix,The Master of Design Thinking and Customer Experience aims to create innovation professionals who have the conceptual and practical tools to successfully develop Innovation an ... +,"Майстер дизайнерського мислення та досвід роботи з клієнтами прагне створити інноваційних фахівців, які мають концептуальні та практичні інструменти для успішного розвитк ... [+]"
e50205d41dcc31a90e79,fbbd580602218a463be1f46ed6289efb068ae9f2,CCMatrix,I dedicated 20 years to the company.,Цій компанії я присвятив 20 років.
c397ac91dc5439e86c46,06e4e1392574db07353b1ac6e16970dc01196b33,CCMatrix,"If we live, it is by His forbearance.","А якщо й привертає, то через його занедбаність."
440ebac230050cd75c6d,786b59baccb25433ab104ebed3b6591deaf58d45,CCMatrix,For that I ask for your vote and your trust.,Для цього і прошу вашої підтримки та вашої довіри.
bb6dfb4cf765d7e3ec40,74af4d1a59e6b86e2ff912c49ab0e277ef16c1aa,CCMatrix,Lithuanian Art Museum.,Литовський художній Музей.
710a0b2c2b13e969e9ac,dac6e8547443a16d7c7c73428c48329d88d7d65c,CCMatrix,I want you to punish this pig.,Бажаю максимального терміну покарання цій свинію
89698644bc8fa68141a6,9f5b41bb78f3cfe47deaa8b2e0644b1ce9abe91a,CCMatrix,"However, it is worth noting that to travel to Europe should not focus on these nuances.","Втім, варто зауважити, що для туристичних поїздок в Європу не варто загострювати увагу на цих нюансах."
03c4b063a8831ed9799c,677c09fd1cb5e165b4554158fbce27c9fc7e5692,CCMatrix,Why do you want a Forum?,Навіщо потрібен форум?
00e8d352d03eaded14e3,6ce0aaefa81a6268c2f528bd1799c26cc32b65b6,CCMatrix,We need to empower schools to raise additional funds for non-profit foundations; use of grant support research projects and educational innovation; expanding the list of paid services provided by educational institutions.,"Потрібно розширити можливості навчальних закладів залучати додаткові кошти за рахунок некомерційних фондів; використання грантової підтримки дослідних проектів та освітніх інновацій; розширення списку платних послуг, що надаються навчальними закладами."
c6f4a2f9f68fbc9f46ba,1abab6bc5ddf68a730eabd9f5f6f85658fc53b94,CCMatrix,How to Keep Clinton Voters Away,Як утримати електорат Клінтон від голосування
b220ce480e41b8c96301,c7c7405ae8cb55c8d762032e0e075fe76cd4c633,CCMatrix,The majority of experiments in the social sciences are lab experiments where undergraduate students perform strange tasks in a lab for course credit.,"Більшість експериментів в соціальних науках є лабораторні експерименти , в яких студенти виконують дивні завдання в лабораторії для курсу кредиту."
7b6f97d9b1eaa29aa3c4,844b89fef440970044adff493188225401199b0f,CCMatrix,"But what I discovered was that many, many more admired my honesty and integrity.","Але, як виявилося, дуже багато людей захоплювалися моєю чесністю та прямотою."
dc69bc593cbaeab9e566,973f0b561bc13214f7932fd128eb234669d3fd49,CCMatrix,"Admiration is good, but in small doses.","Критика корисна, але в малих дозах."
d3d822696f888784f5bd,8f15a19f19cb1bcaef07f89c03af33d032a9cfcc,CCMatrix,"And what is most surprising is that the clothes that are worn on him are changed every six months, because it wears out, as if he does not lie, but walks around.","І що найдивовижніше - одяг, який на нього вдягнутий, міняють раз на півроку, тому що він зношується, ніби Святий не лежить в ракі, а ходить."
b66d2818f34d1846288d,5530ecaa590332062e60c111c32ef1a2b58f19ce,CCMatrix,"Since bacteria are capable of horizontal gene transfer, more and more strains are getting DNA that promotes drug resistance.","Оскільки бактерії здатні до горизонтального переносу генів, то все більше штамів отримують ДНК, що сприяє лікарській стійкості."
e69f9bd67f259bf59a24,3d60c8f8feca917160d787010bbfeebc28eb493c,CCMatrix,I can not believe that I have been living in England for nearly two years now!,"Аж не віриться, що ми в Англії вже два тижні!"
a0dc77ea1705caaba5da,8e2eb37e7a08b7446fe58d7c2a152397ee4c6769,CCMatrix,"It replaced the franc as the major unit of currency but, until 1974, the franc continued to circulate, with 1 dirham = 100 francs.","Він замінив марокканський франк, як основну грошову одиницю, але до 1974 року, франк все ще використовувався, з курсом 1 дирхам = 100 франків."
7993fe6c678bf670397b,e336656105574f313527ff331fa00764443ab7d8,CCMatrix,"“The victory of socialism in one country, even if this country is less developed in the capitalist sense, while capitalism is preserved in other countries, even if these countries are more developed in the capitalist sense – is quite possible and probable.”","Сталін стверджував, що «перемога соціалізму в одній країні, навіть якщо ця країна менш розвинена в капіталістичному відношенні, а капіталізм продовжує існувати в інших країнах, хоча і більш розвинених в капіталістичному відношенні, абсолютно можлива і вірогідна»."
b4ec14c8808f6cef001c,940ca96d210e50163d7f110b79c45e5c78961eff,CCMatrix,"She has also been a back-up dancer for Will Smith at the 2005 Nickelodeon Kids Choice Awards, and for OutKast at the 2004 Kid's Choice Awards.","Вона також була танцівницею у Вілла Сміта на премії ""Nickelodeon Kids Choice Awards"" у 2005 році, і у OutKast на врученні премії ""Kid's Choice Awards"" у 2004 році."
a9c966b4c72289e37d78,ae1283e151beac8b1cec137a1415bdd6421ac8ab,CCMatrix,"strategic stability and equitable strategic partnership, on the basis of Russia’s active participation in the development of the multipolar model of the international system.","- стратегічна стабільність і рівноправне стратегічне партнерство, які зміцнюються на основі активної участі Росії в розвитку багатополярної моделі світоустрою."
da8f6842a1ef356fc7ce,7be27a850e3aae8e5b2c659cfe94f320c47a8913,CCMatrix,- Which historic period is the most interesting for you?,– Який історичний період для Вас найцікавіший?
cc800bdf827d93f13e4b,fd1486556d90d86d331b4fc4b80a383668e437c9,CCMatrix,The same might be said of the future.,Те ж саме можна сказати і про майбутнє.
e56229816be0b8f7730c,d5969d7c372f4204adec13a82af90a396b86904f,CCMatrix,Maybe this is a wrong feeling.,Це може бути помилкове відчуття.
9144ff676ea909c9b978,b85c5e0dd860cced371f80ec7c3642d4d8a8dccf,CCMatrix,I even was on the poster!,Навіть на блокпості грали!
c47768718f4613d33c4a,7cadf4089358465625975004263aee218b5ef87e,CCMatrix,"In 2004, he owned the professional team “Michael Jordan Motorsports.”",З 2004 року зірка володіє професійною командою з назвою «Майкл Джордан Моторспортс».
66916ee0f8fdea30eb3e,4967f321a1d0f3e70d2f69858ddfd3ecc18793de,CCMatrix,Genetic algorithms — adaptive search methods that have been commonly used for solving tasks of functional optimization lately.,"Генетичні Алгоритми - адаптивні методи пошуку, які останнім часом часто використовуються для вирішення задач функціональної оптимізації."
2c221f109988890fbbe0,ad66d76049f2a8dcaf9dba95253e1c0d304b828a,CCMatrix,What questions would you like answered at the seminar?,Відповіді на які питання Ви б хотіли одержати на семінарі?
03c517a9f4a2c3db4140,6190e519c3cc31ce568b6226cb8f5ec710fc6a75,CCMatrix,"Prof David Spiegelhalter, of the University of Cambridge, said: “This is a massive and very impressive study.",Професор Девід Шпігельхалтер з Кембриджського університету додав: “Це масштабне і вражаюче дослідження.
c23503ad997563a0c99d,614885e3c2594757ae2ed13ddb2811a365f58ea6,CCMatrix,"""Angry, of course.","«Засмутився, звичайно."
7ffd1f45f40dd1342593,91690e37cac6efa7052d9445c964f6bc30f5d5ba,CCMatrix,Internal regulations of the club,Внутрішні правила клубу
d3c1d1596e15f312fe26,9c614fe01ff0021d39492317cbbea8dd581a3b16,CCMatrix,We’re playing at a different level now.,Зараз ми граємо на іншому рівні.
cb9d605521e6edb0fed7,1db3ca67955ba3523a1bc897aca84927657831c2,CCMatrix,"CHRISTIE: Yes, that’s what I wanted to talk more about.","Вікторія Амеліна: Так, але це саме те, про що я хотіла поговорити."
79c42a9ac9b10403a460,757d25c3fbf701c83ba11ef17aea33165a8a14ec,CCMatrix,Patan is one of the three royal cities in the Kathmandu Valley.,Патан – одне з трьох королівських міст в долині Катманду.
290c5b815905bf935fcf,eaaf79b98cc2926c54f09ff774473831adcd19cc,CCMatrix,This is especially useful for those operators who shared the DEF-codes.,"Особливо це корисно для тих операторів, які користуються загальними DEF-кодами."
01bec6aa270575ed2576,64fef683ead61f8abb2fea03183942b00b1b5981,CCMatrix,"Signing the contract for the provision of legal services, the client receives legal advice at any time and as required.","Уклавши договір на надання юридичних послуг (надання юридичних послуг), клієнт отримує юридичні консультації (юрист консультації) в будь-який час і в міру необхідності."
5c85708a08e9948b1a7f,0d747bbc3c6dd43581116a2d2c874227cfadc466,CCMatrix,"Sukholuchchya, the hunting residence of Yanukovych Rating: 7.20",Сухолуччя - мисливська резиденція Януковича Рейтинг: 7.20
d75246aa67bc654d0d4d,a2edb76ef8ee4a58202f0d46eb30d40baa01db5d,CCMatrix,In the 3D Modeling Animation Art and Design diploma program at VCAD you'll ... +,"У програмі дипломної анімації ""Анімація 3D-моделювання"" в VCAD ви дізнаєтеся ... [+]"
8b042aa627d140619562,a63f2ac9d9e92876cf10bcaaac9359fc5dc19928,CCMatrix,Visit us at the collective stand of Ukrainian companies at ZOW 2016 - leading fair for furniture components.,Відвідайте колективний стенд українських підприємств на виставці ZOW 2016 – провідній виставці компонентів для меблевого виробництва
7446ca5bc11d7a5f6197,28b55c31554a5d612f56c017f2ec7f779529dd79,CCMatrix,You've been hurt; you've gone through numerous ups and downs that have made you who you are today.,"Ви постраждали; ви пройшли безліч злетів і падінь, які зробили вас тим, ким ви є сьогодні."
ac6030f5bb3d171733f5,467e5d44de17d7763b64d0d2e2e92b364417c433,CCMatrix,The clothes were 50's style.,Це були сукні у стилі 50-х років.
82b2b273121d5e8c96fa,0ca3955c0c3b0b1306698a9008c1cedf1c213bb3,CCMatrix,"All persons, both official and private, legal and physical, are equal before the law.","Всі особи, як посадові, так і приватні, юридичні та фізичні, рівні перед законом."
44d546a23047f6f409d0,060579c748deb692d1ff2fbd638d70074627f27f,CCMatrix,"A person always feels that they are in danger, but cannot understand what is happening to them.","При цьому людина відчуває, що в небезпеці, але не розуміє, що з ним відбувається."
a44fbb052ec124502e00,2b596bf42bf0a16b057c3f0500c5e3ae4b90dd20,CCMatrix,"At the same time, Branson has pivoted from retail music sales, to mobile technology, to airlines, so he understands the importance of changing course when needed.","Водночас Бренсон змінив сферу діяльності з музичного роздрібу на мобільні технології, а потім на авіалінії, тому він розуміє важливість зміни курсу за необхідності."
99c87e5bf6f0674e6221,b0f3e51851018d2c7f8f5c7ca5b1970221eaf000,CCMatrix,"Women working at Telegraph Media Group get paid 35 percent less than men on average, the biggest gender pay gap of any U.K. newspaper publisher or broadcaster to have reported official figures to date.”","Жінки, що працюють на Телеграф Медіа група (ТМГ) сплачують на 35% менше, ніж чоловіки, в середньому, найбільший гендерний розрив в оплаті праці з будь британської газети видавця або мовника повідомили офіційні цифри на сьогоднішній день."
866e92be4f05465abff0,7f2cbe9e70848b20a30e7fec876d676c95139aec,CCMatrix,Consult your dermatologist before you go on to use a skin care product (lest you do end up harming your skin even more).,"Зверніться до дерматолога, перш ніж спробувати новий продукт по догляду за шкірою (щоб ви в кінцевому підсумку шкодить вашій шкірі, навіть більше)."
130a8d166c7554920641,72464269d274f3c94553180494f04424aff5f6e8,CCMatrix,"So, how do you know which year and month to do so?","Як я можу дізнатися, до якого місяця і року воно триває?"
5e26c6aa1bc253bc04cd,c9b6ef480dde0947fa96ab6d62f3b19b8dc30cb1,CCMatrix,And draw conclusions from it.,І зробити висновки з цього.
66cca504e83fc3d4ac93,a6d3d9faa1935f106767724fc62ad990ecfdc7e7,CCMatrix,Anywhere but here (1999),"Де завгодно, тільки не тут (1999)"
3f8ace9f85a42b3ab1f8,a4621b4421747e1eeb02f3b5553bc86e958bc942,CCMatrix,"The design of flag of Argentina was made by an army innovator Brother Belgrando to distinguish between the Spanish and Argentine army, who had both used the yellow and red colors.","Прапор Аргентини був придуманий військовим лідером Мануелем Бельграно, в спробі диференціювати аргентинську армію від іспанської, тому що обидві тоді використовували одні й ті ж кольори, жовтий і червоний."
7cfa968cce1944819a7d,06fbe09c6be14d4aa2d8ac2e2bb6462bc578aba6,CCMatrix,They somehow already know what you what you truly want to become.,"Вони якимось чином вже знають те, ким ви хочете стати насправді."
be143eff2077866b6b2c,86cef2d2351d2b4f3ef855ea8fa932677a6c24c8,CCMatrix,"The Hlučínsko Hulczyn area of Upper Silesia was ceded to Czechoslovakia (area 316 or 333 km², 49,000 inhabitants).","Глучинський регіон Верхньої Сілезії був без плебісциту переданий Чехословаччині (площа 316 або 333 км², 49 000 жителів)."
d0a4d38cdf5029e8f914,717e20d92fcbc0e7a400c76aa571ffbff23c7890,CCMatrix,Do people have a right to territory?,Чи має людина право на землю?
00db56fb7f03973706d2,eb852247cce27c58dd0901143dedb1ac9b6bbaff,CCMatrix,The SEO strategy needs to be a continuous process.,Ваша стратегія SEO повинна бути довгостроковим процесом
b068e63ec5a90f647ba9,6443d2eb4e2a5bf8fdd02ebd347f9ef9ef454852,CCMatrix,"Our thoughts and deepest sympathies go out to his family and friends, including the many people he worked with here at Apple,"" the company said in a statement.","Наші думки і глибокі симпатії - з його сім'єю і друзями, в тому числі з багатьма людьми, з якими він працював тут, в Apple"", - йдеться в заяві Apple, опублікованій у зв'язку зі смертю працівника."
3d67b668ae6df4cbf792,0897fb5380bb620907ddc7917fdc86552f1875ae,CCMatrix,He was Vice-President.,Він був віцепрезидентом.
9f6eddd4ecdf0778a1c9,257cd4572e0c4d111f954c54371f5eb912ba2c0c,CCMatrix,"But he cautioned that while volcanic eruptions had very similar effects to solar geo-engineering, they did not duplicate it perfectly.","Проте він застеріг: хоча вулканічні виверження мали дуже схожий на геоінженерію ефект, не слід ототожнювати їх з нею."
f9c33152c2b9c2cd599e,21e8ed2d9a1562951d380cb25954615e29f7fec5,CCMatrix,General Audience Service: The Service is general audience and intended for users 18 years and older.,Вікові обмеження: Послуги надаються широкій аудиторії і призначені для користувачів 18 років і старше.
87e5eb0a3bf2e2ca474c,fad5d3576790aa0e8beb8cb5daef2ec3947fa6d6,CCMatrix,This was the reason for their joy.,Це основна причина їх щастя.
06582638bf60982febf6,31d66cc56000c37288bac1958271df27fa104c88,CCMatrix,Chinese and Muslim sources of the 7th–12th centuries AD describe the Kyrgyz as red-haired with fair complexion and green eyes.,Китайські і мусульманські джерела VII —XII століть описують киргизів як рудоволосих із зеленими (блакитними) очима.
85e60cc800bf82653684,62f76021b76144777ae88c378fba40313c0f161d,CCMatrix,Sometimes they gamble and lose.,Щоразу вони балотуються і програють.
2cf7643b4de42c5a26ef,f784304e48ff216814f401ba80f689d3fb93aa6c,CCMatrix,"Tom led the White House’s efforts to protect the homeland from terrorist threats, strengthen our cyber defenses, and respond to an unprecedented series of natural disasters.","Том керував зусиллями Білого дому щодо захисту від терористичних атак, зміцнення нашого кіберзахисту і реакцією на безпрецедентну низку природних лих."
bf545510afb9911f6cee,687dfa8d5f02ab11cae0df93145618ef6da711cf,CCMatrix,Other medications known as disease-modifying antirheumatic drugs (DMARDs) are used in patients with high levels of pain or especially bad arthritis.,"Інші ліки, відомі як протиревматичні препарати, що модифікують хвороба (БПРП), використовуються пацієнтами з високим рівнем болю або особливо «поганим» артритом."
6a600b2915ece02a98a7,a3c358d94e8dcdac961fd0af1c647e5917f11b3f,CCMatrix,I don’t know what the weather will be.,"Я не знаю, якою буде погода."
9dd204282969d34f2706,79a11817f8d4a98307e0824c80868ace5865b093,CCMatrix,Along with the trailer the streaming service also announced the official release date for the new season – November 5.,Разом із публікацією трейлера сервіс також назвав і дату виходу нового сезону – 5 червня.
fcb76cf675419088f6b9,a57b1f61060d71a65ffadf47cd9e1e6e32775a10,CCMatrix,Something is happening !,Щось відбувається!
24ba482e6726f87114ed,32371a0d21926a6332c579cba56c4f2c442f83b7,CCMatrix,"At the London conference of the powers, that signed the Parisian treaty (January - March 1871), Russia achieved the cancellation of the interdiction to have a navy at the Black sea and to build military arsenals at the Black Sea coast.","На Лондонській конференції держав, що підписали Паризький трактат (січень-березень 1871 р.), Росія домоглася скасування заборони тримати військовий флот на Чорному морі та будувати військові арсенали на Чорноморському узбережжі."
7f9bfacaec6bb147ac31,e29761a2773b31f163476f680b3551ce7e4b3a33,CCMatrix,What Does it Take to Keep a Language Alive?,"Що робити,щоб врятувати мову?"
7f3e76c347d3cda1d9ab,321be8964f0cb22b988d015b6327200fc0336ff5,CCMatrix,They then were deported to Auschwitz.,Потім їх депортували до Освенциму.
118caa2d8fd96784d740,54e535bfc9b712db9ddde27e91d4b3df6301f958,CCMatrix,"In a separate RigiScan study, sildenafil was still able to produce an erection in response to sexual stimulation 4-5 hours post-dose.",В окремому дослідженні RigiScan силденафіл зберігав здатність спричинювати ерекцію у відповідь на сексуальну стимуляцію через 4-5 годин після прийому препарату.
0f5920a20e1cdb248994,7021b5bdb3906e2b71eb69f69fc3f8c013f2ca23,CCMatrix,The holiday is almost on the nose.,Курортний сезон є майже на носі.
0a0a86ff461a99bad322,715370cf743261d8ea19cee5296bf13ca28a47d4,CCMatrix,"Secondly, it might be a clever way of acquiring freshwater in regions of the world where groundwater is scarce but humidity is high.","- По-друге, це може бути відмінний спосіб придбання прісної води в регіонах світу, де грунтової води не вистачає, а вологість повітря висока."
41236972922ebea32546,394f4f3f0dd124d36d16c644eaaeb2cdbb5ab548,CCMatrix,"Directly to your mail box, get the new jobs in the area of Courier.",Безпосередньо до вашої поштової скриньки отримати нові робочі місця в районі Кур'єр.
7b3bd79f99c97ccd389d,7b1dbe275c4a2c6f6e5e766d0415154d0bd2f9f2,CCMatrix,Men who looked at Medusa turned to stone.,"Усе, на що падав погляд Медузи, оберталося на камінь."
f6df69a99bc3bfd5a8b8,025220a191cd00746e235024098587096722ec86,CCMatrix,And there are things that can't be bought and sold.,"Є речі, які не можна купити і продати."
2aeb8be167f0ddcbfa27,8095468049f052f02c66e2c6fea4fa88fd95c99f,CCMatrix,"France is better known for its high level of technological advancement, culture and reputation in the education system, which attract thousands of young aspirants every year.","Франція більше відома своїм високим рівнем технологічного розвитку, культури та освітніх стандартів Франції, яка приваблює велику кількість молодих претендентів туди кожен навчальний рік."
8ca7cbc5aa53caf50b84,a6d09b6180fc68829112be619074f860614d6b0e,CCMatrix,"In general, the Deposit Guarantee Fund intends to complete the liquidation of more than 40 banks in 2019.",Фонд гарантування вкладів фізичних осіб планує завершити ліквідацію більше 40 банків в 2019 році.
04c397ae8dc72181c92e,67d5029946343113c464a53c894592441395c592,CCMatrix,"We have placed Fiat cars, giving visitors the opportunity to get acquainted with the advantages of the car, inspect the salon and sign up for a test drive.","Ми розмістили авто Fiat, давши можливість відвідувачам докладно ознайомитися з перевагами автомобіля, оглянути салон і записатися на тест-драйв."
19aa7c8b3c5366b56b41,409f2a86c6d099210e24616f3cc36af0d7d6258f,CCMatrix,SUNY Sullivan offers two tracks to prepare professionals for rewarding careers in computer information systems and technology – Computer Programming and Computer Support. -,SUNY Sullivan пропонує два треки для підготовки професіоналів до нагородження кар'єрою в комп'ютерних інформаційних системах та технологіях - Комп'ютерне програмування та комп ... +
da9ef342cda4885cf78f,82bac8ec02fdb015b7b3c833de198051b5d06608,CCMatrix,"Thanks to your support, we have made important gains.",Завдяки Вашій підтримці ми досягли великого результату.
f424c9a91f8faba2b625,481ab944a05bbc7733817885d7501eae1cd56b7d,CCMatrix,"The plan is developed for candidates with a initial-level degree in urban organizing and/or architecture, as properly as those who have a initial-level degree in economics, humanities, social sciences, communication, or other connected disciplines.","Аудиторія Програма призначена для кандидатів зі ступенем першого рівня в області міського планування та / або архітектури, а також тих, хто має ступінь першого рівня в економіці, гуманітарних, соціальних наук, комунікації або інших суміжних дисциплін."
82184243cc235e93d043,4fd807b6360addbb4ce55cdf773a0dfd10aee829,CCMatrix,"(a) we, together with our licencors, own and control all the copyright and other intellectual property rights in our website and the material on our website; and","(а) ми, разом з нашими ліцензіарами, володіємо та контролюємо всі авторські права та інші права інтелектуальної власності на нашому веб-сайті та матеріали на нашому веб-сайті; і"
edeb8a73c485719c2193,8db50efe8062e579537c5235524b17d60026a407,CCMatrix,"The show marked bassist John Deacon’s final full-length concert with Queen (save a short live appearance with Brian May, Roger Taylor and Elton John in 1997).","Виступ ознаменував заключний великомасштабний концерт басиста Джона Дікона з «Queen» (за винятком короткого виступу з Браяном Меєм, Роджером Тейлором і Елтоном Джоном у 1997 році)."
e2232da8e1bcdf54c251,8e593973388399639eabb0c34b1556b54a26e47a,CCMatrix,"Most important, when you come up with a way of looking at the world and you want the external provider to build the model for you, you don’t want them to share it with the other 29 clubs.","Джефф Лухнау: Коли у вас формується певне бачення світу та ви будуєте її модель, то навряд чи захочете ділитися нею з 29 іншими клубами."
296497d681d896f06d21,d282b1423029bc6d61e936a527755a16d148b1f1,CCMatrix,“On the assignment of the so-called honorary names to Russian army units.,«Щодо присвоєння так званих почесних найменувань частинам російської армії.
bf9cd249997e0b7cbdfb,80a3c2302f88b7d69cb268abcdff81100c5fa3a7,CCMatrix,Anything that happened was nothing to do with me.,"А все, що сталося, не має до мене відношення."
1e0e2f7326cf0d8305de,e684305a55baee99b5e26b80c078d1ff7cf3b18a,CCMatrix,It is important to re-examine regularly the application of the provisions relating to the promotion of European works by audiovisual media services.,Необхідно регулярно перевіряти застосування положень щодо сприяння продукції європейського виробництва з боку аудіовізуальних медіа послуг.
35e5c7b467b8c7e161ef,77ed6564217f1668b8a9e66ad5d4f1da0adc3084,CCMatrix,"Reports suggest he was radicalised during the four years he was held at Camp Bucca, a US prison in southern Iraq where many al-Qaeda commanders were detained.","Інші припускають, що він зазнав радикалізації впродовж чотирьох років, які провів в американському таборі Букка, що на півдні Іраку, де утримували багатьох полонених командирів ""Аль-Каїди""."
fbb6e4a384c09271419c,77db35356118ed694bea7ea6f88f5b3906794a41,CCMatrix,"The three boys came in, four-year-olds with tea towels on their heads, and they put these boxes down, and the first boy said, ""I bring you gold.""","Тож, входить троє хлопців чотирьох років, з рушниками на головах, і ставлять на підлогу коробки, і перший каже: «Я приніс вам золото»."
843137f1144315a68811,13a6fa0a4a0dffa8dbf29f6a82764e4a65bb9988,CCMatrix,"The God Who is ""There"".",Бог є у світі «який є».
71732e6011db126ffe0f,d1a1a80944090dd77baa1f3096e79d16a16bda01,CCMatrix,The main occupation of men during that period was hunting.,Головним її заняттям в ті часи було полювання.
d92fda223b02c22fd50f,cf79d4048efb70c96f8c0303e10503f01694baa5,CCMatrix,"Guy, as you know, was a motorcycle cop.","Еней, як відомо, — був парубок моторний."
04b0b5f67ebf5af31d82,9982acf081bb0e92cef530eef662145da0ff5969,CCMatrix,"It's one of the most charming parts of the Hamptons, bar-none.","Це одна з найчарівніших частин Хемптона, бар - ніхто."
5636951e192b1fc53217,34cbe32928bd514e1733df1caff2408ed9e51607,CCMatrix,"According to Articles 633, 641 of the Civil Code of Ukraine, the terms of the Public Offer Agreement are the same for all users (Customers).","633, 641 Цивільного кодексу України умови публічної оферти та публічного договору є однаковими для всіх користувачів (Замовників)."
8c815bc1b8e3608f5679,e3b519cd1b1c7f1619ef8021f3ab48a694588c63,CCMatrix,He also had Mom looking beautiful!,Мама теж має бути красивою!
7b4826582b2e8f992225,1d1f9f47ab31a71e1727b6f109cf9b7cc33f626c,CCMatrix,Ready working prototype.,Готовий стаціонарний прототип.
9b7411e85009451c2def,5a97bd5f8c4aefe23e817891de768c7ede94729b,CCMatrix,"We can laugh, we can cry.","Можна сміятися, можна плакати."
bf5a315d1beb1db42ba4,40daad4fb4d1d29364dbd57f8c316c2a60b3abd0,CCMatrix,"The Treasury has been keenly focused on combating the financing of terrorists, for example, but appears to have given less thought to how they might use that money to undermine banks and markets.","Міністерство фінансів активно займається боротьбою з фінансуванням тероризму, але, судячи з усього, не приділяє уваги тому, як терористи можуть використовувати ці гроші, щоб послабити банки та ринки."
9da9bc9679129149d7cc,b0346634e17603ebbfd5375942399f28ae13d597,CCMatrix,She loves good design.,Ми любимо хороший дизайн.
4276773efdf4a1f48b72,73920e096c5cd1cb8f72df3b044834b4d4e01c60,CCMatrix,Some options require you to connect to your remote mailbox.,"Деякі опції потребують, щоб Ви з'єдналися з віддаленою поштовою скринькою."
5b7370ec68cf072fa4f3,b2464c2193c0669b93486d394f53fc52cfa27e3e,CCMatrix,The soundtrack was performed by Apollo 440.,↑ ТНМК записалися з Apollo 440
4ba66bf5ec0511c33138,ce2090b839d7575936982674483ee199e0b52a90,CCMatrix,The Inquisition was the main agency used by the Papacy to crush the Reformation.,Пізніше інквізиція стала головною агенцією папських намагань придушити Реформацію.
af219c53276539182051,ee9fdf8d6f86c60dfdb9f95346351608b0d441db,CCMatrix,The surface temperature of Venus is .,Це середня температура на поверхні Венери.
0cfc4bb2a68487322c3f,84f372c80cf02b332895d7ac8d403b6b109340bf,CCMatrix,"Russia, by contrast, publicly welcomed Lukashenko's re-election.","Росія, на відміну від ОБСЄ, публічно вітала переобрання Лукашенка."
dd979f4840536121a92d,d74f21e17df866b6f28c3775b18a6fa96908b87d,CCMatrix,"So, what was wrong with this car?","Як ви думаєте, що з цим автомобілем було не так?"
fe5588aa786275865595,dcb78c1ef4e5c9ac865f435705d06ba8e657f509,CCMatrix,He was in a golden cage.,Насправді ж він жив у золотій клітці.
b549b5ccb108314860ae,98f47229fe5b353fa4e4db73bb2d97d63546018f,CCMatrix,"Apart from the building, one of the best musical libraries, costumes and settings for many performances died in the fire.","Крім будівлі, у вогні загинули одна з кращих на той час музичних бібліотек, костюми і декорації багатьох вистав."
8690d5f29a01371c61c7,0ce2ddff9d39d5b73f8f27cd027d1c48a55ac509,CCMatrix,Interviewer: How did he train to be such a competent fighter?,Виникає питання: як він зміг стати таким відважним воїном?
3c2d2e1925f02c6abcb3,fa155140bbc4c8c63b1295d2b7f1419303a906d1,CCMatrix,I also welcomed new year.,Тоді я теж Новий рік проспав.
92f022491b6c09520934,4f7a4d7429bc6bd6912128eb52a392b915701e79,CCMatrix,"As for the external network, here prices vary.","Що ж стосується зовнішніх мереж, то тут розцінки варіюються."
3b44a6cb8b02691c458e,9a1c480dfed61ec11c278381aa66b0bd65dac3b3,CCMatrix,How To Care For Wildflower Gardening?,Як доглядати за квіткою гарденія?
aa4cb36eb1cd68d0f5cf,70574301b4de22f990c04ff68a396b115330d257,CCMatrix,"Like Janay Rice, she also was not alone.","Як і Григорій, вона була теж самотня."
e46a3617278951df87a8,4825536698b944be7ba6c68452f8512ddd6690b7,CCMatrix,Who’d have ever thought it could be used for pest control as well?,"Хто б міг подумати, що його використовують ще і в лікувальних цілях?"
137181e8b5bd507c7631,866a4169a36469bd141957d100eb9d6066fab43a,CCMatrix,1 thought on “Why Call Them Back From Heaven?”,1967 — Навіщо кликати їх назад з небес?[en] / Why Call Them Back from Heaven?
a83bb1ea0715c7df6d2e,7dd00501cf7148fc5a77efe8f7dd4da42d729d1c,CCMatrix,"And we can definitely say that they sincerely share the goals of European and Euro-Atlantic integration of the Ukrainian state,” he concluded.","І ми точно можемо сказати, що вони щиро поділяють цілі європейської та євроатлантичної інтеграції Української держави», - резюмував він."
7e15d0446c638d83147a,89a86aab9a0d10df326a8e96f353e5878e76d654,CCMatrix,"The revolution reached its climax in February, when Yanukovych’s snipers massacred nearly a hundred people on the Maidan.","Революція досягла свого апогею в лютому, коли снайпери Януковича вбили близько ста чоловік на Майдані."
e543333ad0bcd5c731a3,d6a9d7e5b14ef7e67a514bc54b9e7df595558dcb,CCMatrix,"Spatial models such as autocorrelation statistics, regression and interpolation (see below) can also dictate sample design.","Просторові моделі, такі як статистична автокореляція, регресія і інтерполяції (див нижче) також можуть диктувати дизайн вибірки."
51b60cbcff6776eca4f2,fc6722ec83328e86f69a0f4bb62401300de331f2,CCMatrix,anatomy at Cambridge.,анатомії в Кембриджі.
4918d3b94aa382371edf,5ca7d264065f2382a7566d45c563d917b5f64119,CCMatrix,"- management of sources of financial resources as the area of activity of the administrative apparatus, which has the purpose of ensuring financial stability;","3) управління джерелами фінансових ресурсів, як область діяльності управлінського апарату, що має на меті забезпечення фінансової стійкості підприємства;"
d8a4d1bd03eef24ccb50,37b9ee3b0ee3879d8ee237564669d1d0eb9b2f04,CCMatrix,"All those swaying his head, kissing the boots of Khan and took his allegiance remained alive and unharmed, who did not want to obey-destroyed.","Усіх, хто схиляв голову, цілував чобіт хана і приймав його підданство, залишали живими і неушкодженими, а хто не хотів покоритися — знищували."
98cd261889a7bfe1b7c1,3ea64cfbe523de55a74835a3d1b52a3da4eaab41,CCMatrix,The results of these tests are used to improve the design.,Результати тестів використовуються для оптимізації конструкції.
b64fb1d523de26f34fd1,a645da4a68a739b0e75a260be225db5c657d09a0,CCMatrix,My favourite animal is cat.,Моя улюблена тварина — кішка.
a9d0616b7ecc8add6378,30097b1c6753307a317d856c3a00d793be1be0f0,CCMatrix,What do you want to say in the end of our conversation?,– Що б хотіли сказати на завершення нашої розмови?
6ada82932150d1c368b7,45cee2dfbf73b6b98d8e8ad82b1cf5fe6ba1cc93,CCMatrix,Please consider this possibility:,Просимо розглянути можливість:
3842a0eb2ae2eda5c3e9,62d10eef6d9f72c630b79b011433419831198813,CCMatrix,This is not the rule of one person.,Це не закон однієї людини.
621d6e426c76f88060a6,014908466f9b88ef920f5a337b41691d42fdd7ee,CCMatrix,"Plot: six best friends - three guys, three girls - live next door.","Шестеро кращих друзів - троє хлопців, троє дівчат - живуть по сусідству."
309b5a7636a251eb600c,b5a7c7d521ccb75e1dc487863cb3d663b2f1002e,CCMatrix,From the point of view of logic of management and placement of data on carriers distinguish logical and physical structure of data.,З погляду логіки управління та розміщення даних на носіях розрізняють логічну та фізичну структуру даних.
dbc527925fcf72d1c8ee,42e6ff768062c19525334c8b2afedd18358802b0,CCMatrix,"Naturally, we are primarily interested in investment.","І звичайно, ми зацікавлені в інвестиціях."
4fd0bf8ea1ff7bec81e6,51df3b4fab40b799a9c752b3986e239e36d37d68,CCMatrix,This formula is a recommendation only.,Ця формула носить лише рекомендаційний характер.
e1cf00626666425b7d6f,a7cdb9493bcf3398169af61bfa15d46a8d7905d7,CCMatrix,"It has no ""side"".",Немає ніякої «тієї сторони».
872a45c1bb1653f7f69e,f4966fb881ad0befdbe18815ad439cd1aee6da10,CCMatrix,“I don’t know why we can’t do that in Michigan.”,"Тож я не не розумію, чому вони так не роблять в Україні""."
a5e7494f3463c24ccf72,5bda658268f064d07092af410c7d704295d4eb44,CCMatrix,Only thing that changed was their rate.,"Єдине, що змінилося, це зменшилася їх кількість."
319fbb1109ce23f7ec5f,34d6689ddb6793791a6c42c53d28eb05fe46b4aa,CCMatrix,Collective wisdom in one place lends incredible energy.,Концентрація Святих Місць заряджає неймовірною енергетикою.
c3d8c89a4e9ccb686c45,fbd60ec3ead4fe409592a8ea3c015a03c59ccdf2,CCMatrix,"Young people passing through this educational machine emerged into an adult society whose structure of jobs, roles and institutions resembled that of the school itself.","Пройшовши крізь цей освітній механізм, молодь вступала в доросле суспільство, трудові, рольові та інституційні структури якого були схожі на шкільні."
9bde252b13f1abe50952,96d95c1e2af4c3568cffdc310e5e93c37d697300,CCMatrix,"- of the original, to a certain extent ""raw"", the material of science (for example, the model of the atom of E. Rutherford served as the ""material"" for the formation of the model of the N. Bohr atom );","- Вихідного, певною мірою ""сирого"", матеріалу науки (так, модель атома Е. Резерфорда послужила ""матеріалом"" для формування моделі атома Н. Бора);"
f0914dcdbca29314a5b8,c1bdaab68b357149b7f382064c6343dc439ff91a,CCMatrix,"Of course, sensible, practical Conservatives remember this.",І розумні та практичні роботодавці це цінують.
d70b32486a372cc5dc84,b8f6dd7ae7479186d3b97065fdd405fce96b8592,CCMatrix,"“In my view, yes.","«На мій погляд, так."
ef76ec11635bba6ac115,57a6d6dec8df8c877accb47a466287af33cc45d0,CCMatrix,Modern sociology involves two key levels of sociological analysis: the macro level and the micro level.,Сучасна соціологія передбачає два ключових рівня соціологічного аналізу: макрорівень і мікрорівень.
d7571476fa9474c98809,cb61165067f6dc6051bc1309a3f0591283db4b1d,CCMatrix,"""My little ones,","""Сини мої невеликі,"
c39a6ae595679eb9f23a,b7896967004f1f431498f335da96196c06eb9029,CCMatrix,(4) often marginally better than most competitors;,"часто трохи краще, ніж більшість конкурентів;"
a95fa2497c5f0c77e4bd,951938ef77dad27019a6f54b7ee55b166a35e573,CCMatrix,"However, for some reason, everything was ruined.",З якоїсь причини все зірвалося.
4dd4d008cb4844f6ab0a,a3c3cf89f0cdc432c495594d8b4478cc92a28a41,CCMatrix,But doesn't grasp the cause of his disease.,Проте вони не можуть визначити причину його хвороби.
9ad7d00ec5feeb63ee14,908aaaa922054ede9e07056680346998ae0929c6,CCMatrix,A better approach for dealing with this problem may be to,Наглядним прикладом вирішення цієї проблеми може бути
96cb865da75c8a0c6777,2c72574904aedcfa4fadf3fe4a186a146243e4fb,CCMatrix,They will help you stay healthy!,Ми допоможемо Вам залишатись здоровими!
b70eea82f07a6ac177b3,772bf159801b6e593efc34f0bd942f06598531d3,CCMatrix,"""Waiting for You"" (performed by Kenny G) Kenny G Kenny G 4:58",«Waiting for You» Кенні Джі Кенні Джі 4:58
710f18f321e0f54ef51d,be7a769dfff62216336f188f42d15f9536cc177f,CCMatrix,I want to believe so much that the good outweighs the bad.,"Усім хотілося б вірити, що хороше переважає погане."
0593a93c68e3b61749e8,f2dfcf0bcf9577e02e09998eed771caf82f962e9,CCMatrix,It got me to thinking about a lot of things.,Вони заставили задуматися про багато речей.
1458e4eabf8f94ae9092,3a243d2b19f92827757c11d930f7af75d0cc6665,CCMatrix,Doctoral candidate Andrew Gillreath-Brown found the pen-sized instrument while taking an inventory of archaeological materials that had been sitting in storage for more than 40 years.,"Антрополог Ендрю Гіллрет-Браун випадково натрапив на інструмент розміром з ручку, коли проводив інвентаризацію археологічних матеріалів, які зберігалися на складі більш як 40 років."
ee2e7bd9df6a675695a5,505c9a01450dec3b6035bdbd4e70b1c2f779480f,CCMatrix,"One of the first large-scale air separation plants was installed in Höllriegelskreuth, near Munich in 1903.","Один з перших крупномасштабних заводів з кріогенного розділення повітря був збудований у Хольрігелькройті, поблизу Мюнхена, у 1903."
7e838d5c6bad3d7b9c85,b328fc73453f760f6e842e2b573eb1ec6cd04ca7,CCMatrix,"That means he could save $6,000 over 20 years if he bought the cheapest policy instead of the costliest policy!","За 20-річний контракт, це означатиме нашу заявнику довелося б витратити $ 6000 більше за найвищу ціну політиці, ніж він міг витратити на найнижчі ціни на політику!"
28c7fa82fd992991f231,2618665100be076ad2a4bf4729218161d5e68775,CCMatrix,Pirates In The House!,Пірати у місті!
00f03c988697d0211c0f,26e9aa666ef48b9084d39a6ef8ebce19aaa49e3d,CCMatrix,"In addition, placement in a babies's stomach colostrum in the 1st hours of life improves a functioning of the gastrointestinal tract.","Крім того, попадання в дитячий шлунок молозива в перші години життя покращує роботу шлунково-кишкового тракту."
e23e78f56e0c1c29f731,0c6bd822bf1e4a41f46fe8028ac548048f4d8185,CCMatrix,I don’t even want to think about it! 🙂,- Я на цю тему не хочу навіть думати!
379b7916be30af454536,6d999b0f65e5187f50c6f0b042cc0e21048c6834,CCMatrix,The 7th All-Ukrainian Action “Museum Event of the Year – 2012”,"Положення про VIII Всеукраїнську акцію ""Музейна подія року - 2012"""
7d634d02ea1eed0c4888,fe25bcd030f426e30e428fb7ad3057a2d15d6168,CCMatrix,The family lot size depends on the quantity and quality of the feed that should be sufficient for the beaver family life.,"Розміри сімейної ділянки залежать від кількості та якості кормів, які мають забезпечувати життя бобрової родини."
da23ef317b8ab54599f2,6bdf17a7a51de0cedba57bde46ecd6260e23d670,CCMatrix,Key Difference: Antivirus or anti-virus software is a software that is used to prevent viruses from entering the computer system and infecting files.,"Ключова різниця: Антивірусне програмне забезпечення або антивірусне програмне забезпечення - це програмне забезпечення, яке використовується для запобігання потраплянню вірусів до комп'ютерної системи та зараження файлів."
4cd130e831b594ea2f4a,c8c624dbc7c3057ea6e05871ae718ca159be2e49,CCMatrix,But he does raise an interesting question in his article.,Автор піднімає дуже цікаві питання в своїй статті.
e0ea05b07d324c2c2563,11fe7d1a450dfc61f64de8b4c3d75b1dacd08e21,CCMatrix,“My Life is My Message”- Gandhi,"“Моє життя – це моє повідомлення (My life is my message)”, – говорив колись Ганді."
8f5c6449d22d6a06a310,0c3f576c119b1301a995d1d0fc316277d026cbbb,CCMatrix,Small and Cheap: The 7 Best Fuel Efficient Cars,Дешево і сердито: 5 найкращих вживаних авто
22700dbc2634db0f8416,7acbf2fa270e2974b849b7443db161f187d81c94,CCMatrix,Alfred Nobel’s face on the Peace medal and on the medal for the Economics Prize has different designs.,Портрети Альфреда Нобеля на медалі премії світу і на медалі по економіці трохи відрізняються один від одного.
4e299ce1c25fc28d2c43,fa5ff1fe2774dcb101a8dd35bbca2669951b4365,CCMatrix,When he arrived in heaven he sought out God to ask a question.,У сльозах він шукав у Бога відповіді на питання.
4beabc2c25eac869f950,a12c226d695665706c536efca6a9e9df1d050e45,CCMatrix,This energy becomes available to them which goes on and on.,Енергетики готові сприяти цьому і надалі.
0c2610ebe9e0febc75f7,9d343d6719b4124d3f760a4a3a879357439ff0fb,CCMatrix,(iii) General Assembly resolutions known by a popular name.,"б) поодинокими фракціями, зареєстрованими Всенародніми Зборами;"
4262349356e321b8d153,2313b3a64feeb241357ad91bcd106fc99cdc5ee9,CCMatrix,"The new law reduces the term for soliciting lenders to a company in connection with the decrease of the authorized capital, this term now is 30 days and is deducted from the moment of receipt of a written notice.","Законом зменшено строк на звернення кредиторів до товариства у зв’язку з зменшенням статутного капіталу, цей строк тепер становить 30 днів і відраховується від моменту отримання письмового повідомлення кредитором."
1067421e16244425a825,5bd18b45a4f7344f74342d7042d90f2d9b5e3318,CCMatrix,All of the available effects will be displayed within the Files and Effects Area.,Всі переходи відображаються в Області Файлів і ефектів.
0cf794a12c140f9f8d12,bc3c0ea07a77158fad82caba8a2c6cc567910e09,CCMatrix,We dated six or seven years ago and we haven’t spoken since.,"Це тривало вже шість чи сім років, зараз навіть не скажу."
1fb93e5d8569eba3712e,3beabab67aef1d01f3931edd9df24b1dbfcef619,CCMatrix,“Not being included in the first list I even had some doubts - may be something is wrong (with me)?,"«Не потрапивши до першого списку санкцій, були навіть деякі сумніви: може, щось не так?"
c830483dea90eb906ad7,8d96bc4a573d9f8a43b44b650fb63e022d0a5329,CCMatrix,There is no new territory.,"До того ж, нова територія не була"
3a94fc972ff3cabb88c5,20f004b98f2a09152440a7d75b03d66ae45bdd60,CCMatrix,Are you on the first trip to Hong Kong?,Ви мрієте про першу поїздку до Франції?
c6100cad4c478bd37c3e,52755fa969d14c9da462da7a4ab72aeddf76677b,CCMatrix,The criminal prosecution against her continues.,Кримінальне переслідування проти неї продовжується.
e1589a5947283f005a28,d2fc8b027bf6addfc2ad9b55283b0ac698548233,CCMatrix,Additional information: 16 has 54 stops and the total trip duration for this route is approximately 60 minutes.,"Додаткова інформація: 15 має 15 станції і загальна тривалість подорожі цим маршрутом складає приблизно 16 хвилин."""
3f3cd4185818527f69fe,09a09abf254bebadf0414cdec09295097efd0a8e,CCMatrix,Reformation of science,Реформування науки
fbf33121aacd6ac6f775,b13ab40de07bf1a3d7c898b41025edc071d45179,CCMatrix,"Arch of Constantine, Rome, completed 315: The lower long relief, with squat figures of size varying with status, is of that date, while the roundels are taken from a monument of nearly 200 years earlier, which maintains a classical style.","Арка Костянтина, Рим, завершена 315: нижній довгий барельєф, з приосадкуватими фігурами різного розміру в залежності від статусу, походить з тої дати, а круглі медальйони були використані з іншого монументу, створеного майже на 200 років раніше у класичному стилі."
7bc21b2a99a44594550c,2c54683a48b1d8cd125f8e8bfe9830841296e227,CCMatrix,"With the help of simple plastic surgery, you can eliminate such defects as X-shaped legs and O-shaped legs.","За допомогою нескладної пластичної хірургії можна усунути такі дефекти, як Х-подібні ноги та О-подібні."
5d1f0a06f42cdaf5c74d,b466d36fe52b190ae7da1e2ec16246f37b027e41,CCMatrix,Confess sins at least once a year.,У гріхах принаймні раз на рік сповідатись.
8f0c335010d9d6bd7267,ff9bcbd0cebacfd79edd3f378adb7201b45a8328,CCMatrix,• The U.S. and Russia own the majority of the world’s nuclear weapons.,США і Росія володіють більшістю ядерної зброї у світі
9e872169b58a9df43c79,30201c2be158b57c386767db8ac8b74dca3dfb8e,CCMatrix,The voter’s name is not on the poll or registration list.,відсутнє прізвище в реєстрі або у списках виборців.
803e0895ef142f3e8df8,07d0763ce73e651b06156a36f39611c25c711610,CCMatrix,"In Most cases of arrhythmia are not oschuschaetsya vыzыvaet neznachytelnыy or discomfort, but in the absence of adequate dasg Impact opasna disease not only for health, but a human life.","У більшості випадків аритмія не відчувається або викликає незначний дискомфорт, але при відсутності адекватного лікарського впливу хвороба небезпечна не тільки для здоров'я, але і життя людини."
21190a7e787db34f27d8,9960a58f1665446ea2076633c13faf298bd4d043,CCMatrix,If it is your belief that the greatest intellectual or spiritual fulfilment is to be derived from a persistent and deep engagement with your national culture and traditions – if necessary to the exclusion of others ‑ that is fine by me.,"Якщо ви вірите, що найвищу інтелектуальну та духовну реалізацію можна здобути шляхом заглиблення у свою національну культуру та традиції, за потреби виключаючи все інше, – я не маю нічого проти."
db154e228dbabe44f7fd,624d25fb41f9cf4b55d04c8eb436377c3a45ce6b,CCMatrix,I will NEVER forget that day and the smell…ReplyCancel,"Ніколи не забуду того дня – страх, сплеск адреналіну..."
1358d5d8c80d12618853,600895147473f1c069d71f01cdd43dc7bfd5e6a1,CCMatrix,This project is connected with the active construction of solar and wind power stations.,Це пов’язано з активним будівництвом сонячних і вітряних електростанцій.
367ca50cafd7958ca1eb,59ef7fed61892f3648e22a2f1367adb42232fcbf,CCMatrix,"LEO Express, a Czech transport company, is launching two new bus services to Lviv.",Чеська транспортна компанія LEO Express запускає два нові автобусні рейси до Львова.
31f431546828a0089d8d,bc515e0b2e22698ebf2d43848e13530cab176063,CCMatrix,"Through IPSL’s independently designed and curated reflections seminars, “Community Organizing and Social Activism (COSA), “ students receive a foundation of the history a ... [+]","Завдяки самостійно розробленим і заохочувальним семінарам IPSL ""Організація громадського та соціального активізму"" (COSA) студенти отримують основу історії та основних пр ... [+]"
9c9ae7781ea0c9b91a8f,1ce15556a6ecd32e85dba5bb36dde4d76e1c5051,CCMatrix,They were together since birth.,Вони були повсякчас разом з самого народження.
4e24fc68b0fabf26af04,eadd5204f1ece5acef73a3463a1415f8d1ca7a5c,CCMatrix,How about a teacher at school?,А що говорити про вчителя у школі?
d12cee8546f3e1babaed,c050373c67f62d403af007d9eb5d13e0be7e7499,CCMatrix,Every day you have an impact on people.,У вас щоденна цікавість до людей.
df973db7fef94b262be6,fd402cf9179547abfc797792200004d282ad9586,CCMatrix,I have personal views.,У мене є особисті думки.
8df170ccf901186dfd71,0e024aa9a3966aa08067505120a4aa4c81b274af,CCMatrix,Also i have images of the watch and bracelet.,Також заборонені будь браслети і годинник.
9a672ce5a66ca7a0ec6e,234a86a6e06755fa59fa48587df22a9215e1035f,CCMatrix,This is no normal museum.,Це не звичайний музей.
cbbcc9b846fabf30d973,9a88fb66675988d4e3e53f5c4d560b406be16adc,CCMatrix,It has not developed the idea of this and that.,Не розкриває цього поняття та І.
08e500fcaa189e0f52af,16a765535de47bf3b13ee7a9521c3e4d4bdcd7c6,CCMatrix,"Or are you like the bucket of clams, pulling each other down?","Або вам подобається, як слова течуть, чіпляючись один за одного?"
212f930be1aa2461b8cb,b7ed63e3e839a47424b597fbe9afe34a02f2bff7,CCMatrix,Independence Day 24 October 1964,- Незалежність 24 жовтня 1964
64fe67de898df7ec76e0,19b74e815da3a183dca72fcbb579ee0ebbacf46c,CCMatrix,"The project aimed to identify whether young professionals with foreign diploma are ""agents of change"" in Ukraine and whether their studying abroad contributes to quality changes in their country and brings Ukraine closer to the EU.","Проект спрямований на з’ясування того, чи виступають молоді фахівці з іноземними дипломами «агентами змін» в Україні, та чи сприяє їх навчання за кордоном якісним змінам в державі, чи наближає її до ЄС."
37e4f048c52b3af35240,ec2a3c1ed00ff52458014d33e70c84563bb3a35c,CCMatrix,What do we know about Bob Dylan?,Що ви знаєте про Боба Ділана
a553da7f6ec0bc157f1c,be2a0403c02699697d4ae74e9e34e6235065c47e,CCMatrix,"Under the arrangement, Paul should have been back in the day.","За домовленістю, Павло мав повернутися того ж дня."
e30bc29e1f0b40048e77,f0ee30fe144a887631635f81dd3d60ffa3acccf3,CCMatrix,depicted in figure 2.1.,зображені на рисунку 2.1.
f954ab0c8a395e8581b3,6faed76ad73112b3c1e977ac3963de31759414c1,CCMatrix,"The banking system is not only resilient, capitalized, and transparent, but also profitable – for the first time in five years.","Банківська система не тільки докапіталізована та прозора, а й уперше за 5 років прибуткова."
408863fccdfab280e09b,40bd0e7275a33375f7b4974d3f5a3d798793b746,CCMatrix,The festival’s popularity continued to rise with every festival.,Популярність фестивалю зростає з кожним його проведенням.
b90087cc6ff8a6925568,a8b126ad58c3a9f135a99e99ff322542b936fd2c,CCMatrix,Such great energy all around.,Тут скрізь відчувається неймовірна енергетика.
4f5fc1b896741cd8ea75,bea1cd7bbbe650b1f6f8af958cb8625bc9c3867b,CCMatrix,Does our hero make the right choice?,Чи правильний вибір зробив герой?
ac3a4ed0c5ac3ec2283a,3127ff82ab8c81ccf8abcb87c45e08822d51e8c9,CCMatrix,Sometimes it can be observed:,Іноді можуть спостерігатися:
94cb01fa91cc4cfee996,a41c848b7e85308a6d59d8754b98ecca5c2a496a,CCMatrix,I couldn’t do it without Yetta.,Це неможливо без еліти.
7d6d8b5f2c8306e38f50,a0791b1392d79d0b7aa5e4ce8c6a1807a1878aad,CCMatrix,I don’t know what is going on out there.,"Мені не відомо, що там відбувається."
eb332d5ddd0cee2e3e91,9b1300bf13adbf74106d550ced043f7c559984dc,CCMatrix,The post World’s First Fusion Plant appeared first on .,The post Золота медаль міжнародної виставки appeared first on .
29e31876a07db95e8eda,fa889e2afe648e07006fea8dacb7e359190043e7,CCMatrix,How to protect against black magic,Як захистити себе від чорної магії
ac9eeb39918de595bbee,98da4c99a9ac210ba9c4ef7e6d75e77f866bf361,CCMatrix,Talk about our individual work package and also the wider project,про затвердження індивідуального плану роботи і розширеного плану
a8079669df803788f2ec,86c40ccddd5122fbe2ff35378ee721dfb4f49a4a,CCMatrix,"others may use the same proprietary prefixes,","Прикладом можуть служити ті ж правовідносини власності,"
b6c9d8f567053f1fbfc4,4feb51273ee0b31101848b5b60cd0925504f8b2b,CCMatrix,The population of the whole of Asia is approximately:,Загальна кількість населення України становить приблизно:
b3ed331461e1ebf90d50,db536e6b8fb52194e96e1ab0c303df427a250671,CCMatrix,"A practical guide for individuals, institutions and organizations who want to use new technologies and tap into virtual communities to make a difference.","Практичний посібник для осіб, установ та організацій, які хочуть використовувати нові технології та долучитися до віртуальної спільноти, щоб зробити свій внесок."
429a89d95d214952c960,b12d74a0c1efaab95de155263fc339a809eaf80e,CCMatrix,"“What, are you going to tell him?”","«Що, кажеш йому написати?»"
f44476707ec553a8e0cf,cbafdcc72ed819a9f8b44132c97631ea033e5f15,CCMatrix,Blackfoot men were hunters and sometimes went to war to defend their families.,"Чоловіки були мисливцями і іноді йшли на війну, щоб захистити їх сім'ї."
2c436485ebb287ab7877,0b0dc91d76fb30e6accb8b5ad8725da615ad5b88,CCMatrix,Apple shares have been on the decline for months.,Акції Apple дешевшають вже протягом декількох місяців.
fae6c63d04753425a0b1,f1bc17903487dcf17324c24f87f24d46a0849cf2,CCMatrix,I would be a great babysitter for your child.,Буду чудовою нянею вашій дитині.
3cd92efb87516d1933dd,3b1fc2b6201dfe2a15eaaf211768ca36df6b9a3d,CCMatrix,Include the girls in planning,Поради дівчатам при плануванні
67f381472f8869871975,50e22042ea676a4ed7f8bbad8f871e8be6d490e0,CCMatrix,Between us as people.,"Між людьми, як люди."
92802d064df5ef05d3bc,0788ddede6418749303137efa2046f012b83ac99,CCMatrix,Westboro responded in its usual way.,Путін же відреагував у своєму звичному стилі.
c43e69fda7b09c9d2ed3,03a86e325a4de9a461692f63214e93dd80e5815a,CCMatrix,"The pig, if I am not mistaken","Селедцов,якщо не помиляюся Відповісти"
96b33d31832e5c1a2dce,dbe8a172b4ca9be01ea458cb204b01eac3aa681a,CCMatrix,"Making maple syrup is a long-standing tradition of the North American Indians, who used it both as a food and as a medicine.","Історія приготування кленового сиропу пішов своїм корінням до традицій північноамериканських індіанців, які використовували його і в їжу, і як ліки."
64d8acc8eb6ce5c68b36,850f1096ba33bc861164313bf10b9c8d2d6083ed,CCMatrix,“We are going through a transition from physical to virtual.,Триває поступовий перехід від фізичної реальності до віртуальної.
10ee53f54d2700bd6267,78c26754943a165217dc03b8d60dd35ef25aaf31,CCMatrix,The time and place:,ЧАС І МІСЦЕ:
e73317909b880497b592,1a562a389efa0abaa01741fcb3f4db953d8606b9,CCMatrix,"If you live a person who does not stand out with stability, you have to wait for loyalty from him and that relationships will be serious.","Якщо ви пов'язали своє життя з людиною, яка не відрізняється постійністю в прихильності, навряд чи вам варто чекати від нього вірності і розраховувати на те, що відносини будуть серйозними."
87325efa86613b9fe170,6681e076a045194d31d4b0ec3ff9bb5d0952bc5c,CCMatrix,You don’t need to tell everything.”,"Я не зобов'язаний все розповідати""."
b3c869e946c6161fcc82,e59b1434bea2180244e2c6064b3fd2f7bcc7a4d7,CCMatrix,Information on banking and other financial operations;,з. інформація про банківські та інші фінансові операції;
5a38c05dd4ff84768de4,3cd2bac553c7e63f5a0735c1fb39a0e27d2a0ca3,CCMatrix,Watch here. […],Дивіться тут: […]
584fa8c57c73584af118,83d23c6a35d7cadaa100d16ef335b02fc3b8bcb2,CCMatrix,"A century ago, the system was broken, too.",Десять днів тому система також давала збій.
cd813b16168e79e12c1b,8410d3d4b1b09f36b0de2dd82a06bb5751d26101,CCMatrix,The National Symbols.,Національні символи.
75ae42943b3d92b302c8,a19fc8e0d9463026b01e2237b418720ca3ce9b09,CCMatrix,"In addition, the facilities, privileges and immunities of such consular officers shall be governed by Articles 63, 64, 65, 66 and 67.","Крім того, переваги, привілеї та імунітети таких консульських установ регулюються статтями 65, 66, 67 та 68 цієї Конвенції."
31287bc46d011abb0ac3,f6391f6f406d73bf364b2d38567a50d20f2f50ea,CCMatrix,"First, the country needs to have full and publicly available statistics on hate crime.",Необхідно налагодити повний та детальний збір статистики по злочинах на ґрунті ненависті.
9e13e9421c21720697ca,006d9c4f67a65d9967fada5a33a7bee388e778ea,CCMatrix,Find out what this means for the country and the global economy.,"Пояснюємо, що це означає для країни і її громадян."
7f5ff220547b97611049,d0bf1ae7d1a372128eec87d89e7ab6428eab614d,CCMatrix,I don't think the T-72 is a variant of the T-64.,"Але потрібно розуміти, чим відрізняється Т-72 від Т-64."
ec5768ce5f68162da51c,98577d9ca460fc3775ded2cbbcf239d4226027f9,CCMatrix,The priority task for the Government was adoption of rigid financial discipline and reduction of on-budget expenditures.,Першорядним завданням перед урядом було введення жорсткої фінансової дисципліни і скорочення бюджетних витрат.
c49656725cb0cfce7fe2,e8ba90529d46927957a57b637d7c2fcd82519f47,CCMatrix,Submerged by Absolute Power,Розбещення абсолютною владою
8d6d3baa31160a2ecfdb,8b70545642cdaf045d34aba9eb1b427d244be8cb,CCMatrix,And with the caption “juicy.”,"У зв'язку з цим словосполучення ""суди"
4140a1ac465c6e480184,6dd5a74f64c233a27631332474690437d6bc376b,CCMatrix,It is not only financial investment which Zimbabwe needs to raise.,Українська економіка потребує не тільки фінансових інвестицій.
1dec5ad48bae73c3a7f0,a25e0a034bea78f541c0b097b7c30742c92b3a74,CCMatrix,"The amount of the reversal of the impairment loss that would otherwise have been allocated to the asset shall be allocated on a pro-rata basis to the other assets of the CGU, except for goodwill.","Суму сторнування збитку від зменшення корисності, яку інакше розподілили б на актив, слід розподіляти на пропорційній основі на інші активи одиниці, за винятком гудвілу."
6f7f6d2bb4a990897e26,9947f32bf93c2faa909930f1f47c7572c2a9ba44,CCMatrix,"Almost simultaneously, Stalin attacked Poland on September 1 from the east and occupied the greatest part of the country's territory: Western Bielorussia and Western Ukraine.",17 вересня Сталін вчинив агресію проти Польщі зі сходу і зайняв значну частину території цієї держави - Західну Білорусію і Західну Україну.
d6b1d088ce8170763069,d4c18139afaac813c7b85c6a3202c198d014a09f,CCMatrix,The rules of the present Article shall not be applied to persons in the scope of whose labour and employment duties were included the conduct of excavations and search directed at finding treasure trove.,"Правила цієї статті не застосовуються до осіб, до кола трудових чи службових обов'язків яких входило проведення розкопок та пошуку, спрямованих на виявлення скарбу."
acd70f1664bd058ca71e,87e0fdac10b0d4ad91fa7cd853ca85bd4919d518,CCMatrix,"But, there are no coincidences :O.","Так, не можна не погодитися з думкою О. Є."
1812ff951d41018444a9,d3579217452bedd5d8363699de053edd6fbce7b0,CCMatrix,"You, however, understand that intimacy comes on many levels, and each is necessary in its own way in your relationships including not only romantic relationships but also friendships and family connections.","Однак ви розумієте, що близькість буває різного рівня, і необхідна не тільки в романтичних, а й в дружніх і сімейних відносинах."
dfd572977bd9fc512f06,d842f63bec2c05883b03b7c356e4c186b3f67343,CCMatrix,If Indonesia has nothing to hide then why ban them?,"Якщо їм [Росії] нема чого приховувати, навіщо їм забороняти це?"
cf2889389197bf9fb68f,a0773bc3abfaaf905ee13f2b989d8d8e77be70b9,CCMatrix,Everyone has to go back.,Усі мають повернутись.
dca07b077d916ea4f8ac,418f03b62d50bd11e374c13d7a187a593302d8e3,CCMatrix,R (89) 2 concerning the protection of personal data used for employment purposes.,"Рекомендація Rec(89)2 державам-членам щодо захисту персональних даних, що використовуються для працевлаштування;"
64aa07666af63f01a28f,228277422277072584081acbfda85b2628830855,CCMatrix,The PSC may require additional controls and testing.,Фахівцям можуть знадобитися додаткові обстеження та аналізи.
229a41d5db744922b080,46ce62ff3412bd42c5716f561a9f6002f4555041,CCMatrix,"“Painting is a thundering conflict of different worlds, which in and out of the battle with one another are intended to create the new world, which is called the world of art.","«Живопис є гуркітливе зіткнення різних світів, покликаних … між собою створити новий світ, який зветься твором»."
9704cd8a1e4b09eeabb4,b9ecb675cba911185279d142ea86f1247ee2f723,CCMatrix,"I would not believe that it was impossible to foresee, as if the obligations were not fulfilled, the company must have known about the risk of such breakage even before.","Я не повірю, що воно не було прогнозованим, адже якщо зобов'язання не виконані, в компанії знали про ризик зриву і до цього."
c66f486d2ec3756274b6,41f3f9f350e9632b0c0bf639227a1226bb2cfa24,CCMatrix,But phones are often more expensive in the UK than other markets.,"Але, у Німеччині досить часто вартість телефонів вище, ніж в інших країнах."
ca920fdd982ac9eb9d3f,2b0add218d00588b03b8d293aef1d11c64c642a6,CCMatrix,"We demand that the Russian Federation releases illegally detained Pavlo Hryb,"" she wrote.","Вимагаємо від РФ звільнити незаконно затриманого українця Павла Гриба”, – написала вона."
56dcba38719d32085dc4,b4819d66284ba8ac6d3692af17b68aee61c963b9,CCMatrix,What Should I Know About Strep Throat?,« Що треба знати про стрептококке в горлі?
e4578ac27b58bb49bc3d,7e848591ddbdc6322625455ee55321ad246edf8c,CCMatrix,He cannot find his place in life.,Він не знайшов свого місця в житті.
32d3f0fff187f3552dca,efb6187d8fd73fa684008ac36d2107ad86a118fe,CCMatrix,The political equality of women was confirmed by the first Soviet constitution in 1918.,Політичне рівноправ'я жінок було закріплено в першій радянській конституції (1918).
13ad1034e246e22e6f81,9306d668079f4202c71221b741e004df6f2e444e,CCMatrix,Fasting (5-8 hours without food),Кінець першого тижня (5 -8 день) без їжі.
30dd29e4f2e0e9220b07,9373de2a12b3d5c1a6741d2e0355bf613fb8da97,CCMatrix,This is pure public service.,Це є чиста громадська робота.
5d332407c5df871cbf93,2578e1942d0781637126efbb80d6dd19c624cd65,CCMatrix,"In 1115, near the city of Magdeburg, on the day prior to Passover, Hasidic Jews tortured five children and used their blood in occult rites....","У німецькому місті Магдебург у 1115 році, за день до єврейської пасхи місцеві жиди замучили до смерті п’ятеро дітей і використали їх кров для своїх окультних ритуалів."
e0778fa89fa2f796b7f0,0bf76c191f72ef7f084d2d9b836ad4e6246b740b,CCMatrix,Beneath the altar there is a silver star with the Latin inscription: HIC DE VIRGINE MARIA JESUS CHRISTUS NATUS (Here Jesus Christ was born to the Virgin Mary).,По колу Зірки напис латиною: “Hic de Virgine Maria Jesus Christus natus est” (Тут від Діви Марії народився Ісус Христос).
9eb19fbd9c6605d920ee,bb58f4edebd88e642c145866d2f9b69fca840ffc,CCMatrix,"For instance when the letter ‘k’ is paired up with ‘n’ at the beginning of a word, the ‘k’ is not pronounced, e.g. ‘knife’, ‘knight’, ‘know’, and ‘knee’.","Ви знаєте, наприклад, що в деяких слів, які починаються зі звуку [n], першою літерою виявляється «k», наприклад, knife, knight."
84cdc1c038fc9ca59212,1465894633f14090f27598b853f27396bee53f31,CCMatrix,Do farmers feel it?,Чи почують фермерів?
9d63b30c93a15689132a,e8dc958a57ba075ea5b25a937aa8b33d5b69d969,CCMatrix,"The name of the Belgian town of Kelmis, La Calamine in French, which was home to a zinc mine, comes from that.","З цього випливає ім'я бельгійського міста Кельміс, французького Ла Каламіні, на якому розміщувався цинковий рудник."
18702156230bd5614b0a,73dd7fa8e40ea55ee181d1688566f49c95977999,CCMatrix,The Assembly Speaker's Southern New Jersey Business Summit,Клуб-театр зібрання службовців «Товариства південноросійської кам’яновугільної промисловості»
904e7a1b207a7e14041e,21b213fcbda7666d29ba385cf4aaf9978767875e,CCMatrix,He spoke about him as a very flawed person.,Про нього говорили як про непростому людині.
22f5d0a6e4ac20a056e6,d6bbdf04aa22bf24efa358ed359ba62f3b0141fe,CCMatrix,Not one infallible answer has emerged from Rome.,Однак з Риму дістав відмовну відповідь.
cfdb4b0816c425bd6469,9b6ac8e19de5dac834b702afefc3e7c973e391a9,CCMatrix,The conference led to the forming of the International World Wide Web Conferences Steering Committee which has organized an annual conference since then.,"Конференція привела до формування Міжнародного керівного комітету конференцій всесвітньої павутини (англ. The International World Wide Web Conferences Steering Committee)[4], котрий з того часу став організовувати щорічні форуми."
dd9e88d031651f0de85d,820d4d36c296e174b9cf212f18d2058b6019b4c8,CCMatrix,The entire program is elective.,Весь світ вибирає програму.
2657ba1c717e555e8cb4,625860f5cec49b1291e769ce25ce945a459658dd,CCMatrix,Western Donbass is under the control of the Ukrainian authorities and the Donbass battalion.,"Західний Донбас під контролем української влади та батальйону ""Донбас""."
cabe1ec957a72904ceac,ff9f264908c223aa3b2676195c45beb64d4a559a,CCMatrix,"But the world will not become safer if we give up nuclear weapons, while Russia, China and others maintain or even increase their nuclear arsenals,” Stoltenberg stressed.","Але світ не стане безпечнішим, якщо НАТО позбудеться всієї своєї ядерної зброї, в той час як Росія, Китай та інші залишать або будуть розширювати свої ядерні арсенали"", - наголосив Столтенберг."
557229d33447e570a29e,afdb2efa0b45fbc29e29811bc99e856c934de0ef,CCMatrix,Has his own version.,Мають власну версію.
18f8ee9bf8995413f95a,369bec129786b1b8b18779e1bdc580baa48d0287,CCMatrix,"There is one woman, the remainder are men.","Серед них одна жінка, решта – чоловіки."
51294967b2dc4a77a52a,6807a3f03af28e8ed7dee4318280409f4b421aae,CCMatrix,Usenet is here to save the day.,"The Camelizer тут, щоб зберегти день."
3f7e209ed38d47d91517,b054601934791d5b361a33980c7a8bf65e310def,CCMatrix,She will be able to think in symbolic forms.,Воно могло бути зображеним лише в символічній формі.
74bd6bae1df6f1e663c6,b900fbe14a91f99ee038809476147746529eeb7f,CCMatrix,Employee Other Students Teachers,Студентам інших викладачів
671eba1c1f9c500ee186,b37b2b5b025c577a7480813cb5d21e5211b69375,CCMatrix,I’ll pay a political price.”,"Ми платимо політичну ціну""."
667d7827f08a85d315c9,92e1cdab5303143c39211c1a8a5bb78661c8c0a6,CCMatrix,What is the number of syllables for the name Edwin?,Скільки патентів пов'язано з ім'ям Едісона?
665c9682de70da9c3e74,63851d693c8ea2f9cda2aa8b2a152b82eaf92624,CCMatrix,Limit the spread of fires.,Обмеження поширення вогнища.
2a543f3f4715538e350a,e0b0fe2005abe6b299b20e40a7f5943c6d712879,CCMatrix,A good example of this is the problem of health care in the United States.,Як приклад наведу проблему донорства в США.
58b0a9958acf11dbfcb4,d4b0d30d6a00a9fd816ab721d8725bcc4e989022,CCMatrix,Deportation from Russia,Росія депортація
d4587f3c60ee3aebd57e,f898f8c1704e5bddad7d0463972c9f7eafbdc72c,CCMatrix,"As you examine the ruin of your life,","""Коли ти можеш бачити зруйноване діло цілого свого життя,"
5b39bc45473e0805e380,fccf1f847f5c34540cfed79490371931d6825ff2,CCMatrix,"We know so little, yet we worry and worry.","ми багато знаємо, вміємо, але хвилюємось."
26820e0d182044ed13cc,f82200c45eb94b387ec5a8710621d0e55d73acb6,CCMatrix,Azerbaijan – Land of Fires,Азербайджан – земля вогнів
16b9ad4188fe9d9b17ef,6bb8fd4fb7b23fb77e661d72ca5ee0165d78e330,CCMatrix,I want to make a positive impression on others.,Хочу дати позитивний приклад іншим.
31ed3f64ba65fc58c667,2be84ad895540667b4cfafae9051e74003c4dc32,CCMatrix,What products normalize the pressure,Які продукти нормалізують тиск?
6d39d27740cab7458fb1,839dd8d0a834ba7c493f07cd9b432241588589a0,CCMatrix,According to the NRC document:,Відповідно до документа НСЗУ:
082f35096f4375ced41d,8bb06c2cbfe1bd099f6445ebe980755d6abcd827,CCMatrix,Equipment was mislaid.,Погано було з обладнанням.
182dd1e724e576a56894,e2537df5381b750f0eb6f8d0f000aa8bc434fed1,CCMatrix,"Some people have won two prizes, but this is rare, others have shared their prizes.","Деякі люди ставали лауреатами Нобелівської премії двічі, але таке трапляється рідко; іноді декілька людей розділяють премію між собою."
61ba4c588e246b1b5e63,b7a2d0cbdc170b6cf44a5186deb8068a3c757aeb,CCMatrix,"When the Bank of England redeemed a banknote issued according to the terms of the contract, it did not render unselfishly a vital service to the British people.","Коли Банк Англії викупляє емітовані банкноти згідно з умовами договору, то він займається не безкорисливим наданням життєво необхідних послуг британцям."
2a89ad81c35f9131c9ba,7f1455fbc789153c3eb6d33eac5680fe635973e9,CCMatrix,"Now, you already know what an arpeggio is.","Тепер ви знаєте, що таке арбітражний керуючий."
4ec60e6f7aab53ea5d1c,dfdeefe4f9fd00fe929510ac3593014d981165b3,CCMatrix,1948 was just the beginning of this process.,І лише 2014 рік почав злом цієї системи.
a0779bd8720f5b009557,18cacfa79016389fde0afd28f2b03d60f2907ff3,CCMatrix,The fact most are unpopular with right wing Christians is not our doing.,"В тому, що більшість оточуючих нас людей - по суті не християни, наша провина."
73d69501a5f0c5896711,f8fe21d130448550da5240e4f3749cdf641e163e,CCMatrix,"If so, have you thought about insurance?",Подробнее: Думаєте про страховку?
798befa93a449a327e4d,9df764508baadee51374d408011836430453b867,CCMatrix,"""My only friends were dogs.",« Наші вірні друзі – собаки
da0cbc02fe6217b33c3d,7306af179b5d7b27dcea44fe5a1e9e7ce9a8e293,CCMatrix,"Choose the correct barcode labels that stick when they should, come off when necessary and are readbale when scanned.","Будь-яка успішна штрих-код впровадження системи необхідно мати штрих-код етикетки, які дотримуються, коли їм потрібно, приходьте, коли вони повинні, і дуже легко читається, коли вам потрібно сканувати їх."
0428367141260c4c9c56,11eb3063228a052bedb7db6f24d08df0a3f04ba9,CCMatrix,"Yes, the west is spiritually impoverished.",А наразі Україна духовно поневолена.
49d211b7b0fec685ce02,9dd983d834b37190ba0a8e993e1290b0e1351045,CCMatrix,'Victory for alliance',Нові перемоги “Альянсу”
7b978257881295ff8c4f,4796a109e8a51aaeafb3d47785f6f9349d9910ef,CCMatrix,"(a) its creditor and the holder of any interest from which the debtor takes free pursuant to Article 29(4) of the Convention or Article XIV(1) of this Protocol, unless and to the extent that the debtor has otherwise agreed; and 139","a) його кредитора та володільця будь-якого майнового права, від обтяження яким боржник набуває права вільними відповідно до пункту 4 статті 29 Конвенції (Конвенція) або, коли боржник виступає як покупець, до пункту 1 статті XIV цього Протоколу, якщо та настільки, наскільки боржник не дав згоду на інше; та"
104868a2487e7be46ad5,0586c348039debf5d3cfe1ebfa23a7710b7f417f,CCMatrix,It is not the goal of life.,Для них це не ціль життя.
defa2c18f06c085a78b9,5a622df002584594ebe07f5f51135319f9abd314,CCMatrix,Why did you decide to work with MyTV?,- Чому ви вирішили працювати над фільмом «Міф»?
52ea783c61cc801900f2,d2bcdb9a6c5643cadd687e30e258851c1faa0d15,CCMatrix,"The civic empowerment module addresses the role of citizens in monitoring the activities of the state and explores ways in which people can become involved in the public decision-making process, in reporting corruption, and in anti-corruption activities.","модуль розширення прав громадян розглядає роль громадян у моніторингу діяльності держави та досліджує шляхи залучення людей до процесу прийняття державних рішень, звітування про корупцію та антикорупційні заходи."
03a12da3e807abe8a8f6,2722efee8b411f4470bd56639fbf1b3d6b464ed7,CCMatrix,"Every year, 16 million adolescent girls give birth, most in low- and middle-income countries.","Щорічно відбувається близько 16 мільйонів дітонароджень серед дівчат підліткового віку, більшість з яких живуть в країнах з низьким і середнім рівнем доходу."
925f77b15c8c3afb62d4,6e1cd320f7b92c117c658a182f78c8786758af9e,CCMatrix,I argue that there is a way out of the impasse.,"Словом, вихід із тупика є."
d75cb086a4613dcfe62f,cdea94f40e03c73dc26c5ab792e5f6a289d60220,CCMatrix,(2) Assumption of responsibility.—,3) страхування відповідальності -
625ac028fcc56339cf95,66321b63b2e2eb79c91488697f05647dea7389f2,CCMatrix,The gun is ready for the next shot.,Зброя готова до наступного пострілу.
aff73f59fee77a635bd3,4fde45543cf5852c810f649ada7ed3ceda6f86f7,CCMatrix,Over the first half of the season (October-March) Ukraine exported…,За п’ять місяців поточного сезону (липень-листопад) Україна експортувала ...
3159e8dada1c3e6c2de3,fcf5aacf160763fcd3b278dfede20741ae4713e8,CCMatrix,"Sorry, you “would recommend†.","“я думаю”, “я рекомендую” та ін."
528aee00bbbd4ccd09ac,00d3e801d792ad63738f2bf5f115c2b6f6f72713,CCMatrix,This was discussed before he signed.,Про це зазначається ним перед його підписом.
57e93621f4bf203c85af,75f52bc727df25d8f6d140188e51d5355aa9d146,CCMatrix,/contact/careers,Контакти / Кар'єра
a759c17a25994574d0bd,7484b50767d5c76573aea11204382a0e56794f3b,CCMatrix,"Lead researcher Tony Little said: ""Where a woman chooses her partner while she is on the pill, and then comes off it to have a child, she may find she is married to the wrong man.""","Автор дослідження Ентоні Літл зробив висновок: ""Якщо жінка вибирає чоловіка під час прийому таблеток, а потім відмовляється від контрацепції, бажаючи завести дитину, вона може виявити, що вийшла заміж зовсім не за ту людину""."
1562ad60f48562a3d533,69f066d936be63ab45b8386b65f33ceb6363684d,CCMatrix,"Furthermore, a person who has suffered undue damage resulting from an intervention is entitled to fair compensation according to the conditions and procedures prescribed by law.","Особа, якій в результаті втручання було неправомірно завдано шкоди, має право на справедливе відшкодування відповідно до вимог та процедур, встановлених законом."
be670bfc959066e2198a,f563f460c2d7abaa71b58167dd58790399415e66,CCMatrix,How was your trip to Germany?”,Як відбувся Ваш переїзд до Німеччини?
9fb73f5f4202e7e843b4,9d752b5d4a1432d7553476fbd465af5ae3aa3bf4,CCMatrix,He was in a Computer Science and Engineering Laboratory that specialized in robotics.,"Там їм показували науково-технічні лабораторії, які спеціалізуються на робототехніці."
c9239c99d04feddaf946,f67e18dfbd86e80c8b68c56465b17d85e3b483ff,CCMatrix,Find A Local Photographer,Знайдіть фотографа
69035b7ba2408419e9fb,0682924fcecc79694dd556e943e50f5e197de52f,CCMatrix,The storm was bigger.,урагану вона ще більша.
f5d392ab38b1762151bf,2e0aea39405bc544f7a26bac4e6104732dc77b99,CCMatrix,"Sadly, it happens to far too many young black men in our country.","На жаль, нині у нашій країні стає дуже багато молодих інвалідів — наших хлопців-атовців."
184357fe95236a2d3937,94cc72dce14026172816ba199a63b338a7ab48f2,CCMatrix,The person who lives without folly is not as wise as he thinks.,"Хто ніколи не здійснював безрозсудності, той не так мудрий, як йому здається."
d1f2c26edcf0f5bf4d1f,b4e9a2fafc5f41c180e374a6bc8eb563cebb1968,CCMatrix,"God is with us and if He told us to do something, He will confirm His Word with signs following (Mark 16:20).","Аллаг послав Коран, сказавши, що він пояснює будь-яку річ: «Ми зіслали тобі Писання як пояснення кожної речі…» (сура 16 «Аль-Нахль»:89)."
fe7216aecb0f21811e1e,461f5851e021d9bdfb40a7a6ea7c7d2e8c73866f,CCMatrix,famine and death.,голоду і смертності.
6c36eca7ebf47575b2af,811f3894bc8c81d2b9c0b2fd7c1307796ce0849b,CCMatrix,"Was arrested five suspects in the assassination, including the man, recorded on video from surveillance cameras as a buyer of sulfuric acid.","Були затримані п'ятеро підозрюваних у замаху, у тому числі чоловік, зафіксований на відео з камер спостереження як покупець сірчаної кислоти."
585f7ff59b0fcccb11b3,05ac137df4953aa61d8c54f20ee5868e468719ac,CCMatrix,These are all subjective.,Всі вони тематичні.
2f75fecaac4d0ef302a0,315a03bc6901df26611cea14c4d14f21dc3f4c0e,CCMatrix,system are far more,Така система дає більше
69f9d67dee6d986767fb,73139f821cf76aa99088ae158e553b21b4ee9294,CCMatrix,"Instead, newer regulatory agencies are created.",Замість дерегуляції створюють нові контролюючі державні органи.
244072cf802ab20638d4,ffb7abe9267e1c44588166d3ca3c7bc9ea876502,CCMatrix,Relaxation techniques: breathing exercises,Рекомендуємо: Ребефінг: техніка дихання
aaa51ba1dd8da5296f18,b7b15be52847f34c3f4e89f79916b7f1eef935f7,CCMatrix,"One of the most influential and popular American political analyst, an expert in international relations; Newsweek International. editor of Newsweek International.","20 січня 1964, Мумбаї) — один з найбільш впливових і популярних американських політичних аналітиків, експерт в області міжнародних відносин; редактор тижневика Newsweek International."
4e7b0f88ebb3541b6cd1,35ff77e72777fbbca61f67449ee40be4d0730c5f,CCMatrix,Her house was always open to all.,Її дім завжди був відчинений для всіх.
2deedd9264e50f5d4558,114e6f0b468637736b5f15fafa80fc6922898c4c,CCMatrix,"For comparison, when heating diesel fuel CO2 is 318 grams for each kWh, gas – 247 grams, a heat pump that consumes a lot of electricity, – from 183 to 201 grams per kWh, depending on the share of renewables in total energy production.","Для порівняння: при опаленні дизпаливом викид СО2 складає 318 грамів за кожну кВт.год, газом - 247 грамів, тепловим насосом, який споживає багато електроенергії, - від 183 до 201 грама за кВт.год в залежності від частки відновлювальних джерел у його загальному виробництві."
8ddb11a28ed629f12720,03b5ffcdc1cb1dec54913773c14448b5bf978215,CCMatrix,Change Name or Location?,Змінили прізвище та місце проживання?
6f4344fa1cb8c816d189,66017b23a574099ddad764fe7dfb1d1f758697c9,CCMatrix,be assigned the same port.,Рекомендується застосовувати один і той же порт.
82fed8a9b5992b3752de,7cb8d092815d8cbfc8eb573959f17706eccbf795,CCMatrix,He was just compelled to do so.,Він просто вимушений був це зробити.
fbc4d322610e7236aa80,5bf7d84c816b60b078f60257756861ec6fced931,CCMatrix,"Undergraduate practice is conducted in the 4th and 6th year and involves the preparation of bachelor's and master's theses, both on the base of the department and on the basis of the enterprises of future places of work.","Преддипломна практика проходить на 4-ому та 6-ому курсі і передбачає підготовку бакалаврських та магістерських робіт, як на бізі кафедри так і на базі піприємств майбутніх місць роботи."
013d49f3fe21dbe2797a,5912721c0e8016a4306b8cf9097e1a0949e0ba72,CCMatrix,and eliminate taxes for foreign companies.,знизити податки для іноземних фірм.
2aacb94e21f5e9cbf4fb,ab4cdd2ad313b18a6a2c28f35ba31fcba197438c,CCMatrix,Reduces risk of developing anemia,знижує ризик розвитку анемії;
ffe693186865eefddb39,30965949e51d26353c9314c48f44f2f95c2ed265,CCMatrix,We are delighted to present to you:,Раді представити Вам:
c0fb5b9a6fbbb8fef991,49a8cf3160b231cfbaee06f7c2467b3e819ddcd0,CCMatrix,A highlight of that direction is Dance Macabre.,Шкідливість такого напрямку є багатобічна.
f58204c619de332372bf,a6193af9be59206bfff0be15c3bd68ebaaf34894,CCMatrix,We all have something we’re scared of.,Всі ми чогось боїмося.
b026e1ff8894c7fb70f7,7d7487e04e516d9b48cf77dedd9b4d72c9ad3ffd,CCMatrix,Drinking water with lemon helps to lose weight.,Вода з лимоном допомагає скинути вагу
8678752b14af3e9ce585,f34cc01a5bb417cd41ac8a566b15b440c38f4a61,CCMatrix,"Nearby there are: new, low buildings, bus stops, two kindergartens, primary school, District Cultural Centre, beauty studio, a restaurant, bike paths.","Поруч знаходяться: нові низькі одно та багатосімейні будинки, зупинки громадського транспорту, два дитячих садки, початкова школа, районний дім культури, студія краси, ресторан, велосипедні доріжки."
eb40adbcc363d118ee97,87322fc4317d1d57eb4b367f785d14b731262e0d,ParaCrawl,Rudenko: Fight against Povetkin will be special for me,Руденко: Бій з Повєткіним буде для мене особливим
2c43640d6627c29e8b4a,4885067ac2f066cfa990fb117b64e2b355ebc126,ParaCrawl,Welcome to the site of virtual,Прямий ефір Вітаємо Вас у Петергофі!
5e23e842eea74100441c,f5b6f04b513d4998875f47112e4b4146a8d09f4c,ParaCrawl,Exchange articles.,Біржі статей.
21890951aa2f5a30569b,e513b6c6fc8108ed6b8d3b7212dfc9448b234bbb,ParaCrawl,3.8 miles from Nice 18 properties available,"6,1 км від міста Ніцца Доступно 18 помешкань"
bb7c3fc97c18cf01f1af,5f4f7a72ff19350fda913b65aec3ab1024f39915,ParaCrawl,"This situation is observed when handling large umbilical hernia, or when only the excess skin from a large hernia sac.In these cases additional surgical techniques to correct the appearance of the navel.","Така ситуація спостерігається при оперуванні пупкових гриж великих розмірів, або коли залишається надлишкова шкіра від великого грижового мішка.У цих випадках застосовуються додаткові хірургічні технології для виправлення зовнішнього вигляду пупка."
58c462c1cf997921d327,c5c65102d7af89114b01bb1dfa3afb6f62e0b111,ParaCrawl,I therefore had to assume that he was distracted and could no longer focus his attention.,"Отже, мені лишилося припустити одне: він став дуже неуважний і вже не може зосередити на чомусь увагу."
eb1d0f0f748d77085155,9723236419333e680a0501e146d84d76f69970fb,ParaCrawl,"“It’s got to be cheaper to get to India from there,” he said. Jobs agreed.","- Звідти буде дешевше дістатися Індії, - сказав тоді Алкорн. Джобс погодився."
905cfcd7bec096d9844a,5c006b0ffbeeabbf6b3ed05cc7df5ca5d1bfd2d4,ParaCrawl,Projectors / Business Projector / MH535,Проектори / Проектор для бізнесу / MH535
ef457447ad02a3f61961,14b3802353782424bf1b2b45d174eb8bc61b4f41,ParaCrawl,"barking cough, followed by sputum;","галасовий кашель, потім мокрота;"
ebea802bd97eb12ace9b,40a02ef708479ff3bc45e44e0648fdaf0de040ae,ParaCrawl,"Washington, District of Columbia — Dayton, flight duration: 0 h.","Час перельоту Вашингтон, Федеральний округ Колумбія — Дейтон: 0 ч."
b3d9269e54b4737d20c0,38f9868a261e01e0d5055e52845eedfacf5b9dd5,ParaCrawl,"· design the labor process, labor operation and streamline labor movements of the worker;","· спроектувати трудовий процес, трудову операцію та раціоналізувати трудові рухи працівника;"
b385beed3e8b7dc34a9d,76da88fa9eebbee40b0b6dd3e35caccde914caa0,ParaCrawl,- the number of injections of hormonal drugs for at least 3-4 days;,- кількість ін'єкцій гормональних препаратів за добу не менше 3-4;
381a9fa8973ec5f3e0dc,809b3caf29857829ef87f6162b20b95888c8934d,ParaCrawl,"If you don’t have such equipment, it can be rented from us. Consecutive interpretation","Якщо Ви не маєте у своєму розпорядженні такого обладнання, воно може бути орендоване в нас."
b73850efb8e5ea4d499a,81dc4934426641725fb1b1121b6cffe9a17f7c37,ParaCrawl,Family Education and Support Services,Сімейна освіта - Віртуальний освітній ресурс
3987f12f787b96396be9,7fcd97b629e37c71ede8ac523d4652dba5e18c13,ParaCrawl,"After the defeat in the Battle for Henderson Field, the IJA planned to try again to capture the airfield in November 1942.",Японське командування вирішило відновити бойові дії на початку листопада 1942 для захоплення острова.
7b41f4f4c849a37f4e3c,d1f91fdddc8395c2822726c219d116ff16c65287,ParaCrawl,"Where else can you search inside buildings and shopping centers, to find businesses and staff members located within?","Де ще можна шукати всередині будівель і торгових центрів, щоб знайти фірми і співробітників, розташовані в межах?"
a7549f33978ff0dff7f6,cdd47730cf57e31c9285c8d1d5e756b714b3a82e,ParaCrawl,"The company’s facilities are represented by thermal power plants of DTEK Skhidenergo, DTEK Dniproenergo, DTEK Zakhidenergo, Kyivenergo and Mironovskaya TPP, an affiliate of DTEK Donetskoblenergo.","Виробничі потужності компанії представлені підприємствами теплової генерації в складі ДТЕК Східенерго, ДТЕК Дніпроенерго, ДТЕК Західенерго, Київенерго та Миронівської ТЕС, що входить до ДТЕК Донецькобленерго."
d86db35fe8bfac291127,63ce72833447e73846044f9af3b0101914ef66d9,ParaCrawl,Women 10 km Pursuit,"Гонка переслідування 10 км, Жінки"
e7d392ab7a07fcb4acd4,b2823a6c067844eb1cd386632577de12ec55564c,ParaCrawl,"in the morning the air temperature warms up to +10...+13°C, dew point: +7,95°C; ratio of temperature, wind speed and humidity: Very comfortable; can no precipitation, light air wind blowing from the east at a speed of 4-7 km/h, overcast sky","вранці повітря прогріється до +10...+14°C, точка роси: +7,26°C; співвідношення температури і вологості: трохи сухо, але в цілому комфортно; можливі слабкі опади, ветeр тихий, що дме з південного сходу зі швидкістю 1-2 м/сек, небо затягнуте хмарами"
f8c8cd2c051c6fa72356,45489be87419c5cee7973f6546c9e3941a6ae6ae,ParaCrawl,Russian businessmen have begun to change rubles into its own currency,Російські бізнесмени почали міняти рублі на свою власну валюту
b94a77210119e011be45,8d99627a9b05a6a05c84cd3afd2ee8ebbe60c1f0,ParaCrawl,8 I gathered for myself silver and gold and the possessions of kings and cities;,8 Призбірав я собі срібло й золото й скарби з царів і земель;
eee7a597a2910e78440e,31109b5541f9ee8ea771e3c12833050efa9f8c9e,ParaCrawl,Days of Cracow in Lviv,Дні Кракова у Львові
fd92d36688879574fa9b,c48d6a447849ec7c7d02502cdba0a1d960ecd4c7,ParaCrawl,"You can learn about trains, express trains, buses and shuttle buses that will take you to the airport from the city on the official website of Labuan.","Інформацію про експреси, електрички, автобуси і маршрутні таксі, на яких можна дістатися з міста до аеропорту Бруней, дивіться на офіційному сайті аеропорту."
59e3406cf2277d2ec34e,c83bf411fbe1f734e88266d19f7df0ebeb72477f,ParaCrawl,Defend your castle from enemies using all sorts of weapons . Tweet,"Захисти свій замок від ворогів, використовуючи всі види зброї. Tweet"
2dcb3b93a35e3cb94385,76a1dcd899ce7e64ec3f43abe0655cd57f6a9af4,ParaCrawl,"Underneath this ceremonial role, he was really modest and really introverted — so much so that when he delivered these sermons, he had trouble making eye contact with the very same congregation that he had been speaking to for 62 years.","Під його церемоніальною роллю приховувався справді скромний інтроверт - найсильніше це виявлялося, коли він проголошував проповіді і йому було тяжко тримати зоровий контакт з тією ж самою парафією, до якої він промовляв протягом 62 років."
f157d6d1d3bef41dc09e,a861081bd228a2833a033c7641331b8da4cf3f75,ParaCrawl,"in the morning the air temperature warms up to +6...+11°C; too cold: chilly, dew point: -3,64°C; precipitation is not expected, moderate breeze wind blowing from the north-east at a speed of 18-22 km/h, in the sky, sometimes there are small clouds","вранці повітря прогріється до +6...+11°C; занадто холодно: мерзлякувато, ризик обмороження чи переохолодження одягненої людини відсутня, але можливе загострення простудних захворювань, точка роси: -2,72°C; опадів не очікується, ветeр помірний, що дме з півночі зі швидкістю 5-6 м/сек, на небі, місцями, невеликі хмари"
32475eb6dc9784a02eab,a3cbe57f0a37bcc1bbf4392ebd394ea2c33b8afe,ParaCrawl,Ozigo (Assia) - African Hardwood Pine (Pinus sylvestris) - Scots Pine - European Softwood (183) Spruce (Picea abies) - European Softwood (171) Larch (Larix spp.) - European Softwood (121) Oak - European Hardwood (98),"Порода + В'яз (Чілійський Вяз, Орне ду Чілі) - Листяна деревина з Південної Америки Дуб - Європейська деревина твердих порід (137) Ялина (Picea abies) - Біла - Європейська хвойна деревина (135) Бук - Європейська деревина твердих порід (134) Сосна звичайна - Європейська хвойна деревина (127)"
fd47553bebd55e26041e,816ff7006d6123b54d3c0d00e475d4b9e57d1ea7,ParaCrawl,Low-fat kefir is a dietary fermented milk drink.,Простокваша знежирена - дієтичний кисломолочний напій.
24fb9d5946dd9479213a,c2d2726f8d89d3f3265bbcf4ec41ae071d08bf73,ParaCrawl,I must say that the use of the product directly affects the forme of a plastically-shaped solutions of the object that is projected.,"Потрібно сказати, що вживання відповідного програмного продукту прямо впливає на формe пластично-образного вирішення об'єкта, який проектується."
fba8a99dfbf3867dc71b,95c857436753bae3882f6f7e6f5a99ce0016c7d1,ParaCrawl,"Any information beyond your user name, your password, and your email address required by “Everest Owners Forum” during the registration process is either mandatory or optional, at the discretion of “Everest Owners Forum”.","Будь-яка інформація, окрім вашого імені користувача, вашого паролю і вашої адреси яка запитується в процесі реєстрації може бути необхідною або необов'язковою, на розсуд “Форум Україна”."
5a58c919a23fe19eab84,89ac42a7fe4439a1e1f67760708f3e94f03574dd,ParaCrawl,The most popular among modern designers is a combination of white and brown shades.,Найпопулярнішим серед сучасних дизайнерів є поєднання білих і коричневих відтінків.
ea3fe43f68b3087b46ce,21b2c104690957655266bda53f61fe245c799e90,ParaCrawl,To adjust the range of text similarity percentage in Fuzzy TM Matching Mode click on the default percentage and apply the range you need.,"Щоб налаштувати діапазон відсоткового співвідношення тексту в режимі неточного збіги ПП, натисніть відсоток за замовчуванням і застосуєте необхідний діапазон."
695c0d1b3373325dcd29,60cabe417660a4ecbc23c4bdd05fa708c774c9ff,ParaCrawl,preferences.,переваги.
c2b9c827d1fcd81808b5,5bd1bbeebda925d86e6d5dcb466eb634d4671b4a,ParaCrawl,"Look at the air fares Krasnoyarsk — Beijing for the next two weeks and choose the option that fits you, in price and in time.","Перегляньте ціни на авіапереліт Красноярськ — Пекін на найближчі два тижні і виберіть оптимальний варіант, який підходить вам і за вартістю, і за часом."
7eb8bc15a754a04e7c73,1e18aa2502288f644f8ae414b02138929b6561e2,ParaCrawl,"Weather in Buli - accurate and detailed weather forecast in Buli for today, tomorrow and week. Buli, Taiwan, Taiwan","Погода в Кулі - точний і детальний прогноз погоди в Кулі на сьогодні, завтра і тиждень, Кулі, Тайвань, Тайвань"
1a084fc56c53caf7e957,72b09adea2dbd65a3d99dfa431c034c14180156c,ParaCrawl,"Yahweh said to David, Go up; for I will certainly deliver the Philistines into your hand.","І Господь відказав до Давида: Виходь, бо справді дам филистимлян у руку твою!"
ed3b7a0027819cd051bf,c5fbe52d4985c864997ff32c9ff986c7685ded1b,ParaCrawl,"Low fares calendar by days, Moscow — Bishkek",Календар низьких цін по днях на авіаквитки Москва — Бішкек
658949c8df7c96a02bd7,456e4668eed55444340674157fb259cc4fbcc1cf,ParaCrawl,View all Japanese courses in Johor »,Проглянути всі курси японської мови в Малайзії »
1af27e48e8c34eb6815c,33f9b845de65356a3b519fbad87ff62a27a4bd27,ParaCrawl,One have to say that Russia's offensive was stopped.,"На його користь можна сказати, що наступ Росії був припинений."
7ba1e47870afbf0bccfd,8afc94ec777297fb135510ead03875f1620cd154,ParaCrawl,"Here he manages boats, jeeps, motorcycles, bicycles, and sometimes even space ships.","Тут він управляє катерами, джипами, мотоциклами, велосипедами, а іноді навіть космічними кораблями."
dfda11009f45e7d21e90,2546339b78912e70d022c92e795d81cf2b2dbdf4,ParaCrawl,Flights to Dawson City from various cities,Перельоти до міста Доусон-Сіті з різних міст
3f729e1a1d14f87f379c,21e7d94f86772b7d82e1dea493686e89c6cc1800,ParaCrawl,"Over time, the bottom edge of the fissure becomes covered with granulations of fibrose nature.",З часом дно і краї тріщини покриваються грануляціями з фіброзним нальотом.
50b1f01df570e800c0e0,d2f14a6a01a708fbf43d640fd24588606b9fc0a2,ParaCrawl,Weather and meteo conditions on Thursday06Julyin Zakatala,Погода і метеоумови ввівторок24Жовтеньв Кизилґаджили
72b28c8cd988c557d67c,b535a47412d4f62b0aaecfce07fa3a1cf8ca03a3,ParaCrawl,You can make a difference,Ви можете змінити ситуацію!
9cc704348ab3ba1a1687,e7e47687ffbd8fc05ab8cfb989f31d54f8a1c8bc,ParaCrawl,The first complete proof of this latter claim was published posthumously in 1873 by Carl Hierholzer.,Перше повне доведення цього твердження в 1873 оприлюднив Карл Гьехолзер.
fbc86772a26953ebd148,de3c232714dfd74bf19ef7d615dd99d18e2ea0fe,ParaCrawl,Advanced.,Просунуті.
476f7c7bc25a3442a625,ea433f9a1f3a7a61682fd244777b4ac4094feaad,ParaCrawl,Weather and meteo conditions on Friday 30 June in Quimilí,Погода і метеоумови в п'ятниця 10 Листопад в Кімілі
edbeecfd35754a3cfc0f,48570132c8ddb3ac3b622279671d65ea2d9d6b5c,ParaCrawl,Luntik looking for differences at night,Лунтік шукає відмінності вночі
093681b2d0b0148c7b85,91836b79076bfdad7e6629ed21b275a3fa5cd30d,ParaCrawl,"PC To set this ""Galaxies - Desktop Background Pictures, #37512"" as wallpaper background on your desktop, select above resolution links, then click on the ""Download"" button to save image on your desktop computer.","Для того щоб встановити ""шпалери на робочий стіл - Галактики, №37512"" як шпалери на робочому столі, виберіть розмір вище, а потім натисніть на кнопку 'Завантажити', щоб зберегти зображення на робочому столі комп'ютера."
c2ed45710f29654975bf,0f5779e054b19d688b1e693fe3af0c2c9b386ba4,ParaCrawl,"Tripping current thermal fuse, A","Струм спрацьовування термозапобіжника, А"
1e8fdf15539c6100910c,7366cdda827c3c4287f12f84a8be673f638bf0ad,ParaCrawl,"Keep checking back and we will be uploading new Turbo Nuke games when they are created, you can also request games at any given time using the Contact Us form at the bottom of every page.","Слідкуйте, і ми будемо завантажувати нові Вампір ігри, коли вони створені, ви також можете запросити ігри в будь-який даний момент часу, скориставшись формою зв'яжіться з нами в нижній частині кожної сторінки."
ad9464e0c31d691a6b91,7c0612043467eaad9def4b31caf02851aadfe9a5,ParaCrawl,"preparation of legal documents for commercial, appellate and cassation courts;","підготовка процесуальних документів для господарського, апеляційного та касаційного судів;"
027e27188b0abbab6b04,6ee9083ba928af5973cc227488d5197bdb316776,ParaCrawl,"Dryck: Water, Tea, Milk, Coctail, White Wine, Red Wine, Liqueur, Martini, Tequila, Whisky, Vodka, Cognac","Люблю випити: Воду, Чай, Молоко, Коктейль, Біле вино, Червоне вино, Лікер, Мартіні, Текіла, Віскі, Горілка, Коньяк"
7be7bc47d3b1c5c143d8,5a8f3e7918c18794699b1e70a8178a4c13b7e989,ParaCrawl,It's free and always will be.,(Абсолютно безкоштовно й жодних зобов'язань).
ed0124619529e190c901,9800c67c4d73bb9ca75d8d54e75154e9359fdb2a,ParaCrawl,"In Federalist Papers No. 9 and No. 10, Alexander Hamilton and James Madison, respectively, wrote specifically about the dangers of domestic political factions.","Так, в «Записках федераліста» Александер Гамілтон в 9-й статті[2] та Джеймс Медісон в 10-й[3], писали про шкоду внутрішніх політичних фракцій."
8f21e6e80ea625ece47c,70ec01d158700aa2927ad5f850889859c626410e,ParaCrawl,"3. mobile phone type, visualization operation, easy to carry, set up the number of players easily.","3. мобільний телефон типу, візуалізації операції, легко носити з собою, легко встановити кількість гравців."
d3e53857e19da3c361d4,3fc124f455111cfabfe4efd53c094b70445d44db,ParaCrawl,That is standard.,Він стандартний.
a564aae75c56c7de9611,10db625af733fd61b42bd98ffaffb7a2b5eeb400,ParaCrawl,"Try to keep your video around 30 seconds, and deliver your key message within the first 10 seconds.","Тому бажано, щоб відео тривало близько 30 секунд і основне повідомлення відтворювалося впродовж перших 10 секунд перегляду."
bdaca785905c3b1e73c4,1c2886437147b98082b6d622f464a5ad12424c32,ParaCrawl,The Linguistic Means of Expression of the Concept HAPPINESS,Мовні засоби втілення концепту РАДІСТЬ
6b40e1c3e9ff4af8bd55,17fd4e47355b9916471304b0582b9069a4bbd920,ParaCrawl,"weather forecast in Nepomuk (v4), weather forecast in Czech Republic (v4), weather forecast in Nepomuk (v1), weather forecast in Czech Republic (v1)","прогноз погоди у місті Непомук (v4), прогноз погоди в країні Чеська Республіка (v4), прогноз погоди у місті Непомук (v1), прогноз погоди в країні Чеська Республіка (v1)"
c2888ef1fa7921836c3e,6e83fa175403daa642bf94db05c7fce5adbc63b3,ParaCrawl,Easter (view all wallpapers) Uncategorized92,Це Пасха (переглянути всі шпалери) Без категорії92
61c97f2ed2a2d4c896c4,d99899a7ae75c5168e1618350fd71c32ab0e9fe2,ParaCrawl,"Even more so, broad audience are often unprepared to face the ""bare nerve"" the artist disconcertingly reveals in his works.","Ба більше, широка аудиторія часто виявляється неготовою до зіткнення з ""оголеним нервом"", який безкомпромісно оприявнює у своїх роботах митець."
738e36e3ad4cc80f9a15,73092c2e504c33393335ee01bfc42184765d0127,ParaCrawl,Tale of the Ragged Mountains),Гринявські та Чивчинські гори) —
9ca4f0344d692ce9012e,8d7a815fa6e50f38151eb57f6524c99ca7d2f9fb,ParaCrawl,Tag: fallen leaves - Wallpaper Collection,Тег: опале листя - Колекція шпалер
d6ad362266e12c448e0b,99e3bd69c4f074cb5f1245ebb33024a42b983484,ParaCrawl,"And there went out the king of Sodom, and the king of Gomorrah, and the king of Admah, and the king of the Zeboiim, and the king of Bela (the same is Zoar;) and they joined battle with them in the vale of Siddim;","8 І вийшов цар Содому, і цар Гомори, і цар Адми, і цар Цевоїму, і цар Белаю, тепер він Цоар, і вишикувалися з ними на бій у долині Сіддім,"
01c7f64419c2dfe2f8e1,42b2b494aa4eddb4f9cf1dccfe872a2071d61957,ParaCrawl,"6 The nations made an uproar, the kingdoms tottered; He raised His voice, the earth melted.","46:6 ¶ (46-7) Шуміли народи, хиталися царства, а Він голос подав Свій і земля розпливлася."
fdd1f03e6884eed4c597,7d99d74253cb89ed8d78affc67e0814c1b7eb210,ParaCrawl,Brazil Mega-Sena (Thursday 8 September 2016),Бразилія Мега-Сена (четвер 8 вересня 2016)
a4165eff2be0790fb608,4b83d51e743734641207228b650579a69588ff7e,ParaCrawl,Table setting also alludes to environmental friendliness.,Сервіровка столу теж натякає на екологічність.
8c420929115f7011e5da,496a797dee79164d5c5f3d3c775d80b8baf055ca,ParaCrawl,"The French Ministry of Defense required an aircraft capable of air-to-air and air-to-ground, all-day and adverse weather operations.",У 2009 році Міністерство оборони Франції замовило додатково 60 винищувачів.
eef700406ffc8171b2aa,d1eceb6e16de9bb30ef5a1090f9639ee86694689,ParaCrawl,"a lounge (folding sofa, table with benches, TV set);","кімната відпочинку (розкладний диван, стіл з лавами, телевізор);"
9c029fcc97e1c9b99d22,7d9408dfccf044b80481097acdd09bd7790ff82e,ParaCrawl,Chelyabinsk and Yaroslavl — Comparison weather,Челябінськ і Ярославль — порівняння погоди
a931f110e27f9b4aeb51,c7bdb8284c813ae6590f39a0b57adb193cec359c,ParaCrawl,"Wallpaper № 32410: Funny, Fantasy, Snow - free download for your mobile phone.","Шпалера № 32410: Гумор, Фентезі, Сніг - скачати в мобільний телефон безкоштовно."
b226d1f917961e85c309,b7389fe705c2940a43e07c9de22b61a2b6c7df45,ParaCrawl,Stimulates healthy and balanced mind feature Supports faster training healing Helps faster healing process for a healthy person,Стимулює швидке відновлення підготовки Підтримує швидку процедуру лікування для здорового і збалансованого людини
3ae95efc6ddd7b98108f,cc568d38c06b4101e795410a11cf0c87e2a9d7f0,ParaCrawl,Compare fares for flights to Kalamazoo and for flights to other cities of United States.,Порівняйте ціни на авіаквитки до міста Каламазу і на перельоти в інші міста США.
4ae113735a4b137de2a2,c2f272537b75df8c6ce6ca78d4bc2b42bdb78ea5,ParaCrawl,Flights Elizabethtown → Volos,Авіаквитки Елізабеттаун → Волос
c3a31585f4b916d278e3,706d25f785135993dc3daa10b9138ed7a9b1f485,ParaCrawl,It should be noted that the independentDiagnosis of the cause that caused such a manifestation is by no means unacceptable.,"Необхідно відзначити, що самостійнедіагностування причини, що викликала подібний прояв, ні в якому разі неприпустимо."
715d45ceab636637c929,46173ca6c5c3b099d26b548b42fcb6ade10ae09e,ParaCrawl,"16 They answered Joshua, saying, All that you have commanded us we will do, and wherever you send us we will go.","¶ А вони відповіли Ісусові, говорячи: Усе, що накажеш нам, ми зробимо, і до всього, куди пошлеш нас, підемо."
c09a5650139a6ce20f4e,8af86ee0a6a71ac2404422668bb2e0c7144e8f25,ParaCrawl,1.We guarantee one year warranty and life-long maintenance.,1. Для всіх наших клієнтів ми гарантуємо один рік гарантії та довічне обслуговування.
a8c44c0ad289bef1b38d,95f97c38fffc95d8a7fb9eda04fa8548b750d1c8,ParaCrawl,"I am trying to monitor not only southern direction, but western and northern as well I may say without hesitation that there was not a single time when I had missed.","Під контролем стараюсь тримати не тільки південний напрямок, але й західний, і північний."
298e4188d0791c30c79e,648a460dce478d3e2ef0ea59424e3e31dee4bbe5,ParaCrawl,Car rental Aquitaine region,Оренда автомобілів Аквітанії регіона
8e5b03e615d6d7c6d5ec,e0b4c6c6c3b7cbefe21ee71ff7d6ebf1abece567,ParaCrawl,Uruguay Rivera Climate and Annual Weather,Уругвай Рівера Щорічна погода і клімат
146e1e7b808b821c136c,b685681c665f6bb8591e6376137a0f23739b1ef5,ParaCrawl,Weather and meteo conditions on Sunday 10 September in Willebadessen,Погода і метеоумови в неділя 10 Вересень в Падерборн
544cab9b936364a59f42,7bb2718a0fab197e0a2ef683016e7d168d2d9bf7,ParaCrawl,"Wednesday, July 19, 2017 in Acheres the weather forecast would be:","У середу, 19 липня 2017 в Ербле погода буде такою:"
3fe4765792d0c452708b,f9df89a8fe8fa0bb2812a2b268982c77ddb7302d,ParaCrawl,"Partner Vadym Samoilenko is among top three leading practitioners in Corporate, which is one of the strongest and highly regarded practices of the firm.","Партнер Вадим Самойленко, керівник групи корпоративного права, однієї з найсильніших та найбільш знаних практик фірми, увійшов до трійки найкращих юристів із корпоративного права."
7fffdf3333cf548d5be5,2aaf935f3d8bd47cdac4bc5ed082bafe494eaa33,ParaCrawl,Grey Basalt Stone Tiles Cheap Basalt Brand: Jade River Packaging: As your requirement,Камінь сірий базальтовий камінь дешевий базальт Бренд: Річка Джейд Упаковка: Як ваша вимога
01920c3bfb1c0b41b62b,61e994abe0fa4be25267edf541b83f28f6c28c02,ParaCrawl,"2 Jehovah looked down from heaven upon the children of men, To see if there were any that did understand, That did seek after God.","2 Господь дивиться з неба на людських синів, щоб побачити, чи є там розумний, що Бога шукає."
c8dca7db63ac81b7cd97,eadbfe241699725895d374a89f62fc58ab4bf456,ParaCrawl,Weather and meteo conditions on Saturday16Februaryin Thurles,Погода і метеоумови ввівторок12Лютийв Тьорлс
ce401cce650990bb6d40,740813a7ec6c2c013d7fc310087710b430b7cef3,ParaCrawl,Direct flights to Vallejo,Прямі рейси в місто Валлехо
998b59c7f28d506b5ff6,7ea18bbb2442c0e07a63c7955d2225700e55bff4,ParaCrawl,Future Technology with Robot Touchscreen,Майбутні технології з сенсорним екраном робот
c52f0aa71998b11b5a14,3982c1213bf3426dd26685adcab0cb3ed3ba99d4,ParaCrawl,"Mac To set this ""sky blue wallpapers, #904"" as wallpaper background on your desktop, select above resolution links, then click on the ""Download"" button to save image on your desktop computer.","Для того щоб встановити ""шпалери на робочий стіл - Небо, №904"" як шпалери на робочому столі, виберіть розмір вище, а потім натисніть на кнопку 'Завантажити', щоб зберегти зображення на робочому столі комп'ютера."
c1c6759f7b250234c3f1,493cbfe46e6a45f74bd008c444775736f32f73ba,ParaCrawl,"For at least a partial smoothing of contradictions in per capita GDP as a measurement of human development, the certain methodical techniques are used.",Для принаймні часткового згладжування суперечностей ВВП на душу населення як показника людського розвитку використовуються певні методичні прийоми.
cdaf89eeef56a45841c3,e326e7b27ad0fdc2bf43ecdf2c14ce5bc813319c,ParaCrawl,"Acquisitions, net of divestitures, contributed 2.7%.","Придбання за вирахуванням реалізації активів забезпечило 2,7%."
89e41c849aeb1ba8e9e4,8b728017fb2cd21ead1187aa79feb03c2fc42b91,ParaCrawl,A little advertising for the game John Citizen,Трішки реклами для гри Джон громадянина
444e0d9c7c3a5c57b054,3e6631675e700837bc55fa46d80e3e2a100b563c,ParaCrawl,"Tuesday, February 12, 2019 in Hadley the weather will be like this:","У вівторок, 12 лютого 2019 в Хадлі погода буде такою:"
826c42060cbfccaed1e7,59e4b34d48b33165d1f0f310a5386cdb1c780a16,ParaCrawl,Number of accounts included (each additional account €10),Кількість включених акаунтів (кожний додатковий акаунт 10 євро)
dd468cf472211441bddd,8c0b2bdd79e8ffa37e9465d247cc653ea502ba0b,ParaCrawl,"This hearing device features a state-of-the-art digital noise filtration system that removes background noise, so that you can focus on the conversations that matter.","Цей слуховий пристрій оснащений сучасною системою фільтрації цифрового шуму, яка видаляє фоновий шум, тому ви можете зосередити увагу на важливих розмовах."
934ff3083a61837e5fe5,e8d330c8e3f37ba06d21398516146db0da2f9235,ParaCrawl,"PC To set this ""Desktop Background Pictures - Disco gear, #23765"" as wallpaper background on your desktop, select above resolution links, then click on the ""Download"" button to save image on your desktop computer.","Для того щоб встановити ""Диско обладнання - заставки для робочого столу, №23765"" як шпалери на робочому столі, виберіть розмір вище, а потім натисніть на кнопку 'Завантажити', щоб зберегти зображення на робочому столі комп'ютера."
c9ae1a9e75fe4d9f53ae,667cf1052c8d71355a7e5ccaa16b5d3765a74c0b,ParaCrawl,"IMA KHRENOVA-SHYMKINA, Expert of the Ukrainian-German technical cooperation project “Energy Efficiency in Buildings”, GIZ","ІМА ХРЕНОВА-ШИМКІНА, Експерт проекту українсько-німецького технічного співробітництва «Енергоефективність у будівлях»(GIZ)"
82ea5003435cc212df11,396fb8b82371181b1645dbf78b4a0f9ae6d672a0,ParaCrawl,I feel pretty good after the treatment.,Після лікування я почуваюся досить добре.
e79d06cefa8db4e6af86,fc60284ccc5bd521870f32320160eb4a66cbfd4f,ParaCrawl,"However he would not listen to her voice; but being stronger than she, he forced her, and lay with her.","Та він не хотів слухати її голосу. І був він сильніший від неї, і збезчестив її, і лежав із нею..."
2ef3231f04aadab132c0,114b9e1ce5b5fb52d0d03cddef42f6a036bf5929,ParaCrawl,"For a more dense connection of the boards, we punch each wooden kyanik or hammer, substituting a wooden block.","Для більш щільного з'єднання дощок підбиваємо кожну дерев'яної киянкою або молотком, підставляючи дерев'яний брусок."
9f629d9664bd086d228d,37955953c5843da679ced3bf8abce78c61a82db6,ParaCrawl,Weather in Lilienthal,Погода у Лілієнталь
ad4ac3a7494891100786,4f4de3f855740a74df2ac944967e9f7d6a47c874,ParaCrawl,Select a Region,Виберіть місто
626529185d8608622ce9,4b0c4e91ae833a6480a6bc86152c27265ec2befe,ParaCrawl,Legal support of business activity,Правовий супровід господарської діяльності
63eae432ef674415d468,bd84145f8d2dc4e21a48c3977bf3ea667b92e865,ParaCrawl,Complete the search form to find the best guaranteed prices on convertible car hire in Seattle,"Заповніть форму пошуку, щоб знайти кращі гарантовані ціни на прокат мінівену в Сіетл, WA"
f21ef174db628a13b221,dd9bbc9fb2fb299f309d9eed3250a11276975a28,ParaCrawl,We found 112 Men's Sweatshirts & Hoodies: 1 - 60 Popular,Ми знайшли 112 Піт & толстовки чоловічі: 1 - 60 Популярні
67ad09fea51936c37c88,fd3a0bea93434f6d9697778652786cd325456be5,ParaCrawl,Choose from 2 italian courses for air traffic controllers in Venice,Вибрати з 2 курси італійської мови для диспетчерів повітряного руху у Венеції
fcdbeab1b85683a5af44,cacb2924a25959b9569b942cadb0831cbc039e26,ParaCrawl,• Tap letters to make as many 3-7 letter words as you can before time runs out,"• Натисніть листи, щоб зробити якомога більше 3-7 слів письма, як ви можете до часу вичерпаються"
ef7e607525d6969644e9,36fb4923b8fa8760d6781116003ae1e0292723d5,ParaCrawl,Beautiful woman on vacation,Красива жінка у відпустці
69e3c7f97eec3884b5b6,aa2255a0726d23a5c74a3a902444a96f6b3a9c62,ParaCrawl,"Air conditioning, free internet, hardwood, kitchen, laundry, wireless internet, and carpet Distance to school:","Кондиціонер, безкоштовний інтернет, паркет, кухня, пральня, бездротовий доступ до Інтернету, і килимове покриття Відстань до школи:"
de5bb2ee9617cb48214a,2a578b5d52de4ec9182884a99787ef3e881e5d12,ParaCrawl,"“That's your problem,” said Ron.","– Роби, що хочеш, – відповів Рон."
d682f2459696359602cc,7984573af8ba53b59e14e25b06bc3f1bffd601bc,ParaCrawl,A heating section is designed for productivity of 1500 kg / h.,Одна нагрівальна секція розрахована на продуктивність 1500 кг / год.
8cd5bd9ace3873d80962,48dadebe5e23ed35da35419dd713243b649f4777,ParaCrawl,"Wi-Fi TV Air conditioner Cozy apartment on Khreschatyk, One Bedroom","Wi-Fi ТБ Кондиціонер Уютная квартира на Крещатике, 2-кімнатна"
fcadf2b92e93c92d4abe,f244a3c2792722b06ee82f84ed595ad4ccef0918,ParaCrawl,He is a consultant in the world of digital radio and digital terrestrial radio,Сьогодні він є консультантом в галузі цифрового радіо та цифрового наземного радіо.
3cb309cda50097743046,8ffad5ce01f3eca6f0ad37c61162ebdb8c06014c,ParaCrawl,What makes the re-lighting of Theatre Square original? What was the philosophy of the project?,Що робить реконструкцію освітлення Театральної площі оригінальним? Якою була філософія проекту?
78f923223265829f37e9,2e88c7d4f4730bfc06aff96e72bee74bfeee26ad,ParaCrawl,Maximum stay in South Sudan: 90 days,Максимальний термін перебування в Шрі Ланцi: 90 днів
833c857cf3030678836b,b87d4f00bf501f6f75d6245cd75fdc8e5399fc11,ParaCrawl,Elizabeth's second love for the breed promoted the growth of popularity of pembrokes and cardigans all over the world.,"Любов Єлизавети 2-й до породи сприяла зростанню популярності і пемброк, і кардиганов по всьому світу."
81d513320263821802f8,0e6a99c6b6157eedb77ba651a3e7558cc17c6e1a,ParaCrawl,Our new logos,Наші нові логотипи
dd8a8cf9928a68a35a08,98b40a1aac8bdba3cd10bfc3bc5ced9881a39ca5,ParaCrawl,Show prices Club City View Room,Показати ціни Клубний номер із видом на місто
9393e66bb8a15d22376e,0a6bc2d06b3b45ad171710b3ae74518cc1d1d420,ParaCrawl,"With greater muscle density and more powerful kind throughout, your muscular tissues will certainly be able to relax as well as recoup in document time, becoming you back to the health club as well as back on the right track also much faster.","З більшої щільності м’язів і більш потужного виду протягом, ваші м’язові тканини, безумовно, матиме можливість відпочити, а також окупити часу документа, ставши вас назад в клуб здоров’я, а також назад на правильному шляху, і набагато швидше."
218768a9c715049094c1,a1b4aeefdf1feb3f16ba30dfac6ddc888fcb20d9,ParaCrawl,Implementation of ethical standards of s...,Впровадження етичних норм діяльності сту...
6926619ea216608937f2,4b4f6f99fbb9b990af7554e2c7a7cd75e646bc92,ParaCrawl,States Parties shall make their reports widely available to the public in their own countries.,Держави-учасниці забезпечують широку гласність своїм доповідям у власних країнах. Стаття 45
d9dade63ae8af188e17a,6aef29ca62aa30955bb2d58932f5abf88c6bdf4e,ParaCrawl,"To help you find the perfect room when you book a hotel in Kota Kinabalu, Malaysia we have made it easy for you to compare hotels, including our most popular hotel chains.","Щоб вам було легше обрати ідеальний номер у готелі міста Кота-Кінабалу, Малайзія, на нашому сайті ви зможете з легкістю порівняти помешкання, у тому числі й наші найпопулярніші готельні мережі."
a32c4ee666d7a15d3b63,8cdae10537878476fbe2b84ea51526a7a87a5762,ParaCrawl,"The Python debugger cannot handle multiple threads, so you have to call set_trace once per thread, each time with a different port number.","Засіб діагностики Python не може працювати одночасно з декількома потоками виконання, тому вам слід викликати set_trace для кожного потоку, кожного разу на портах із різними номерами."
2e479753b83c1036caae,ec2e2d79982cdbf1d590b8573ec7f5c860b3264c,ParaCrawl,(Porcine Reproductive & Respiratory Syndrome),• РРСС (Репродуктивно-Респіраторний Синдром Свиней)
7e8ce7eed05b06ac4f2b,29be16c72d697002ad208c30bcbd1ee58a96f94a,ParaCrawl,"All four muscles are attached to, and terminate at the knee cap or patella.","Всі чотири м'язи прикріплені, і припиняється в шапці коліна або колінної чашечки."
3222e30ba2c51ca0c2dc,74f60d919990a51a48b0b06c9705218c18d243f3,ParaCrawl,Rostov-on-Don — Frankfurt direct flight,Прямий рейс Ростов - Франкфурт
d6e87aca06555e63dbd2,33bc94ed3fab63832bcfe17543e87ffd0aaec99b,ParaCrawl,More... Species + Chinese Pine (Pinus tabulaeformis) - Asian Softwood Pine (Pinus sylvestris) - Scots Pine - European Softwood (183) Spruce (Picea abies) - European Softwood (171) Larch (Larix spp.) - European Softwood (121) Oak - European Hardwood (98),Ще... Порода + Бук - Європейська деревина твердих порід (513) Дуб - Європейська деревина твердих порід (493) Ялина (Picea abies) - Біла - Європейська хвойна деревина (321) Сосна звичайна - Європейська хвойна деревина (286) Ясень білий - Європейська деревина твердих порід (274)
3d0963f9e514bf5b6d4a,96173a3da68bda36f8f1009994a4e7c2f269ef20,ParaCrawl,"Weather in Aulnay-sous-Bois - accurate and detailed weather forecast in Aulnay-sous-Bois for today, tomorrow and week. Aulnay-sous-Bois, Région Île-de-France, France","Погода в Ольне-су-Буа - точний і детальний прогноз погоди в Ольне-су-Буа на сьогодні, завтра і тиждень, Ольне-су-Буа, Іле-де-Франс, Франція"
be1519d2b412b851e134,8a00ce7b4498d8ab675a5aac3df18a98329e486e,ParaCrawl,Weather in San Jacinto,Погода у Сан-Рамон
5d4d6dc17c17dca7d40b,15a8faa5126ffdd9a48a85510118a94ed95bdd32,ParaCrawl,Airports near Argyle:,Аеропорти поблизу Олбері:
a585d77c0182b24d5966,960c4962ae7d01a0d297467dcb6c2efc66a8b15b,ParaCrawl,"Laminated veneer lumber, LVL manufacturers Wood importer (53) Broker/ trader (52) Wood exporter (51) Mouldings manufacturer (36)",Столярні традиціональні вироби Імпортер деревини (48) Торговий агент (47) Експортер деревини (26) Виробник струганого шпону (19)
db71c836e44f55f2785f,06aee728284a6f06a776848b0e14022ab7bffd85,ParaCrawl,"No effect, but fond memories comfort travelers.""","Ефект відсутній, проте приємні спогади утішають мандрівників."""
e1ff5a28a958dad4ae76,aaaa7aabae54e895cbf69d6c73642e9e09524b6c,ParaCrawl,"Napierski has a bachelor’s degree in business, a master’s degree in business administration from Duke University and a master’s degree in international business from Goethe Universitat in Germany. Tyler V. Whitehead","Пан Напірскі отримав ступінь бакалавра у сфері бізнесу, ступінь магістра ділового адміністрування в Університеті Дьюк і ступінь магістра у сфері міжнародного бізнесу в Університеті Гете в Німеччині."
dbce6505892c21dbe628,0ce9fad1f1659b9c610c789b48b454167c70b3a0,ParaCrawl,Contents [hide],Зміст [приховати]
05b8646529c96f06478d,3277d89fd4d722b13500775d32130eda8570883f,ParaCrawl,"Min favorit sport: Football, Tennis, Golf, Motorsport, Boxing, Snooker, Volleyball","Улюблений вид спорту: Футбол, Теніс, Гольф, Мотоспорт, Бокс, Більярд, Волейбол"
e9b3f8798291fbffb45a,ba4bf54c3c4968ce6e73cb6a03348a18b8780835,ParaCrawl,"He is confident that in fact, the government has only increased the fiscal burden on business and on the income of ordinary citizens via the words of promising “improvements” for local communities.","Він впевнений, що пообіцявши “покращення” місцевим громадам, влада тільки збільшила фіскальне навантаження на бізнес і на доходи звичайних громадян."
608c2797f6ad6da6a59b,89c4a122a8376801acefcbfbff8bc9d8840f1e16,ParaCrawl,EZEK 37:20 The sticks whereon you write shall be in your hand before their eyes.,"37:20 І будуть ці дерева, що напишеш на них, у руці твоїй на їхніх очах."
1fb022d7b5ab5fdc1837,e83a489459e419a0944f58e2eba82e3d0ec78807,ParaCrawl,Amazing beach at sunset,Чудовий пляж на заході сонця
2755bb3bd82c7c094b2f,870511221a136dd6798b977b841c406693b527bb,ParaCrawl,climate change,зміна клімату
12e87bc15772a556b23a,f9fd5c3bafb7f28cd5cfff93a739649f8ee25b45,ParaCrawl,Department of international relations NUWEE - Tuition fee,Центр Міжнародних відносин НУВГП — Вартість навчання
fcd5f71ce42436542f44,615cbc34a390f19b6b0b6f9f0cd9c2840fd72abe,ParaCrawl,"Fortunately, this disease gives warning signals, by which it can be identified and consulted on time to make sure that it is really melanoma.","На щастя, це захворювання дає попереджувальні сигнали, за якими його можна впізнати і вчасно звернутися за консультацією, щоб переконатися, що це дійсно меланома."
73e1c3e3bc6698409949,064f1c01742a7177ac067aed943880e979fe327e,ParaCrawl,Visitors - Men,Участники - Мужчины
aa65adbdc80f98264f9f,18169ccf5f408192f1adab97e8b208103b046064,ParaCrawl,"weather forecast in Santo Anastácio city (v4), weather forecast in Brazil country (v4), weather forecast in Santo Anastácio city (v1), weather forecast in Brazil country (v1),","прогноз погоди у місті Алваріс-Машаду (v4), прогноз погоди в країні Бразилія (v4), прогноз погоди у місті Алваріс-Машаду (v1), прогноз погоди в країні Бразилія (v1),"
c79453447e66f0bfd865,affab9a235577c4aff1fb28bee7001c64005a0c6,ParaCrawl,View all German courses in Queensland »,Проглянути всі курси німецької мови у Зальцбургі »
415b36798aa609be8f68,691e22a596f631751240365c7b490de6a00e9ecb,ParaCrawl,My Lucky Number is 99,Мій щасливий номер 99
ddaa10c2de245a201f14,c18ee24947a7223765862efb5afd70b3f59acb68,ParaCrawl,Vidnyky — Museums — Traveling in the Carpathians / Western Ukraine / Lviv region / Pustomyty district,Відники — Музеї — Відпочинок в Карпатах — КАРПАТИ.INFO / Західна Україна / Львівська область / Пустомитівський район
f7899e32b07bfb3ce3de,ec9402c0f9938db26b7288b4dd99e6c5b86056f5,ParaCrawl,Flights Borg El Arab → Khartoum,Авіаквитки Борк Ель Араб → Хартум
1345afed1e516f3aedb5,bb9e4dd58a0179b8f2bf12af8cccf24efeb0ff32,ParaCrawl,see hourly weather forecast in Burgdorf,дивитися погодинний прогноз погоди в місті Бургдорф
56b79e31d20dab6664cb,c92eb6937fbb3ce86073e9ab2d17557e39ecbe40,ParaCrawl,"For they did not continue in my covenant, and so I showed no concern for them, declares the Lord.","А що вони не залишилися в Моїм заповіті, то й Я їх покинув, говорить Господь! 10"
f7197e7dbcb2c64a8fec,f611b65f3d26583a03fd0fddd19239b6a743ce05,ParaCrawl,"Auto, car","Авто, автомобіль"
1608e1a72e580f32283e,b2749be01ef623373c363c94262b41639fa1a7cf,ParaCrawl,"8 And he went down on his face before the king, and said, What is your servant, for you to take note of a dead dog such as I am?","А ти будеш завжди їсти хліб при моєму столі. 8 А той уклонився й сказав: Що твій раб, що ти звернувся до такого мертвого пса, як я?"
c0378dd4056d918e0ccd,970b0b2d794e9642252c562ccaa6c4029fa64155,ParaCrawl,"NIV 28 But rebels and sinners will both be broken, and those who forsake the LORD will perish.","28 А всім відступникам і грішникам - погибель, і ті, що Господа покидають, загинуть."
502a65ea04f8809a8969,b07a35682f257d8dd72a3fd1ca9bfa2dc42663de,ParaCrawl,"Damage, which can lead these plants to death, can appear already at minus twenty.","Пошкодження, які можуть привести ці рослини до загибелі, можуть з'явиться вже при мінус двадцяти."
eeac715eea6c334d2241,759d1a60fe07bfe8399ad84f1eaa7dcdde9f96e9,ParaCrawl,"The list of indicated countries includes Algeria, Australia, Georgia, Canada, Morocco, New Zealand, Rwanda, Serbia, Thailand, Tunisia, Uruguay, Montenegro, South Korea, and Japan.","У списку зазначених країн – Алжир, Австралія, Грузія, Канада, Марокко, Нова Зеландія, Руанда, Сербія, Таїланд, Туніс, Уругвай, Чорногорія, Південна Корея і Японія."
b0f8ce453508c465fac6,5f6ba84fda45b37c463868fcd15b0e1ecea468d1,ParaCrawl,What if the dog is breathing heavily?,"Що робити, якщо собака важко дихає?"
25cbb214060e2e6e1d47,35aaddac4ed1237bb4719b307b34768af97bb3e8,ParaCrawl,"Swipe your finger across the stick to crack it, then shake your phone!","Проведіть пальцем по палицю, щоб зламати його, а потім струсіть телефон!"
240e5471cfe03780b917,3cbdcf582ef683217e40c284439cf2f27133f025,ParaCrawl,A site where these crop were grown cannot be used for planting cabbage at least three years.,"Щоб можна було використовувати під капусту ділянку, на якій росли ці культури, повинно пройти не менше трьох років."
56b227d9a2f441f335b1,8e8fd49a9734804f4334ecd15ba615eb6f317bf3,ParaCrawl,Airlines:,Авіакомпанії:
a9b2d22ae5afd07d1fe3,ea0b26d045dd1c5a270959f9ab740c0f78a514b8,ParaCrawl,It is a minimalist and functional.,Це мінімалізм і функціональність.
36380455a2b7dfc8b70d,7d19a7d1f51c00862d47e84405e842a4282e9a5f,ParaCrawl,A Bachelors degree is an undergraduate academic degree awarded after completion of the required coursework and credit.,Ступінь бакалавра є академічним ступенем першого рівня і присвоюється після успішного засвоєння навчальної програми і отримання навчальних кредитів.
3ff401458208f68cb518,b1392c411fb26a13435222665626b30f97ca3b1b,ParaCrawl,"shall be punishable by correctional labor for a term up to two years, or imprisonment for a term up to three years, with the deprivation of the right to occupy certain positions or engage in certain activities for a term up to three years.","карається виправними роботами на строк до двох років або позбавленням волі на строк до трьох років, з позбавленням права обіймати певні посади чи займатися певною діяльністю на строк до трьох років."
d34538b4bb97da7128c3,8c681f138869666c01a9c149764f0dc381a5917c,ParaCrawl,"Saturday, September 9, 2017 in Florsheim am Main the weather will be like this:","В суботу, 9 вересня 2017 в Рюссельсхайм погода буде такою:"
60a0720be5aa17ab09a0,7cdeac426487a3667b732e97fc22928c93bad643,ParaCrawl,All traveler types (9) Business travelers (1) Couples (4) Solo travelers (2) Families with young children (2),"Усі відгуки (9) Ділова поїздка (1) Поїздка вдвох (4) Індивідуальний мандрівник (2) Сім""я з малими дітьми (2)"
b8644b31df5ce2fc3125,5973d5f07ab3995e36b54659fc111e4899d2daee,ParaCrawl,"List of coaches to Odessa and back, including departures today.","Список рейсів з Чернівці в Одеса і назад, найближчі рейси сьогодні."
524d5199221a6268d586,0b0b4a5693ee14b3e726bc82460a764849bc63b7,ParaCrawl,"Hammers Skil 1758 AG - description, specifications, prices punchers","Перфоратори Skil 1758 AG - опис, технічні характеристики, ціни на перфоратори"
80769448a4df4742d292,b2bc619dc48e669f2593bc442ff8d5a859a2e9b4,ParaCrawl,Home » Tyres and wheels » Tyres for trailer agricultural machineryTractor tiresHarvester tyres » GREAT PLAINS tyres for trailer agricultural machinery,Головна » Шини і диски » Шини для причіпної сільгосптехнікиШини для тракторівШини для комбайнів » Шини для причіпної сільгосптехніки SATOYA
8addd717fc2100e3ee6b,87e3f4b7e87ba2c03a6c3b96da49fd1b433f52b7,ParaCrawl,"Administrative liability (in contrast, for example, disciplinary) is set for the crime, the consequences of which extend beyond the boundaries of internal relations.","Адміністративна відповідальність (на відміну, наприклад, від дисциплінарної) встановлюється за злочини, наслідки яких поширюються за межі внутрішньослужбових відносин."
874b8745e9a88bcef147,3f300b02121b66537e4b3bb286f1515e0e2583ef,ParaCrawl,"Sincere, hardworking, always happy to see friends and guests.","Щирі, працьовиті, завжди раді друзям та гостям."
be3dd1037b1af46b1d3f,e7b7b8baddfdf91ab0047c1aa6236bc382a5c8c1,ParaCrawl,"17 A man in the crowd answered, “Teacher, I brought you my son, who is possessed by a spirit that has robbed him of speech.","17 І Йому відповів один із натовпу: Учителю, привів я до Тебе ось сина свого, що духа німого він має."
68f2c454f3425df4e247,16acceed38021bcff1d518c48c0ed2cfeef30aef,ParaCrawl,"Beijing — Ningbo, flight duration: 1 h.",Час перельоту Пекін — Нінбо: 1 ч.
3bce432cb94834e8909d,225550de116d9d610b299bea4495606fd83a1b8e,ParaCrawl,"weather and meteorological conditions in Ushuaia city (v2), weather conditions in Argentina country (v2)","погоду в місті Ушуая (v2), погоду в країні Аргентина (v2)"
f3d15bcd4f78314a0a4a,32015317f880f41cfa2805e39f5425aaa55100e6,ParaCrawl,Compare fares for flights Sofia – Netherlands and other cities.,Порівняйте ціни на переліт з Софія в Амстердам і на переліт з Софія в інші міста Нидерланды.
6e107692f5a9a161073e,ac728865d197f6c4df39a8e83b9a303ee6296702,ParaCrawl,"The representative must consider all the facts, to control the whole thing.","Представник зобов'язаний враховувати всі факти, щоб проконтролювати всю справу."
698f8d6768ad191191cd,ba61e17ad9f813bab58a23438fa22b92d3ff4876,ParaCrawl,"State of the sea: calm (rippled), wave height of 0,2 m Tuesday, July 4, 2017 in Pineda de Mar the weather will be like this:","Хвилювання в море: штиль, висота хвиль до 0,2 м В суботу, 21 жовтня 2017 в Сабана-де-ла-Мар характер погоди буде такою:"
d8ae8d96bcf62c338680,be993068ab76d232d566068fb4698e0439ab9263,ParaCrawl,Extension categories.,Категорії у розширеннях.
8129e1429318f950cfdd,668b6c00d39f2f3ff61628316f2270f473ac214c,ParaCrawl,"Wind: moderate breeze, western, speed 18-22 km/h On land:","Вітер: тихий, західний, швидкість 1-2 м/сек На суші:"
cc25e3dc0f7c96cdfa86,8420ea670f16c1ae9f06766c1098dc5dfdaca16d,ParaCrawl,"Anyway, I’ll jot a few notes on what one shouldn’t do and what is truly important at the start:","Але я все ж виділю пару рядків на те, чого конче не варто робити і що вкрай важливо від самого початку:"
3b02b73e3efc8cc8dda3,5dfb39c732324e56e7fc9a8021372b436457993c,ParaCrawl,Payment for order is made in Nova Poshta stock when it is received.,Оплата за замовлення відбувається на складі Нової Пошти під час його отримання .
4b658c0445ac91699de7,20dce25879d07fc86300f9dfd1d44c08f9778dd6,ParaCrawl,Distance Karachi - Rawalpindi,Відстань Карачі - Хайдарабад
f7453f3d22b9d01a4a98,6265e84b04bcdd0e191208e0a16324d51b19d44e,ParaCrawl,"I have no greater grace than this, to hear that my children walk in truth.","4 Більшої радости не маю від тієї, як довідатися, що мої діти живуть у правді."
df1ea7957f2157c26bcf,82d6235fac22f9f16c833d75201d46a4336b1ec8,ParaCrawl,"Electrical industry in Kyiv - electrical companies, electrical manufacturing, electrical equipment manufacturing","Електротехнічна промисловість в Києві - електротехнічні підприємства, електротехнічне виробництво, виробництво електротехнічного обладнання"
d9d2e86577a7a1e6189e,a4c05056fa05c31cd188bb925bd7129a27da63c8,ParaCrawl,Moroz Pavel A.,"Мороз Павло Андрійович – аспірант, кафедра фінансів, Київський національний університет ім."
379d2aac3c1368d1bca6,02827f62db47315bf16b5144d7a1020d62bd80b3,ParaCrawl,In contact,В контакте
ee8592efbb56d42746ec,b4eff200fd8cfd311606d53104b4607b6c48ea9b,ParaCrawl,Weather in Nevsehir,Погода у Кумлуджа
a94dc71464f2437fb14c,7d1085dfc45ee68b3831119abded38d6b25b7bfa,ParaCrawl,Ideally this product should be consumed 30 minutes before your work-out.,Цей продукт слід вживати за 30 хвилин до тренування.
b992a18a5e70683a2938,a8cd1ded47af69037096210be864861b551d70d4,ParaCrawl,How to relax in nature with friends,Як відпочити на природі з друзями
f36d464391666bbe88d2,35ab35243032bbfa0c8fb621b9632f6a38773f4c,ParaCrawl,The payback for the civil war always and inevitably serves as a geopolitical defeat of the country that its made in your own limits.,"Розплатою за війну громадянську завжди і неминуче служить геополітична поразка тієї країни, яка її допустила у власних межах."
c2b3197ed6a375204132,6c003c37a4cf1198c0e4d418a43b3c9ed9deb849,ParaCrawl,Use: tea storage,Використання: зберігання чаю
fc9fdc0f8cda35c3c0bc,a24445327e1e6c399fd3da56df32d59d37a32d38,ParaCrawl,"While Russia, as noted, will not be easy to win such a war.","При цьому росію, як наголошується, буде непросто перемогти в такій війні."
53305b0efb66864305ff,d2a4bc97c3bdbeac499f3ede34659ded6398e23d,ParaCrawl,French Armenian Legion,Французький Вірменський Легіон
86fb4dcdc0597b5f9a4e,7acab7af1924573bdb069d1313f75643a2b38059,ParaCrawl,depth (cm): 55.00 especially the working chamber: the inner surface of stainless steel,глибина (см): 55.00 особливості робочої камери: внутрішня поверхня з нерж. стали
d4c4bc6f65f0ea86b899,3718dbca9baf6d962091532fe2cde7c955c53286,ParaCrawl,"You can use our contact form to make any required changes to your booking, e.g. number of people, dates of stay, type of accommodation booked, destination, etc.","Ви можете використовувати нашу контактну форму, щоб зробити всі необхідні зміни для бронювання, наприклад: число людей, період перебування, тип замовленого житла, призначення, тощо."
84503aed5efdd2897da9,c85634cf9e18db0e34b8a0a95f5ac377ac9554d7,ParaCrawl,"Testers measure the magnitude of the slip, which occurs due to incorrect wheel alignment or suspension geometry changes in the exchange.","Тестери дозволяють виміряти величину бічного відведення, яка виникає при неправильній установці кутів коліс або зміни геометричної підвіски АТЗ."
66f041fc557e40e91830,e8059679af667fc496a6c06f9fbf19e82fb03885,ParaCrawl,"Don't be ashamed of YAHUSHUA, He is NOT ashamed of YOU.","Не соромтеся ЯХУШУА, ВІН НЕ соромиться ВАС."
df548490be442975cac3,974caa22e2c86ad8ba5073a3d0530e1f870ab09f,ParaCrawl,"Korotin Vyacheslav Yurievich was born on 18 Jun 1963 in Riga, Latvia.","Коротин В'ячеслав Юрійович народився 18 червня 1963 р. в Ризі, Латвія."
25728f3a6bb5a408d3ee,974e365b20b72ee7f0e6c6cd1f69a6fc4891e65e,ParaCrawl,"However the later Chapter XX lists the name and function of seven angels, these are ""Uriel, one of the holy angels, who is over the world and over Tartarus"", Raphael, Raguel, Michael, Saraqâêl, Gabriel, and Remiel.","Однак пізніша 20-та глава перелічує імена та функції семи архангелів, зокрема: «Уриїл, один зі святих ангелів, який є над світом та підземеллям», Рафаїл, Раґуїл, Михаїл, Саракаїл, Гавриїл, і Реміїл."
8e39e21bc5594aa642b5,627af4005c08984c5b415d1bbedbe7ab0b698a92,ParaCrawl,They have developed a Curriculum to help introduce High School students to the Universal Declaration of Human Rights.[49][50],"Вони розробили навчальну програму, щоб допомогти ознайомити школярів з загальною декларацією прав людини."
4865011643185f7e4963,482de8da34b4dae89174f010f38ee7b3c3642645,ParaCrawl,"India, Bengali, female","Індія, Хінді, чоловік"
6bca77e21befea376086,cf9571f8588a92f7298c84edabcc853471e30e2f,ParaCrawl,"19 Because it entereth not into his heart, but goeth into the belly, and goeth out into the privy, purging all meats?","19 Бо не входить до серця йому, але до живота, і виходить назовні, очищуючи всяку їжу."
dcdd787cdb8706268fcb,e60566c606f65b6b313d1ed2bdf1b4a1f4aa95dc,ParaCrawl,It is not until Jesus has a meal with them and says a prayer that they recognize him.,"Тільки коли Ісус поїв з ними і помолився, вони впізнали його."
e841561ced99d0c1e23c,30e11c6fb100b0dc05637a45042ef61cbbb8e04f,ParaCrawl,"With more than 150,000 hotels worldwide, it's easy to find hotels on agoda.com near points of interests like Pantai Hospital.","Agoda.com довіряють більш ніж 3,500,000 подорожуючих, які бронюють проживання собі поблизу видатних пам""яток, таких як лікарня Пантай."
fd2075961460ab643926,b28fd14764b1b3e0d41dc913bb622f7eef1d8749,ParaCrawl,"The ability to add a list to your blog or website exists in the editor ssm WordPress. Editor ssm WordPress in my view a list easily, because the code is not required to prescribe manually.","Можливість додати список до сторінки блогу або сайту, існує і в самому редакторі WordPress на мою думку створити список легше, тому-що не потрібно прописувати код вручну."
c0458a6c506e70dad548,a8089d829a0eaec23b831d26142e5c6cca905a01,ParaCrawl,The state Department has warned citizens about the threat of terrorist attacks in Europe during the holidays,Держдеп попередив громадян про загрозу терактів у Європі під час свят
335771ca0c040b89974c,eb7dccb5cce704e34cfe7dd53cda4bc6e469debe,ParaCrawl,Water flows into the river,Вода тече в річку
21769e68156a8fc77b23,ee195f15da69dfa9902145e6a671ecdafae39af1,ParaCrawl,"To start practicing your poker skills, just visit the free poker download page, install the award-winning poker software, and you'll be learning Hold'em in no time.","Просто зайдіть на сторінку безкоштовного завантаження, встановіть наше чудове програмне забезпечення для гри в покер - і Ви вивчите цю гру досить швидко."
1c93dd773418ca85b8e1,911f2f825a93e3d27aa26368ad87eb6f54dbcf69,ParaCrawl,Marseilles and Propriano Comparison seasons,Марсель і Пропріано порівняння сезонів
01802df1b6dc821e1c58,a02e47b3b09813d2c2cf744337b240ed9b5d24b2,ParaCrawl,The exact time in Cajamarca:,Точний час в Кахамарка:
7ce18563aa77d19a9548,f031ff9962d32ad3778cb9bd13321ad4dda93ec9,ParaCrawl,"A regular meeting of the Academic Council of Luhansk Taras Shevchenko National University was held, several questions were considered during it.","Пройшло чергове засідання Вченої ради Луганського національного університету імені Тараса Шевченка, де було розглянуто кілька питань."
b29dbf940807535ffb74,6aedc5f06f19df8c689befc6f52c8b4d9b037978,ParaCrawl,Search business hotels in Venice,Шукати бізнес-готелі у місті Венеція
983c5ce44c2e7db9cf4a,dd52d0af5f8bdc96d7faa12b5eca364ce7638f1f,ParaCrawl,Transfer initiative on waste management to private entrepreneurs.,Передати ініціативу з утилізації сміття приватним підприємцям.
975a244a8fdc76597de2,0393f3d66e7f9459d0da23879d922857ab89f873,ParaCrawl,"He said. To him, seeing his father carrying his mother out had been an essential part of his life.","Для нього вид батька, який несе на руках маму, став невід'ємною частиною його життя."
a65757de238c97e6038e,250d946079755b475b829caf89be1058f08705af,ParaCrawl,"“I hope that Slovenia will be the beginning of my journey to the implementation of my dreams because here I have excellent opportunities for building a European career,” she concludes.","«Сподіваюся, що Словенія стане початком мого шляху втілення бажань, адже тут у мене є чудові можливості для побудови європейської кар’єри», – резюмує вона."
083cb3019cc09f052b99,068de6672b6e8811504da07ee73782171f09c778,ParaCrawl,- justification of used methods and the rationality of the proposed method of solving the task;,обґрунтування використовуваних методів та раціональність запропонованого способу розв’язання задачі;
4a0144947cfd50ec2674,d55c3917228dd77647a06768158a39eec16aa95f,ParaCrawl,Page not found | SmartActive Squash Navigation,Сторінку не знайдено | Асоціація міст України
0177660c269e872f556f,fe1174924fd24ca2eb188220d9144f0c29223e5b,ParaCrawl,Italy Genoa Verified Vacation Rental Reviews by Real Guests,Італія Генуя Дійсні відгуки про помешкання для відпустки від справжніх гостей
7c149bf0f05f036e229f,3c556b5664c60296d9a4023bf6d6bdb2f16c0e62,ParaCrawl,Cheap flights from Manila (MNL) to Luxembourg (LU),Дешеві рейси з аеропорту Сараєво (SJJ) до аеропорту Люксембург (LU)
829cc0bfe32e2677fa5f,a34fbb067cbd14cd6a31f48b71723ed4dc0826d9,ParaCrawl,"Sometimes you can find the term ""tikap chihuahua"", ie. Placed in a cup.","Часом можна зустріти термін «тікап чихуахуа», тобто поміщається в чашку."
964c43f6e108a9bd9bfa,a80d7def3493d223517c0d7d268add2eabbc79ba,ParaCrawl,"Staying with Pets is allowed, but only on request.","Розміщення постояльців з домашніми тваринами можливе, але тільки за попереднім запитом."
64fce276f1de77109976,77b3f250ca0b226f7fe5830a56a5896336501073,ParaCrawl,The meeting also conducted training of creative thinking in learning.,Під час зустрічі проводився також і тренінг з розвитку креативного мислення в процесі навчання.
0c9f43d36c59ca149929,81de55bd590f467b90074bd2aa7649af69d94c64,ParaCrawl,"If you take 1,000 happy people, 900 of them are happy because they have good relationships in their lives.","Якщо взяти 1000 щасливих людей, 900 з них щасливі, тому що у них є хороші відносини у своєму житті."
94d3d66c992bb3b1f96b,0458ad4dfbde833d00f379bb93fffdae2e43067a,ParaCrawl,2019 Bake Christmas cookies very easily yourself.,2019 Дуже легко випікайте різдвяне печиво.
35a8a4a3fda8b6817170,b08aad1464629022ccc95ce0c4e6fc662ae1c213,ParaCrawl,Current time in Ures: 1,Поточний час в Вріддхачалам: 1
135f9da4e1222d012418,9323c63e5368ba99fd44a58845fb914be492153f,ParaCrawl,"This is our guests' favourite part of Pokhara, according to independent reviews.","Це улюблений район наших гостей у напрямку Покхара, відповідно до незалежних відгуків."
859918e6ec24d5cc4658,00abec85374a10ea0f0733fc6ed83b63406705ac,ParaCrawl,“I’m not going to kill anyone.”,— Я нікого не збираюся вбивати.
ca5e95935c024f42d741,3848a94bab1d4aca408fca18b70c52d1f5b1dd6f,ParaCrawl,"Everyone has their own individual style and taste, so the styles may find infinite set.","У кожної свій індивідуальний стиль і смак, тому фасонів можливо знайти безмежне безліч."
c4df58fd2d7d0ba1b5ea,540879588e27ef1210a76a6fe68cfd3b71562376,ParaCrawl,You are in: Shepit,Ви знаходитесь у населеному пункті: Кути
c4b16e760ad783a0abc5,ae2820ffc67733defb10442de981e8942ac9c923,ParaCrawl,"Package Application: Greenhouse, Hydroponics, Aeroponics, Home Garden, Farm, Vegetable Shed, Botanic Garden, Flower Exhibitions, Horticulture, Hydroponics, Hemp Cultivations, Medical Plants Cultivations, etc.","Пакет Застосування: теплиця, гідропоніка, аеропоніка, домашній сад, ферма, овочевий сарай, ботанічний сад, квіткові виставки, садівництво, гідропоніка, культивування конопель, вирощування медичних рослин тощо."
06a7e9ef5dedee25f6b5,f88201cfcc88dd35915e861dacc956f6f98d05d0,ParaCrawl,"Study Room Decoration For A Lovely Girl (Votes 154, Average rating: 4.86/5)","Кабінет прикраси для прекрасної дівчини (Проголосували: 154, середня оцінка: 4.86/5)"
aadcdc3f4b4b7dddf5ab,596aa72ed7f02be1f079a612aa51a71e00a345cc,ParaCrawl,"According to the Speaker of the Crimean Parliament S.Tsekov, the final goal of all these actions was transformation of the Crimean Autonomy into a Parliamentary Republic.","За словами голови кримського парламенту С. Цекова, кінцева мета всіх цих дій — перетворення Кримської Автономії в парламентську республіку."
73558bf19ec528440931,66b6ada4122e3030f8d14409eed4a15d7f6abef1,ParaCrawl,"DEUT 18:15 Jehovah thy God will raise up unto thee a prophet from the midst of thee, of thy brethren, like unto me; unto him ye shall hearken;","18:15 ¶ Пророка з-посеред тебе, з братів твоїх, Такого, як я, поставить тобі Господь, Бог твій, Його будете слухати,"
26dc6313db292d4f709b,6b38335a2be98bdf7543fdfe6de5c7d9592d235a,ParaCrawl,"Air filters, Safety Valves, Manometers, Check Valve","Запобіжні вентилі, Манометри, Зворотній клапан НовиниАрхів 28.09.2012"
3539658cfaa9544c7aa3,202c412f9755b74a78ee5cf92fd091ed1ab06b31,ParaCrawl,"And it shall come to pass, when they come out against us, as at the first, that we will flee before them;","І станеться, коли вийдуть навперейми нам, як перше, то ми втечемо перед ними."
75d15064402c7908e0f7,fc42552f9cbc816633c415489da599b302ba3c9d,ParaCrawl,"But sometimes perga until the end of wintering is not enough, and, therefore, protein starvation can occur.","Але іноді перги до кінця зимівлі не вистачає, а, значить, може наступити білкове голодування."
46cb18bf43420179f831,fa45a133d7b96d30382960a8ec498ffaa500dc9b,ParaCrawl,What does Tirzah mean?,Що означає Карл?
bb4fedaccc8c783195e8,0b83b9bb4a1d2aff77260d5e639be61729acb671,ParaCrawl,Arable Hood Memorial on the map,Меморіал Александроні Гиват Кола на карті
29d052457be7d1bcc192,802afa81d4a2159f3a2350484efc329b8878c68d,ParaCrawl,"The chief priests, therefore, and the Pharisees gathered a council, and said, What do we? for this man does many signs.","47 Тоді первосвященики та фарисеї скликали раду й казали: Що маємо робити, бо Цей Чоловік пребагато чуд чинить?"
92092e3319fee87e6fa3,adee43331f7338f0c9c4a72228033be4df4dec86,ParaCrawl,Going soon? Be prepared for the weather in Kiev.,Будьте готові до погодних умов у м.Сіетл.
df87380708f27b872952,98f9f26757059772327c22c57e6a61dd635ffe36,ParaCrawl,The Resolution of the Cabinet of Ministers of Ukraine dated 17.11.2001 the enterprise is appointed as operation organization (operator) of Nuclear Installations of Chernobyl NPP.,"Згідно з Постановою Кабінету Міністрів України від 17.11.2001 підприємство призначене експлуатуючою організацією (оператором) ядерних установок Чорнобильської АЕС на етапі зняття їх з експлуатації та подолання наслідків запроектної аварії, а також установок для поводження з радіоактивними відходами та сховищ для їх тимчасового зберігання згідно з діючим законодавством України."
8af3a9fe396b95df98f4,d85af8b918be81f48e044d759b1fe041ede65503,ParaCrawl,"For all parents whose children are 3 years old (or even earlier, if they gave a ticket to a kindergarten), the question arises: how to quickly go through the nursery?","Для всіх батьків, чиїм дітям виповнилося 3 роки (або навіть раніше, якщо дали путівку в дитячий сад) постає питання: як швидко пройти ясельну комісію?"
681a8d332f9c32a86954,12ac89c1b3f37c564bb8ebaedb3e82557c997767,ParaCrawl,Compare flights from Wilhelmshaven to various cities and choose the option you like most.,Порівняйте ціни на авіаквитки до міста Вільхельмсхавен з вильотом з різних міст і підберіть оптимальний варіант авіперельоту.
d7348e90ad3738e72820,7193ee33487b0bdc8a9cf5418dc184ef10c01505,ParaCrawl,"Average street ends at the central city square in the fortress gates Orta Kapu (in translation from the Tatar ""middle gate""), where architectural monuments are concentrated, reflecting different stages in the history Calais.","Середня вулиця закінчується на центральній міській площі біля кріпосних воріт Орта-Капу (у перекладі з татарської «середні ворота»), де зосереджені архітектурні пам'ятки, що відображають різні етапи історії Чуфут-Кале."
ed6fecded4842331ec5c,59e9d3c51b9f01bd82a8606d833151f5d280b1cd,ParaCrawl,"Indirectly, because of those who shot down the plane.","Побічно – з вини тих, хто збив літак."
6549c71023e5c1c514e4,4947d3d498ed5765c61ca92ffb9913b262024eaf,ParaCrawl,Use the comfortable and feature-map to identify the location of the required firms in Ivano-Frankivsk .,Користуйтеся зручною та багатофункціональною картою для ідентифікації місця розташування необхідних фірм в Івано-Франківській області.
590efa6abab26814a049,7e2a4ff9d24e0ed97bbdaeb8d000303ade385822,ParaCrawl,"Zigokaktus, rozhdestvennik, Decembrist, Schlumberger – all the name of the same well-known to all plants that bloom at Christmas.","Зігокактус, різдвяник, декабрист, шлюмбергера – все це назва однієї й тієї ж добре всім відомої рослини, яка цвіте на Різдво."
c615ee621db267b85ebb,01a7e25c1b70aaf55be540de83462dc4ebfd90ce,ParaCrawl,"It is one of only a handful of Native American languages with over three million speakers.[1][2] Aymara, along with Quechua and Spanish, is an official language of Bolivia.","Це одна з небагатьох індіанських мов з числом носіїв більше мільйона чоловік[1][2] Аймара, разом з кечуа і іспанською мовами, є офіційною мовою Перу і Болівії."
09f0c0c7fc14ed0e0d37,c377eb8ff288faab7853b1f9f6b8c8013ce2711b,ParaCrawl,Johannesburg - Goa,Дніпропетровськ - Гоа
25f3ce5f55b13d3c4249,333b3a84c35ff52f6ec3f3e6a9ce6ff8c609cfee,ParaCrawl,"18 And so comforting them with these and other words, he gave the good news to the people;","3:18 Тож багато навчав він і іншого, звіщаючи Добру Новину народові."
526efba9e1df00a24a5a,6d57b5d755d5d60b6e775a8a7bb8b9c69973181d,ParaCrawl,Every event is happening in a specific place and time.,Будь-яка подія відбувається у певний час та у певному місці.
c3187fe6a6be20c597a5,fe335617af357b4a31bba8b91b7c74f038d541d0,ParaCrawl,"We provide legal support at every stage of a renewable energy project, from the consenting and planning process, through to the construction, financing, operation, maintenance and ultimately their refinancing or disposal.","Ми надаємо юридичну підтримку на кожному етапі проекту, від планування та погодження проекту до будівництва, фінансування, експлуатації, ремонту та обслуговування, а також рефінансування чи продажу на кінцевому етапі."
3f1069363875cdd031ee,ff4faae044cc1038409d8cab5eaec7983906a4db,ParaCrawl,"58:9 Then shall you call, and the LORD shall answer; you shall cry, and he shall say, Here I am.","9 Тоді кликати будеш і Господь відповість, будеш кликати і Він скаже: Ось Я!"
7b3f3bb7a581efe5ffb9,9237841c3325714d47158c045c9773e538fd988b,ParaCrawl,six thousand eight hundred one,двісті одна тисяча дев'ятсот одинадцять
d96d983b65b7f972b3c4,635dfcd33fff0c96f473dc83aa88a2e52f901800,ParaCrawl,Weather and meteo conditions on Saturday 24 June in Colomadu,Погода і метеоумови в вівторок 24 Жовтень в Джатен
11b1a353d86f253982e2,129e11df90b0ad148cc98c909bad37be51ab236e,ParaCrawl,Performance at the Summit of the Ministers of Fuel and Energy of CIS countries (2010);,Виступ на саміті міністрів палива та енергетики країн СНД (2010 рік);
62c8a7f04e46ae3a7930,86a494e92fcd802d0aa2d9f694bd61ede741a6fe,ParaCrawl,Experiment with colors and designs!,Експеримент з квітами і конструкціями!
deb7e4f26d5f7958a629,f52284394545299528da755e96295f6d9123764a,ParaCrawl,"For that price owners offer a standard «studio» with comfortable conditions, even with Wi-Fi and cable TV.","За таку ціну власники пропонують стандартну «однушку» з комфортабельними умовами, навіть з Wi-Fi і кабельним TV."
2144ebc1d4efd441488f,1f302d3672cbabea5a46c02c6fd156c344891270,ParaCrawl,Mosquito bites in children: what to smear,Комарині укуси у дітей: чим мазати
390fa2d7697c6f522ab6,0c1b48e8b403d48f171995b5ff9a9a3817ba6249,ParaCrawl,"during the night the air temperature drops to +21...+25°C, dew point: -6,87°C; precipitation is not expected, gentle breeze wind blowing from the south-east at a speed of 14-18 km/h, in the sky, sometimes there are small clouds","вночі температура повітря опуститься до +17...+21°C, точка роси: -11,58°C; опадів не очікується, ветeр помірний, що дме з північного сходу зі швидкістю 5-6 м/сек, небо чисте"
bcfd9a09e5d298e3b5d4,59f8c61bda6261f7b1aa80d9d0229df7df1c2186,ParaCrawl,"17. Doyou help your mother tocook dinner, supper?",Він прийде сьогодні ввечері?
1fdbd16a8338f213d8d3,dfefa546f2d36f5750812d773aa7ecb3eed57ae4,ParaCrawl,3. Why does the volume of the n2 machine affect the altitude?,3. Чому обсяг п2 машини впливає на висоту?
195c75d6108502393c90,a85fe9311b3d8819b5b98a750664b73d9e29062d,ParaCrawl,1. a step-by-step tourist guide on most of the tourist destinations situated in the community of Hollywood,"Екскурсія науковим музеєм Школа науки ""Нова Енергія"""
278eec9816e0b941f905,2dcacf10c6f6c733ec2a15228a0e36404c4751a4,CCAligned,"Agency ""Brevis"" will not accord services with some tickling of nerves.",Агенція «Бревіс» не надає послуг із лоскотання нервів.
49f631edd7a2ad140425,0d5f33e21768ee8cfad43f24e3c3feb93e59995a,CCAligned,"Kiev obl., Vasilkiv city,","Київська обл., м. Васильків"
e3ab34d777018c6ec867,41f1856032999b9febf9bd4cac37294d162f2ac9,CCAligned,"Please, send your request to e-mail or fax, make sure it is receiving.","Просимо вас, надіславши запит на електронну адресу або факс, переконатись в його отриманні."
7f405248f4bff28a4213,b9bc681457faf51e41e8b6c34b473380b17f5975,CCAligned,"Products catalog : Bio-metro, TOO : ALL.BIZ: Kazakhstan","Каталог товарів : Bio-metro, TOO : ALL.BIZ: Казахстан"
8f2aad036299e66d5f45,f2495270b5001f07a43db9f8880dd5d61e517350,CCAligned,The acid balance of saliva can change and affect their conditions.,Кислотний баланс слини може змінюватися та впливати на їх стан.
c8515d7f65b0620479dc,3227f40af459a36c826a4cddeb69527879ab9035,CCAligned,to improve microcirculation of blood in tissues and organs;,для поліпшення мікроциркуляції крові в тканинах і органах;
d9159bbd965895f66794,cc0b4511f2a4459bd8c219f11b7f4573f9d5fee7,CCAligned,US SOI Program or Star Wars: Main Cold War Bluff,Американська програма СОІ або Зоряні війни: головний блеф Холодної війни
45a7053915a6f99a8d9c,f32027460d1bc7e18f5257e1a0be16f93f4a43be,CCAligned,"We offer discount car rental, car hire in all major cities of Kuwait",Ми пропонуємо прокат автомобілів зі знижками в усіх великих містах Кувейт
c7ab0ccc47e300c2850f,02702a4c04e3923f7300523b42d2171d6e82d01c,CCAligned,"How could a handful of peacekeepers stop the killers? In addition, the soldiers were shackled by an observant mandate strictly regulating the use of firearms.","Хіба могла жменька миротворців зупинити вбивць? Крім того, солдати були скуті наглядовою мандатом, суворо регламентує застосування вогнепальної зброї."
cf047e8889d21148dfb4,5884b921b6045758e688dd8a4503bb7dedc6ced2,CCAligned,“All at Once” discount is the best offer for those willing to get maximum of skiing for minimum of money. Purchase these discount skipasses during the campaign time and save over 60%.,"«Все й одразу» - найкраща пропозиція для людей, які хочуть отримати максимум катання за мінімальну ціну. Придбайте абонементи на катання згідно акції та заощадьте більше 60%!"
b7b4715cee5e3faf9d78,ec04ac095b60d9a0b31f0b5d72a214a60f127ef7,CCAligned,Importantincentive to increase production has become a method of mass distribution conveyorproduction.,поштовхом до зростання виробництва стало поширення конвеєрного методу масового
afbab1106bd00d9228ad,960d1593ec061fe57d84db73f882d00e51fa155e,CCAligned,honey — 2 tablespoons.,мед — 2 ст. ложки.
fe7357640086e745915d,a65f271f1ab821b4b97bf7c9dc7990c01ac1903b,CCAligned,"In order not to bother with all the complicated settings, after a full day of testing, I chose to install Android x86 on the USB stick, just like I installed Android on my PC's hard drive.","Щоб не турбувати всі складні налаштування, після повного дня тестування я вирішив встановити Android x86 на USB-накопичувач, так само, як я встановив Android на жорсткому диску комп'ютера."
87f607a22f8f46f539c7,cba06a1baab78294bf4dbee0b04fc9475c662e89,CCAligned,Embarrassed young guests ...,Зніяковіли гості молоді ...
f76fa96b890a769c11e6,9ccc67e37a2df75b8227904c2d88832b44550399,CCAligned,⇒ Rent a Honda Accord in Kiev cost from $ 50 • The best prices for car rental throughout Ukraine.,⇒ Оренда Honda Accord в Києві вартістю від 50 $ • Кращі ціни на прокат авто по всій Україні.
8346f9beb73a5ff6a703,af1c0eeb0a6ca8aa3d40a647071b3ed9704e27a3,CCAligned,"Wooden objects, for instance, likely to be from the eastern Mediterranean, have been found at the site. But most important are the more than 45 official seals from different nations, including Ancient Egypt.","Наприклад, знайдені під час розкопок вироби з дерева, ймовірно походять зі східного Середземномор'я. Проте найголовнішою знахідкою стали 45 офіційних печаток із різних країн світу, у тому числі зі Стародавнього Єгипту."
f7764abdc76048adfcbd,ee9c49bb95a22783949484f1f2238841f9926704,CCAligned,Steiner Janine says:,Штайнер Джанін :
42f7935e677556ced27e,92a6a1086db5b6839414653ca40d11353663cf6d,CCAligned,automatic coffee machines;,автоматичні кавомашини;
92ee35a5e115d9ac53b6,ed5384a7dc743ee6f738c279ba62d015f5866870,CCAligned,Electroplate parts,Electroplate частини
d12dfefa226626250290,f8ef1514d27eebd8eeb59122f81ac8c40dec459b,CCAligned,Application Download:,Завантаження програми:
50c5a9cdf16f0dcca428,fab4c1d710aa379521f9b11c53c233d44cb30723,CCAligned,It is best for nursing mothers to mix crushed grains into boiled and finely chopped vegetables. Animals will eat such food well and produce a large amount of milk rich in lactose and fat.,Годуючим матерям найкраще підмішувати подрібнені зерна до вареним і дрібно нарізаним овочам. Тварини будуть добре є такі корми і виробляти велику кількість багатого лактозою і жирами молока.
0d8858b197f8362efeef,ae783a5ee74a975c46411b99e77b93beafe3ef0b,CCAligned,Website: https://www.ivion.net,Веб-сайт: https://www.ivion.net
5585ad14404bf821af69,81c58f46e907b6b04fa92607d09e5df331251203,CCAligned,The original pattern wallpaper perfectly with the dishes in the kitchen,Оригінальний малюнок шпалер ідеально поєднується з посудом на кухні
e625f527d037013845a4,54359003d63c21718a1bb2cdffd612ed5a36665b,CCAligned,Airport hotels (267),Готелі поряд з аеропортом (267)
fa641a572c1aaf1d6222,c0c98b9e3b09f1e6802dbc745373568ccb6a6f57,CCAligned,Ukrainian Quality Association conducted a workshop on the results of the 8th All-Ukrainian Congress on Quality,Українська асоціація якості провела семінар-нараду за результатами 8-го Всеукраїнського з’їзду якості
9eceaa366e1d15b2011c,5a410f62cf45825abe4d5b1916fce0c9f52a4fc2,CCAligned,Anywayanyday offers a convenient search for flights to Abadan: we help find a flight and book a ticket for a chosen date.,Anywayanyday пропонує зручний пошук дешевих квитків в місто Абадан: допомагає підібрати рейс і забронювати квитки на літак на потрібну дату.
dda8623fa5238fe2d8a3,9f19bdf601078d43ede28b32cbfa7259ff639f7f,CCMatrix,"As for the underlying principles, there are considerable changes between the previous research framework programme FP7 and Horizon 2020.","Що стосується основних принципів, існують значні зміни між попередньою дослідницької рамковою програмою FP7 і програмою Горизонт 2020."
3ea1c23ff7599f5e11ac,178e12ac4d79fee78aff341a112d5c260b42dc83,CCMatrix,"If you follow the news about the physics of the Universe, then surely at least once, but faced with the term ""power absolute black body"".","Якщо ви стежите за новинами про фізику Всесвіту, то напевно хоч раз, але стикалися з терміном «сила абсолютного чорного тіла»."
36b6a1be18e786fe9784,db44a1f6c012abacaf118010fb999753b20e2497,CCMatrix,"Currently, JANOME produces the largest, in comparison with other brands, number of computer sewing machines.","В даний час JANOME виробляє найбільше, порівняно з іншими брендами, кількість комп'ютерних швейних машин."
756c7e565ac7e84f050f,57e60fd0f3c2bc5db981932029e4cb61aaee3973,CCMatrix,"Even if the building is indeed planning to build, often in such firms do not keep records of sold apartments in the future house.","Навіть якщо будинок дійсно планують звести, найчастіше в таких фірмах не ведеться облік проданих квартир в майбутньому будинку."
4336490120d6a0275fa1,54aa3ca2cf245aa80e7f475c028576564d919adf,CCMatrix,"Non-formal education achievements are usually difficult to certify, even if their social recognition is increasing.","Досягнення позаформальної освіти, як правило, важко оцінити, навіть якщо її суспільне визнання зростає."
9f7f910304b5c3b0e270,aacfaac7dff68ea81e60e5b10cdf425353e106cd,CCMatrix,Description of the room: Standard room category is perfect for accommodation of one or two guests who appreciate comfort and coziness.,"Опис номеру: Номер категорії Стандарт прекрасно підійде для розміщення одного або двох гостей, які цінують комфорт і затишок."
b5172a237a2aa2039792,61fc044c8f25ed4254827befd0acb42e099e1f7e,CCMatrix,"It is assumed that during the meeting, the DPRK leader will try to enlist the support of the Russian president to put pressure on Washington.","Передбачається, що в ході зустрічі лідер КНДР спробує заручитися підтримкою президента Росії, щоб чинити тиск на Вашингтон."
caf2e339fcf1fa37faa8,fce9c9a4e18368663e9fbafb6a9a8f2974c6b7dc,CCMatrix,We cannot forget that both agreements were signed for fifty years on conditions that are extremely disadvantageous for Ukraine.,"Ми не забуваємо, що обидві угоди підписані на п’ятдесят років на вкрай невигідних для народу України умовах."
e8f2cf0d96fa1b51c026,45725dce134a1b9ae520af8be765659d74e0131f,CCMatrix,"This type of honey insect was placed in the 60 years of Soviet beekeepers and drew his peace-loving, frost and hard work.","Цей вид медоносних комах був виведений у 60-ті роки і привабив радянських пасічників своєю миролюбністю, морозостійкістю й працьовитістю."
45be10171581316e5fa0,4f2ba5ffe538add7e52f92167766cc9d05244c1a,CCMatrix,Bruning suggests eating mindfully and stopping when you’re satisfied — whether you’re eating an apple or chocolate.,"Дієтолог Торей Армул рекомендує їсти усвідомлено і зупинятися, коли ви задоволені - неважливо, їсте ви яблуко або шоколад."
0fd6468fc987574be67b,3f4c40a5476e647e9e45c3438f7495763f53bf32,CCMatrix,"“BROWDER: Well, let’s say the first eight or 10 years of Putin’s reign over Russia, it was about stealing as much money as he could.","Браудер заявив, що Путін за ""перші 8-10 років при владі в Росії вкрав стільки грошей, скільки зміг""."
fd2052916dc2e62bf442,a14ace772e89d5deebd039d70b74022caf520fc2,CCMatrix,Security and safety on campus is a very crucial issue and an important priority at schools and universities across the world.,Безпека кампуса є суттєвим питанням та основним пріоритетом у школах та університетах.
fee0f3b6c303b294deea,00dc945f2fa14ffab7869c3c25ab6584848aa316,CCMatrix,"After immigrants are added in, according to that 2014 report, the number of living U.S. baby boomers was back above 76 million.","Додавши до них іммігрантів, згідно зі звітом число живих американських бебі-бумерів перевищить 76 мільйонів."
649c766f19a13b0a2fd4,652de0de7fc7cd9d37db245fa24234522edcbd6e,CCMatrix,"""Many years ago, I chose Australia for my wedding to a wonderful woman for whom I have so much love and admiration,"" Elton wrote.","""Багато років тому я вибрав Австралію для свого весілля з прекрасною жінкою, до якої я відчував величезну любов і захоплення."
f61db458e8ff463d5be2,a7d23488534cae8614df41319066d2fd3c06204d,CCMatrix,"The singer’s debut album “Coco” was released in 2007 and was led by the singles “Bubbly”, “Realize” and “The Little Things”.","У 2007 році дебютував її альбом ""Коко"", до якого увійшли хіти ""Bubbly"", ""Realize"", і ""Little Things""."
95fe1fc4d1e6c7376b26,cf29b610c6c5040cdb7393a14f39f2a24488cb2f,CCMatrix,"It is understood that the definition of the term ""insolvency"" must be determined by national law and practice.","Встановлюється, що термін ""банкрутство"" повинен бути визначений національними законодавством і практикою."
d913de1b72f554e913ad,f87324153a2acf43bd5dc5e586b085fcd145b12c,CCMatrix,"Indeed, the country occupied by Scythians now (i. e. the steppes near the Black Sea—aut.) originally belonged to Kimmerians, as it is told”.","Дійсно, країна, яку займає тепер скіфами (тобто Причорноморські степу - авт.), Спочатку належала, кажуть, кіммерійцям."
12e57cbcf1549f07ff7e,bef75d2c9408b4ce24a22a1a6d066fa3090658d0,CCMatrix,"​By the late 16th century, the silver from the Spanish colonies in the Americas accounted for one-fifth of Spain’s total budget.",До кінця 16 століття срібло з Америки становили одну п'яту від загального бюджету Іспанії.
b7f3fb5ed8bafd3424c0,7c7ab4e103686c9ccf92d778c30a725c069dff02,ParaCrawl,Break down the language barrier - translate voice and video calls in 6 languages and instant messages in over 50.,"Подолайте мовний бар’єр: перекладайте голосові та відеовиклики на 6 мов, а миттєві повідомлення – на більш ніж 50."
db9375db2d90507d93a7,db4b9fef2301ff14232e211e4ec39d0e16ef78a9,ParaCrawl,"Note that Armend Dallku captain, who for family reasons Poltava missed training phase, from tomorrow starts to work in the general group.","Відзначимо, що капітан команди Арменд Даллку, який за сімейними обставинами пропустив полтавський етап підготовки, із завтрашнього дня приступає до роботи в загальній групі."
b870303f05f90538de28,f3832ead0cd14256218b1939559a7cb40d8285c7,ParaCrawl,"King Michael promoted in the western chancelleries, as a special ambassador, Romania’s accession to NATO in 2004 and to the EU in 2007.","Міхай також просував, як спеціальний посол, у великих західних канцеляріях вступ Румунії в НАТО в 2004 році і ЄС в 2007 р."
9a9ccbb4a70de2d3289c,92e5b317d582e26a3db7ce9acd6add396cd6625c,ParaCrawl,"If we talk about the reaction of the fetus to such moments, the allergic reaction rarely occurs in the mother and the baby at the same time.","Якщо говорити про реакцію плода на подібні моменти, то алергічна реакція рідко виникає у матері і у малюка одночасно."
a848f2ed018502a18eec,fc4602bebc097c19ad4fc7d08ce38bf226c5c8cc,CCAligned,"You may use any unused port from 0 to 65535, but you should use a high port number, something around 5 digits should work fine. (ie 3000X)","Портом може бути будь-яке ціле дійсне число від 0 до 65535. Деякі порти з цього діапазону можуть бути зайняті іншими програмами-серверами, безпечніше всього узяти вишепредложенние, зазвичай вони нічим не зайняті."
5595528e0964ef731074,44aa3ada83e93c96a29df7c70643464989def052,MultiMaCoCu,"Knotweed herb helps to normalize metabolism. Horsetail herb has a diuretic, anti-inflammatory, antispasmodic, tonic properties.","Рекомендації щодо застосування: для нормалізації функціонування сечового міхура та сечовивідних шляхів, має м'які сечогінні властивості."
33d416cb984b2c379aa8,56262c2458844a97ea7c11eb4842e77bbafa9986,MultiMaCoCu,"If there is a such a desire, but there is no way we can restrict, for example, bar reception, which will make the interior more interesting.","Якщо є подібне бажання, але немає можливості, можна обмежитися, наприклад, барной стійкою, яка зробить інтер'єр більш цікавим."
14e2c0b95bf8ab21dffc,f84a1df26ae7c4a7aef3f160d09391adc231a29b,MultiMaCoCu,"According to KIIS data, the quantity of Ukraine's Internet users made up only 1% of adult population in 1997.",За даними КМІС у 1997 році користувачі Інтернету в Україні складали всього 1% дорослого населення.
aaa6e4e3b59f6f74ed40,47b94a5a5aa8986e726bab69304cb0c7ca1e82e0,MultiMaCoCu,"With so many ways of looking at price, it is no wonder that marketing managers find the task of setting prices a challenge.","Існує багато точок зору на ціну, тому не дивно, що ціноутворення для маркетологів представляє важку задачу."
fa645d75ba506c7ce9b9,973373b20d6219e003b8de9fc46c1c9d399cff47,MultiMaCoCu,"In addition, it is reported that the Kurds demand the release of their leader Ocalan and thousands of his supporters who are in detention.","Окрім цього, повідомляється, що курди вимагають звільнити свого лідера Оджалана і тисячу його прибічників, які сьогодні ув'язнені."
d7c1a945fc868a07567f,f7dccbe1e84b38eba44498f533b54578a566e5eb,ELRC-5183-SciPar_Ukraine,The purpose of this work is to determine the characteristics of emotional intelligence of future psychologists.,Метою даної роботи є визначенні особливостей емоційного інтелекту майбутніх психологів.
c55d84c378a356e5219f,f7fc3aae0e8e4400424b07ada80e7fea000dc284,CCMatrix,"However, in the survey, 81% of EU citizens who travel to another Member State claim not to have received this information.","Проте, за результатами опитування, 81% абонентів, які подорожували з однієї країни ЄС в іншу, такої інформації не отримували."
db5490f8f01e9be4ef93,48fb6f3b463fc32589f786bea14d21db376b9748,CCMatrix,"The world has not always been good to you, and you are losing more than you receive, and now no longer have the inspiration to do it again…","Світ не завжди був добрий до вас і ви втрачали більше, ніж вигравали, а зараз немає абсолютно ніякого натхнення, щоб спробувати знову."
450cb1720fce310492b8,e12727176863bb88b59bf8219d8f5bad218ce7f1,CCMatrix,"In favor of this version is the Egyptian cult of the dead, their worship of animals and inanimate objects (fetishism).","На користь цієї версії виступає єгипетський культ мертвих, їх поклоніння тваринам і неживих предметів (фетишизм)."
1819cf7da426448abcd4,7cd3a49adb177fb9b8b4c5526fdb69727423b4d2,CCMatrix,"Rising sea levels and increasingly extreme weather events will destroy homes, medical facilities, and other essential services.","Підвищення рівня моря і все більш екстремальні метеорологічні явища будуть руйнувати будинки, медичні заклади та інші основні служби."
b56d3cc7bd6e23a0c9fd,8d190e88d9b6a74efff4718b5a98195b22144378,CCMatrix,"For example, the International Union of Youth may be required to disclose information on the basis of a court order, summons or order.","Наприклад, Міжнародний Союз Молоді може зажадати розкривати інформацію на підставі постанови суду, порядку або розпорядження."
9d04f0e9115423878d50,db9c7ed78c8080f447f0ddc3550c54d31be5302e,CCMatrix,"When we recycle, used materials are converted into new products by reducing the need to consume natural resources.","Коли ми переробляємо, використовувані матеріали перетворюються на нові продукти, що зменшує потребу в споживанні природних ресурсів."
59e9114a28202178295d,1bfc8183fbad465933d2b7a97af2a5d507875502,CCMatrix,Having dominion over the animals should entail a humane management of them as the resource God has ordained them to be.,Влада над тваринами має включати гуманне управління ними як Божим ресурсом.
e4fbef90c2c2bebbe5e0,5d95c057b60c364b1a82da138e5ef7c4ef04a9de,CCMatrix,"Unlike Doom, which was initially only available through shareware and mail order, Doom II was a commercial release sold in stores.","На відміну від Doom, яка поширювалася за shareware-схемою за поштовими замовленнями, Doom II продавалася в магазинах."
b9ddb14b685f8b192976,26c03910f32938b434f4ad6e3b0be03ed919e77a,CCMatrix,"Working with a variety of training programs not only to train memory, but also significantly improve the level of English proficiency.","Робота з різними навчальними програмами дозволяє не тільки тренувати пам'ять, але і значно підвищувати рівень володіння англійською мовою."
b4b38e6b59084cfb8611,b8290e28e6b1a148f4e6abc6feb29d472ce44e83,CCMatrix,The document promotes creation of a modern and effective system of prevention of fires and emergency situations.,Документ має сприяти створенню сучасної та ефективної системи запобігання надзвичайним ситуаціям і профілактики пожежам.
063f02e12e8e5d563548,49c8742029c9794b1d7950e994a53d161209c413,CCMatrix,"In addition, truck drivers can't work more than 60 hours within a 7-day period or 70 hours within an 8-day period.","Крім того, водій не може працювати понад 70 годин за період 8 днів або 60 годин - за період 7 днів."
179339269e37866cd4ae,ba79bc783bd4e6f9f220ef0e6c4a488bfb039060,CCMatrix,"To quote Founding Father Thomas Jefferson, “The Constitution of the United States is the result of the collected wisdom of our country.”","Томас Джефферсон, третій президент США, сказав: «Наша Конституція – це результат мудрості всієї нашої країни»."
bfd83cc6cc4d6158b479,a26f0b811d47c0fc1e7a77c301d38d218bf14534,CCMatrix,The XC90 is the first car in the world with technology that features automatic braking if the driver turns in front of an oncoming car.,"XC90 — перший у світі автомобіль, оснащений автоматичним гальмуванням, якщо водій повертає перед зустрічним автомобілем."
bd0e2b4c644c51b594ad,6c9e7d2fa0285d6d37d544668d123babee75114e,CCMatrix,"An 8-passenger gondola will connect town of Pale and the ski resort, and open up 15 km (9 mi) of new ski runs.","8-пасажирська гондола з'єднує місто Пале та гірськолижний курорт, відкривши 15 км (9 миль) нових лижних трас."
b8bb00d023198dd96244,4e688f477221591eddc9321ad965918c0eadf41d,CCMatrix,EU consumers could save €11.7 billion each year if they could choose from a full range of EU goods and services when shopping online.,"Європейські споживачі можуть зберігати 11,7 млрд щорічно, якщо вони оберуть повний спектр європейських товарів та послуг, використовуючи шопінг онлайн [3]."
b7fee2d257758f46cd50,8ac2a61feaf468196d5dda40c1a474d547c48c4b,ParaCrawl,"Electrical part includes the control panel with frequency converter, cables, ladders and the lighting system.","До електричної частини відносяться щит управління з частотним перетворювачем, кабелі, трапи і система освітлення."
1d83a8a6d711a919c087,a63f540c1b2350841bee6e25e2e0f183bfb06345,ParaCrawl,"In this article we will give direct quotes from the document, accompanying them in passing comments as information for further reflection.","У статті ми будемо приводити прямі цитати з даного документа, супроводжуючи їх попутно коментарями в якості інформації для подальшого роздуми."
086f556b0fde32e99d8f,42a62bfbfed48e41d139907288ad7a6e1cba4cd9,CCAligned,7. Not making a complete inventory of your personal property should in case a fire happens and you need to file a claim.,"7. Не роблячи повну інвентаризацію вашої особистої власності повинні в разі пожежі відбувається, і ви повинні подати заявку."
385023f1e219dd1e06c0,98056465db6021298ec82eadb4eccc0717fcb675,MultiMaCoCu,"Instead, the Polish-Lithuanian Commonwealth was considered to be a territory for missionary work and further movement to the East.","Приміром, Річ Посполиту розглядали як територію, придатну для місіонерства та подальшого руху на Схід."
fe1653e200291d3d20e7,f06fb255888634081cdd9a5d0144a00cafebb410,MultiMaCoCu,The second is to focus on your lesson so that there is no place in the subconscious for insignificant information at the moment.,"Друге – зосередьтеся на вашому занятті, щоб у підсвідомості не було місця для незначною в даний момент інформації."
6d9e82413a761e60c565,1ea361a005c13f54e855a8adaeed87b219554e88,MultiMaCoCu,Executive director Federation of Metallurgists Pritomanov Sergey believes that pay in UAH will be beneficial to importers.,"Виконавчий директор Федерації металургів Сергій Притоманов вважає, що розраховуватися в гривні буде вигідно імпортерам."
2f01b9f714baf87730ac,b282cd5ebb4ba4ca14c40fbce0f4f8088ec0e43f,CCMatrix,Not yet reported on the number of people who were in the bus at the time of the incident and possible injuries among the passengers.,"Поки не повідомляється про кількість людей, яка знаходилася в автобусі на момент інциденту, та можливе поранення серед пасажирів."
b549c97b2d383a924ad1,cafbd1d1cea476ba80d570e1d141368293dd41e1,CCMatrix,"At the same time, nothing locally does not exceed the speed of light and space can expand and contract at any speed.","При цьому ніщо локально не перевищує швидкість світла, а простір може розширюватися і стискатися на будь-якій швидкості."
8359c1158b9ca373df33,67c72f06c8aba82cc2923c20acf1176b32883c03,CCMatrix,"In addition, Marx reacted negatively to the metaphysical views of Feuerbach, did not acknowledge the development of the world.","Крім того, Маркс негативно поставився до метафізичних поглядів Фейєрбаха, не який визнавав розвитку світу."
1d095195fa43ff04d601,a30c78347e1f308da9558cbf7d7b18355f00e917,CCMatrix,"In particular, these reviews are another indicator of high professionalism of the actress in the field of porn industry.","В тому числі, відгуки дані є ще одним показником високого професіоналізму актриси у сфері порноіндустрії."
5ac3d4893db19c944484,7b18ff8ae46be6fcbf61e8d511079747eb75dd83,CCMatrix,If you decide to engage your team in some competition make sure it stays in the realm of fun and not cutthroat.,"Якщо ви вирішите залучити свою команду в якесь змагання, переконайтеся, що воно залишається у сфері веселощів і не переходить у «різанину»."
0a4ce7c2eb31d915c3eb,8776aef5ecdbb5e562aa4b3da4fbfafc0b9189f0,CCMatrix,"""This systematic review provides very little evidence of an overall benefit of vitamin D supplementation on bone density.",Цей систематичний огляд надає дуже мало доказів на користь позитивного впливу добавок вітаміну D на щільність кісток.
b203fed72d65ac350741,2fbecbcb8f5d53fef3053fc938e9236ed434f3bd,CCMatrix,"Earlier in the day, a mass protest, which is expected to last for over a month, started along the Israeli border.","У п’ятницю масову акцію протесту, яка триватиме протягом місяця, почав вздовж ізраїльського кордону."
618454047998f81298f2,e1b8a5138e8ace5ee8ba7012e2427252fd2f961f,CCMatrix,Speakers of the forum noted that in Ukraine the topic of cyber security over the past three years has made a significant progress.,"Заради справедливості слід зазначити, що в Україні тема кібербезпеки за останні три роки набула значних зрушень."
44c48737ca07f7301c73,89339c19783627e5c16b618d62dad3df29e35389,ParaCrawl,"In order to be able to buy cheapest air tickets from Buffalo Range, just follow these simple recommendations.","Для того щоб знайти і купити квиток до міста Буффало Рендж за максимально вигідною ціною, радимо дотримуватися наступних простих рекомендацій."
97ef137f38b00ab9a2b3,40f454aebc8d49af509f9bbf3a421ac91714b0e1,ParaCrawl,"To change whether rows or columns are plotted as data series, click one of the buttons at the top-right corner of the table.","Щоб визначити, чи потрібно зображати рядки або стовпці як серії даних, клацніть одну з кнопок у правому верхньому куті таблиці."
0b0833b73d97164b29a8,ddf0b2cf4f64be17348cd42e98d3730b2f17c58c,ParaCrawl,We hope that this article will be useful in the preparation and self-construction of a sauna made of bricks.,"Ми сподіваємося, що ця стаття буде корисна при підготовці і самостійному будівництві лазні з цегли."
dbd2c86f358d06677de9,6ef6859817c33ce96e2650cf4d7f7849b674e793,ParaCrawl,"The fact is that not every ""extension"" has the right width to accommodate a full-fledged bed, and few people will want to sleep crouching.","Справа в тому, що не кожна «прибудова» має потрібну ширину, для розміщення повноцінної ліжка, а спати скорчившись мало хто захоче."
fdc96c81d1eb269a3b0b,80d2b98c9d0b2a9d8281c213f10a117dd897c3e1,ParaCrawl,"It is located in a central residential area, just 5 minutes walk from Paseo de Gracia, Plaza Catalunya, the Gothic quarter and La Rambla.","Він розташований у житловому районі, всього за 5 хвилин ходьби від проспекту Грасія, площі Каталонії, Готичного кварталу і вулиці Ла-Рамбла."
d361e27349fd995d9992,3d4cd2afc234e72acc403077ba1e008e92e9e297,ParaCrawl,"Third, here is a life hack: a flight is significantly cheaper on Tuesday or Wednesday than on any other day of the week.","По-третє, у досвідчених авіамандрівників є такий лайфхак: купити квиток до міста Гренобль буде значно вигідніше у вівторок або середу, ніж в інші дні тижня."
2eb02020733fc7f59c43,bdbf2c0998b3fbfdd8a4411ffdb59eaed63a594c,CCAligned,1. We employ only experienced professionals in the field of design who have a wealth of implemented projects behind.,1. У нас працюють тільки досвідчені фахівці в області дизайну з великою кількістю реалізованих проектів.
bed3984d1eefea57843c,1a35ff973cb30fc33cc0f2cce2fda7e917091b66,MultiMaCoCu,"Many car owners try to do it on their own, without resorting to the services of specialists at service stations.","Багато автовласників намагаються зробити це самостійно, не вдаючись до послуг спеціалістів на СТО."
d83080325f8967091bf4,fe54daef77c9127bb9a300166ad1bfc4e45e1423,wikimedia,A researcher could correct for this imbalance by attaching a weight of 2.5 for each male and 0.625 for each female.,"Дослідник міг виправити цей дисбаланс, додавши вагу 2,5 для кожного чоловіка та 0,625 для кожної жінки."
17a8fcb46cf0156508e5,cee99f065364b5eee55a1eecdaa818a24f1381e5,TED2020,"I did, Peter, and I left him a note about it in our special place there, and I never did hear from him again.","Саме так, Пітере, я залишила йому записку про це в нашому особливому місці і ніколи більше не чула про нього звісток."
da715bda57a638916337,ed4670e4dd18f27addfc1dba2571bd391859ea97,CCMatrix,"In the business sphere, you need to exercise maximum caution, since many financial measures are doomed to failure.","У діловій сфері потрібно проявляти максимальну обережність, тому що багато фінансових заходи приречені на провал."
9c5257a4095fd321d69c,9ebb747e656c7adc349a3cfb466e9219550e4756,CCMatrix,"The prime numbers have been widely studied for more than 2000 years and have led to many questions, only some of which have been answered.","Прості числа широко вивчались впродовж 2000 років, було отримано відповіді до багатьох питань."
d69c6027e214727fa97b,8b7b60bc36b0cbcf47a6871303f92a9372dbbcd0,MultiMaCoCu,Your provider may advise certain medicines if you have NASH. These include vitamin E in people without diabetes or heart disease.,"Прийом вітаміну Е та тіазолідиндіонів (препаратів, що використовуються для лікування діабету, таких як Actos® та Avandia®) у певних випадках."
8ba9c4b2f48c6ddc2249,146a957459c8aee76a9e9095e0bc1e151282805d,MultiMaCoCu,Use a special removal tool and provide a link to the infected addresses so that these pages are not accessible to the search program.,"Скористайтеся спеціальним інструментом для видалення і вкажіть посилання на заражені адреси, щоб ці сторінки не були доступні для пошукової програми."
5ef6e18772347713fbb3,e528e9ee577051176561f237074d88bd4c8f3a60,MultiMaCoCu,"In the Lugansk Oblast, a police dog found radioactive objects similar to SKNA-22-2A ignition units from aircraft engines.","На Луганщині поліцейський собака знайшов радіоактивні предмети, схожі на агрегати запалювання СКНА-22-2А від авіадвигунів."
6f610c79c330c2db089b,0c9d97489eeb68514fc355e66901d0b7a6903969,wikimedia,"It is used both to advance on enemy positions as part of an attack, or withdrawal from current positions under attack by the enemy.","Тактика використовується як для просування на позиції противника в рамках атаки, так і для відходу з поточних позицій, які атакує противник."
57c67d5c017d5d209394,7725d4896be155d0ec8910ca4f0ce148d0c36e52,wikimedia,His government passed the Land Act of 1933 that allowed the money to be spent on local government projects.[7],"Його уряд прийняв Закон про землю 1933 року, який дозволяв витрачати гроші на проекти місцевого самоврядування.[5]"
c7bfd47dd3f7b577e29c,8ca9fb2dfe297f7582d71e26eafc3f9e60eba2db,WikiMatrix,"The narrator (Freddie Mercury) of the song encourages Sammy to pursue his dreams, telling him to ""spread your wings and fly away"".","Оповідач (Фредді Мерк'юрі) у пісні заохочує Семмі слідувати його мрії, кажучи йому: «розправляй крила і лети»."
bbdbe76375519065faf1,d17fe7dc215db3681a95f70629631c14043d0bdb,ELRC-5181-Official_Parliament_,The procedure for free privatization of land plots by natural persons is established by Article 118 of the Land Code of Ukraine.,Порядок безоплатної приватизації земельних ділянок громадянами встановлений статтею 118 Земельного кодексу України.
477d60b5af1c607cf72e,edd539bdcc431669f553e6c4277589b1ea5e51e8,ELRC-3043-wikipedia_health,"The Minister of Health, Vasilis Kikilias, announced that all carnival events were cancelled throughout Greece.",Того ж дня міністр охорони здоров'я Греції скасував усі заплановані карнавальні заходи по всій країні.
61fc289beb3a99eb0189,ffbc0059171d9e2ddec3a9837bc84ccbc0c1866e,CCMatrix,"Instead of trying to save some money, you should never choose a studio or artist based on how cheap they are.","Замість того, щоб намагатися заощадити гроші, ви ніколи не повинні вибрати студію або художник на основі, як дешево вони."
6ec267b2f50851166513,484f0e7a95deddfa9fee65d6b8f055567ebbb37d,CCMatrix,Born May 4 people need to monitor the level of their tiredness and remember that from time to time everyone needs rest and sleep.,"Народився 4 травня людям потрібно стежити за рівнем своєї втоми і пам’ятати про те, що час від часу усім потрібен відпочинок і сон."
12711c684f3d378f3570,969a0e4be3d045ab43f026fd4674ff8be3667296,CCMatrix,"If this world were a socialist commonwealth, an increase in population figures would be deemed an increase in the number of idle consumers.","Якби цей світ був соціалістичним співтовариством, то приріст чисельності населення вважався б збільшенням незайнятих споживачів."
eda26fb603bcea7e1569,d9afae27d4a669db6db9df99840b49f8404b5127,CCMatrix,It includes the shortest route when a longer one is unfeasible due to a high risk of message distortion or delivery failure.,"Він так само включає в себе найкоротший шлях, коли більш довгий шлях неможливий з-за високого ризику спотворення повідомлення або неможливості доставки."
a4b77f627583bd89d8ff,5b0d8cd6028cebb8e7ec2d96c42bebdbd0eb48d4,CCMatrix,"The restoration of the air defense system is one of the most pressing problems of the security and defense sector for our country"".","За його словами, відновлення ракетного щита ""є одним з пріоритетних завдань для оборони і безпеки нашої країни""."
775236a0ea3af5382f2f,1380b1bec36fe0c149ff921faafbe8d80373de80,CCMatrix,"If your piercing doesn't heal correctly or you feel something might be wrong, it's important to get medical attention.","Якщо пірсинг не заживає правильно, або ви відчуваєте, що щось може бути неправильно, важливо звернутися до лікаря."
bcd799f0b79481a1bddd,ec2c7041dfcc2136e9f3e70fee90c7a693e2120c,CCMatrix,Propaganda and management of information in the Ukraine-Russia conflict: From nation branding to information warMore info,"""Пропаганда і менеджмент інформації у російсько-українському конфлікті: Від національного брендингу до інформаційної війни""."
d898fccaaaf5692d1cdd,59ef22243a9b96be59d0e6e315d56e4b50b878c9,CCMatrix,Essex Police initially announced that the eight women and 31 men found dead in the truck container were Chinese citizens.,"Спочатку детективи вважали, що всі 31 чоловік та 8 жінок, знайдених у трейлері, були китайцями"
869e880bb86b098850da,9bdd4d3227b09012d62617a835f1621d03a5a551,CCMatrix,"And to improve the results, it is also recommended to use herbal infusions, green tea and drinking water up to 2 liters per day.","А для поліпшення результатів, також рекомендується вживати трав’яні настої, зелений чай і питну воду до 2 літрів на добу."
22eca22ca36deabaa54c,b7d093ea46ae1c7294264f7dc2a1c6c6e899a894,ParaCrawl,"And unlike all other menstrual cups, once it's inserted into the vagina, it unfolds automatically.","На відміну від інших менструальних чашок, як тільки вона вводиться в піхву, вона розгортається автоматично."
16d708c95a0e7bf88456,de4ee4032003f26d938d7fb74fb6f97f20248b44,ParaCrawl,"The single tube length is usually shorter than that of spiral corrugated pipe, which is restricted by the processing mode.","Довжина однієї трубки зазвичай коротша, ніж довжина спіральної гофрованої труби, що обмежується режимом обробки."
a782da844122f0229881,e75a883ec033cfcf63d7655a57f49bf0cddec3a7,CCAligned,"Round table ""The Life and Creative Way of Academician Lutsky Ivan Mikhailovich (on the occasion of the birthday)""",Круглий стіл «Життєвий та творчий шлях Академіка Луцького Івана Михайловича (з нагоди Дня народження)»
52f481eb8f630c0a27d5,078fa86ce322c15e986d1a6292253e4af7743f70,MultiMaCoCu,"Shock wave therapy is another effective method of treating epicondylitis, based on the action of acoustic shock waves.","Ударно-хвильова терапія - ще один ефективний метод лікування епіконділіту, заснований на дії акустичних ударних хвиль."
0c7f1a17b422ef1e6e31,95de24668f2b65cec1b72a0a9bff7df73582ae4b,MultiMaCoCu,The courts and the police needed clarification from the authorities on how to counter such socially dangerous actions.,"У судів та поліцейських виникла потреба у роз'ясненнях з боку уповноваженої інстанції, як протидіяти таким суспільно небезпечним діям."
680c612f316ce881e648,2b6989bc70019573a3b75312f47b68306af5ff71,MultiMaCoCu,"Inside there is a reinforced partition, a side pocket with a zipper, two small pockets for a phone and small things.","Всередині - зміцнена перегородка-кишеня на блискавці, бічну кишеню на змійці, два невеликих кишені для телефону і дрібниць."
ed17db97d88b2cefeab6,b5ffa3762de1fe8fafb40e8b714bf71c89b59deb,MultiMaCoCu,"Here you will find Homer, a donut lover, and little kids with unusual hairstyles, as well as the whole Simpsons family.","Тут тебе чекає і Гомер - любитель пончиків, і маленькі дітлахи з незвичайними зачісками, а також ціла сім'я Сімпсонів."
f7ece75274872e210814,270b08a7ea08a4beb47f7b609bc292955f212033,MultiMaCoCu,The peace action organized at the initiative of Turkish and Arabian national groups was surrounded by police officers.,"Мирна акція, організована за ініціативою турецького й арабського земляцтва, була оточена співробітниками міліції."
a12c63e8f4b296801be8,2e1e7f34bb62afbebde8c65c5148eafab1c4e1a2,MultiMaCoCu,"When submitting documents, pay attention to the reliability of data and the correct spelling of surnames, dates and other information.","При подачі документів зверніть увагу на достовірність даних та правильність написання прізвищ, дат та іншої інформації."
257a1f0247ce72b1aa1b,f01f7897f36e57c512c36b1100ace9b116fa09ba,MultiMaCoCu,"The result - osteoporosis begins, teeth are destroyed, heart pathologies, problems in urology are disturbed.","Підсумок — починається остеопороз, руйнуються зуби, турбують патології серця, проблеми з урології."
b40bd7222859adf66b71,a1b729309c513d171a2db27b1b3a7669495945d7,MultiMaCoCu,actions that may lead to termination of the protection title of trademark in accordance with the legislation of Ukraine;,"✔дії, які можуть призвести до припинення прав інтелектуальної власності на ТМ згідно із законодавством України;"
f79b71ee34f983740933,12f1c4c4947d425a72b823465ff4240baf3ec49a,MultiMaCoCu,"Pie was baked from pastry, that at baking in the form rose strongly, inflated a bubble and in the middle of it formed voids.","Випікався пиріг із здобного тіста, яке при випічці в формі сильно піднімалося, здувалося міхуром, а в середині його утворювалися порожнечі."
6f4cafb1629ee30482d6,390d0471342151d311fc972a316c7d7b38d26ff7,MultiMaCoCu,We got up at six because the forecast was for rain in the afternoon and we had to get to the top of Petros by then.,"Підйом був о шостій, бо за прогнозом після обіду мав бути дощ, а до того часу ми мали дістатися вершини Петроса."
95f5ef332f65f1fc0f73,aa09cb51995ec31c22afe242bf4e21ca74160066,MultiMaCoCu,"It was necessary to show the model as a creative and bright person, with good taste and extraordinary thinking.","У проекті необхідно показати модель як творчу і яскраву особистість, з хорошим смаком і неординарним мисленням."
8a35e67ad0bb344babbc,bc5e7bc9be67ef27d841f4a6f043973faf5b39e6,TED2020,"It's a false construct created by Nike -- ingeniously created by Nike, in the most positive sense -- to sell more shoes.","Ця штучна система вибудована Nike - зазначу, зразково вибудована - щоб продавати більше взуття."
f1c224207e7cb8157fea,5815e6bdc78ce8c9d41e18bc9afb93a135f82404,CCMatrix,"This year marks the 75th anniversary of one of the most horrific chapters in the history of the Soviet Union: the great famine the Ukrainians call Holodomor, “murder by starvation.”","Минула 75-та річниця одного з найжахливіших розділів в історії Радянського Союзу: великий голод, який українці називають Голодомором («вбивство голодом»)."
29301a8fd5d3c6f9cecc,cc29fdb2958da5e01b5a71d8d5b1f3a7f9fd5e36,CCMatrix,"If, as the page is lowered down the page, the information density does not decrease or, worse, increases (as, for example, in this article), then only a few of them stay on these pages.","Якщо ж у міру спуску вниз по сторінці щільність інформації не убуває або, того гірше, збільшується (як, наприклад, в цій статті), то на таких сторінках затримуються лише одиниці."
aeb5a344f700e645543c,a20200979e5c927efb791d4259d113a58f4892b2,CCMatrix,At the current time the radar near Armavir preparing for terminating the testing stage and will soon be adopted in order forces air and space defense.,Нині РЛС під Армавіром готується до завершальної стадії випробувань і незабаром буде прийнята в лад військ повітряно-космічної оборони.
c3b0a760efc494bf5292,caca07982ac72b3f55a56fb489167251f06b8ef7,CCMatrix,"The new 2018 Hyundai Sonata Hybrid will become available in the first quarter of 2018, with the Plug-In Hybrid version to follow in the second quarter of this year.","Продажі седана Sonata Hybrid стартують в першому кварталі 2018 року, а версії Plug-in Hybrid - у другому."
6ba7481f5f0b0c37c62e,79df7bab62ffb745bdc9e87f2482b08f901e2021,CCMatrix,"We place special emphasis on the geometry and shape, product and design processes, strength calculations and analysis, materials, computer-based modeling and simulations.... [-]","Ми приділяємо особливу увагу геометрії та формі, процесам виробництва та дизайну, розрахунками міцності та аналізу, матеріалами, комп'ютерним моделюванням та моделюванням. [+]"
caaed39a7033d8cb37af,2f44fdd541ec00dd6ffe6491379e55c695b602aa,CCMatrix,The selector may be replaced by another selection method which restricts the use of certain functions of the machinery to certain categories of operator.,"Селектор може бути замінено іншим способом вибору режиму керування або роботи, який обмежує виконання певних функцій машини для певних категорій операторів."
19a76700c2510d83f9f9,329d87edf417386a9c3b9d15697627d45c05915d,ParaCrawl,"However, there are materials showing that the proportion of UPS mainframe failure or abnormal operation caused by battery failure is about 1/3.","Однак є матеріали, які показують, що частка несправності основного кадру UPS або ненормальної роботи, спричиненої несправністю акумулятора, становить приблизно 1 / 3."
a590cc0623e35b400595,54c87a90352b20f6ca4fc95c13e9ba1ecb495749,ParaCrawl,"Some of my sweetest memories are of the hours spent in that old church with my little mates, with our testaments and lesson sheets held in our cotton‑gloved hands.","Я зберегла найсолодші спогади про години, проведені у тій старій церкві зі своїми друзями, з нашими Бібліями і листочками уроків, які ми тримали руками, вдягнутими у бавовняні рукавички."
6ae6291150d8382c9dd3,d7d655e2fd7ee25147dc507a4a59204ec4e2253a,ParaCrawl,The information generated by the cookies about your use of this website (including your IP address) are usually transmitted to a Google server in the USA and stored there.,"Інформація, яку генерує файл cookie, що стосується використання цього веб-сайту, зазвичай, надсилається на сервер Google у США і зберігається там."
d7a918eceedd95dcf2e3,a3a0b4f5dcb49f236698979ff0cc3d9f748d95f2,ParaCrawl,"There can often be considerable delay before the correct diagnosis is made, which may give rise to parental anxiety and sometimes to unnecessary medical procedures.","Це часто призводить до затримки вчасної правильної діагностики, що утримує батьків у страху і може зумовлювати проведення непотрібних медичних втручань."
f94a506c2fe6943c3d5d,2593dee954c8cac5a0eb06cb6a3b02e84a8580cb,ParaCrawl,The fact that the request related to the disposal of budget funds was defined as the main argument to provide access to such an information as it cannot be subject to restriction according to the law.,"Як основний аргумент юристи використали те, що запит стосувався розпорядження бюджетними коштами, а доступ до такої інформації не може бути обмежено."
54f89cb785526619a024,9941229aa7e80d782c5d311aa30675bcda0f1b93,CCAligned,"Do you know how the theory of six degrees of separation works? We invite everyone to test it in practice. The FLASH MOB is called ""I am for a creative society""!","Чи знаєте Ви, як працює теорія шести рукостискань? Пропонуємо кожній людині перевірити її на практиці. Флешмоб називається “Я за благотворче суспільство”"
e7cd6fdc55c268ef5a94,bfc50774e61caf07b807474548c6d59ccd2d0248,CCAligned,"9.4. The Agreement enters into force from the moment of payment for the Services in the manner prescribed by this Agreement, and is valid for the duration of the ordered service.","9.4. Договір набирає чинності з моменту внесення плати за Послуги в порядку, встановленому цим Договором, і діє протягом терміну дії замовленої послуги."
23915a711e527da3eaa6,68a06d320837fbdd8f15923b1aaa3d3eacc9386d,MultiMaCoCu,"This is unfortunately often different for every package you have a look at, but if you search the web for it, you should in most cases find it pretty easily.","Нажаль, ця процедура часто різниться для кожного окремого пакунку, але завжди можна скористатися пошуком в інтернеті, й у більшості випадків Ви з'ясуєте, що вона виявиться не такою вже й складною."
1e7955572df49570e0ae,1dc94c487b08670d480161be8764d281861a077b,MultiMaCoCu,"The summer terrace of the elite club ""5th Element"" restaurant is a small oasis for romantics and gourmands, connoisseurs of the authentic beauty of green Kiev and the tart taste of a bouquet of wines.","Літня тераса ресторану елітного клубу «5 елемент» - маленький оазис для романтиків і гурманів, цінителів автентичної краси зеленого Києва і терпкого смаку букета вин."
d14f40eb865fc9ab8847,33f2188c95655da47602f08b9ffa3a980cfc1897,MultiMaCoCu,"But to get a lasting effect and stop the use of alcoholic beverages, the patient will have to undergo long-term treatment for alcohol dependence in Ternopil:","Але щоб отримати стійкий ефект і зупинити вживання спиртних напоїв, пацієнту належить пройти довгострокове лікування від алкогольної залежності в Тернополі:"
343d1d99d8fb3f36c3dd,b1cc206d3fc3b4307829abb847b1bb50c7d1176d,MultiMaCoCu,"Many foreign higher education establishments pay a lot of attention to whether the enrollee participates in volunteer activities, has experience of work with interesting projects.","Багато іноземних закладів велику увагу звертають на те, чи бере абітурієнт участь в волонтерській діяльності, чи має досвід роботи над якимись цікавими проектами та розробками."
6ded7fbaea6e1f621717,9bf7ff5c3da76dca53b4e7ca2724d9b081c0b0a1,MultiMaCoCu,Visitors to our site ENERGY LINE INVEST can get acquainted at any time with the current exchange rate of the turkish lira to zloty in the National Bank of Poland.,Відвідувачі нашого сайту ENERGY LINE INVEST можуть у будь-який час ознайомитись з поточним курсом валюти турецької ліри до злотим в нацбанку Польщі.
d5263f5a5c965d08dcd0,e6a6842baeb1fc96ffd237522a86146605471e2e,MultiMaCoCu,Both actions were aimed to draw the authorities' attention to the deep crisis in Ukraine's state coal mining industry and the critical situation with miners' wage arrears.,"Своїми акціями і на центральній площі Червонограда, і на прикордонному переході Рава-Руська шахтарі намагаються привернути увагу чинної влади до глибокої кризи у державній вугледобувній галузі України та критичної ситуації із зарплатною заборгованістю гірникам."
0e56bf1d1079de6dd6dc,2a0f033f386a1e4bd19eb4959bab0028ae1321e3,MultiMaCoCu,"Such secondary steam is formed in the systems for removing superheated condensate of steam power plants and heat exchangers, with subcritical parameters of the working steam.","Такий вторинний пар утворюється в системах відведення перегрітого конденсату паросилових установок і теплообмінних апаратів, з докритичними параметрами робочого пара."
0aaab3d35a09dceb8883,677adf395cb4c964f89acb9108d72f86fc95a37c,MultiMaCoCu,"Being high-quality in every detail, combining smart up-to-date look with advanced vandal-resistance and great technological effectiveness this turnstile type claims the leadership within its class.","Елегантний сучасний вигляд, підвищена вандалозахищеність, висока якість і технологічність дозволяють цій моделі претендувати на лідерство у своєму класі."
a8290a7d7f941b94b342,f7d26966b73f3fff76cf79fc0de4cef3e0342f51,MultiMaCoCu,"We build websites which are easy to update and upgrade, so you have a possibility to provide your customers with only actual and correct information.","Рекламні сайти досить легко оновлювати і модернізувати, це дає можливість надавати клієнту завжди актуальну і точну інформацію."
f13f42d44348c1bf69d0,9d818771697852d0a94f432544a455303c756f63,MultiMaCoCu,"There are already printer models that can be placed on an office desk for printing mock-ups of volumetric projects, machine parts or jewellery.","Вже зараз існують моделі принтерів, які можна розмістити на офісному столі і друкувати макети об'ємних проектів, деталі машин або ювелірні вироби."
fdce4e06e68bf9f358b6,aee299c0550387d254e5a8ce1812dd15ec3ba4ff,MultiMaCoCu,"If time is lost, the price for caries treatment is always available and doctors will restore the functionality of the tooth in one or more sessions.","Якщо час упущено, для карієсу лікування ціна завжди доступна і лікарі за один або кілька сеансів відновлять функціональність зуба."
ef2a3d1d585f97856f18,645158b382da0ca76f04694cc31381764c12b260,MultiMaCoCu,"According to the preliminary results of 2020, the net profit of Credit Dnipro Bank amounted to UAH 252.3 million, which is 3.3 times more than in 2019.","За попередніми результатами 2020 року чистий прибуток Банку Кредит Дніпро склав 252,3 млн грн, що у 3,3 рази більше, ніж у 2019 році."
6446dd90963aeff8f3ab,615a0a094f28e6800020048d02a352f5fc818e72,MultiMaCoCu,Some results are considered regarding the occurrence of vibration diagnostic signals in individual nodes of electrical equipment using shock influences.,"Розглянуто деякі результати, що стосуються питань утворення вібраційних діагностичних сигналів у окремих вузлах електротехнічного обладнання за допомогою ударних впливів."
39f25780033c43b93a67,8dae8d322b96bbcfe767cad9c63b8703877c9314,ELRC-5183-SciPar_Ukraine,"At present, the doctors of the first level are not ableto organize and realize the entire complex of medical and social assistance in the ambulatory clinic at the proper level.",На сьогодні лікаріпершої ланки не в змозі на належному рівні організувати та реалізувати в умовах амбулаторії весь комплекс знадання медико-соціальної допомоги.
bf0b54fbc2cada65cdcd,d8eeba2e84f95c6267aababb9fabeae444756365,CCMatrix,Instead each of you do your best to write out future expenses for the kids (possibly as part of the financial statement for the divorce) and each pick expenses they will pay for.,"Замість цього, кожен з вас зробити все можливе, щоб виписати майбутніх витрат для дітей (можливо, як частина фінансової звітності за розлучення), і кожен вибір витратами, які вони будуть платити."
aba457bb237b2e87074d,8cd7bef753087ed357cab348f99677a5382384ab,CCMatrix,"Attempts by the Russian side to legally formalise relationships with separatist areas of Georgia are going to face reaction from the government, the state, and the people of Georgia.","""Спроби російської сторони юридично оформити відношення з сепаратистськими регіонами Грузії отримають реакцію з боку уряду, держави і народу Грузії."
9da9dca3507c6a5e340e,085df899259228b1b1ec5bc96fa6dc2ad1986703,CCMatrix,"In dozens of countries, on all continents, from the micro world of genetics to the star trek of space exploration, the genius of the Ukrainian people has gradually changed our planet.","В десятках країн, на всіх континентах, від мікросвіту генетики до зоряних шляхів космонавтики, геній українців усюди, крок за кроком, змінював планету."
bcc15f414a4bd4cdab62,f29e75b5bbe65606004e8aff83e06b2c9bf14f65,CCMatrix,We remind you that it is always much easier to solve a problem through the agents of influence than to contact the Leader who makes the decision.,"Нагадуємо, що вирішити задачу через агентів впливу завжди набагато простіше, ніж контактувати з Лідером приймають рішення."
5088c59a168cfb6c48ee,043eb3d3092f529f6ac4578260db05df65922285,CCMatrix,"When consumed as a juice or pulp, acai berries can increase blood antioxidant levels and reduce chemicals involved in oxidative stress (45, 46).","Коли споживаються як сік або пульпи, асаї може підвищити рівень антиоксидантних крові і зменшити хімічні речовини, які беруть участь в окислювальному стресі (45, 46)."
4973a29309bf3b90dc54,ad6ba064a781b6575e04ed7b9e2e3f131220051b,CCMatrix,"All things considered, the relations between Poland and Latvia – the most influential neighbour positively disposed towards the independence of Baltic states – were initially very multifaceted.","Загалом стосунки Латвії з Польщею, найбільш впливовою сусідньою державою, яка підтримувала незалежність балтійських країн, на початку періоду незалежності були дуже складними."
84f480c639ce2c60d3b1,83375956bc56080deb31db14a0ec6758d7e1e7bc,CCMatrix,"We offer you an open electronic archive Ukrainian periodicals containing a large amount of historical press, as well as scientific and literary serials link: WEB","Пропонуємо Вашій увазі відкритий електронний архів української періодики, що містить значний масив історичної преси, а також наукових і літературно-художніх серійних видань за посиланням: WEB"
1c594a6a8d17602b8099,a8acd7f13048d31468b97e2ec26920c3f46c95dd,CCMatrix,"And in a democracy, any prosecution of important figures from the political opposition will always, rightly, be the subject of particular scrutiny both inside the country and outside.","А в демократичній системі будь-яке судове переслідування важливих представників політичної опозиції завжди буде – і це справедливо – предметом особливо пильного спостереження як усередині країни, так і за її межами."
a2cd3f0b6e85ecfe07a0,c02093c17bec7767baaf83fda0250b575b879ef3,CCMatrix,"The longest slope has a length of about 4000 meters with a height difference of 889 meters, which will allow you to fully enjoy the features of the slope and beautiful beautiful scenery.","Найдовший спуск має протяжність близько 4000 метрів з перепадом висот 889 метрів, що дозволить повною мірою насолодитися особливостями схилу і мальовничими пейзажами навколо."
cf3c8fa26b661531deba,6f006dcac57ddadf8a7c42c40d36f33dc297b802,CCMatrix,"""I think there is a lot of anxiety as we leave the European Union, we take a huge risk to our international standing, to the strength of the British economy.""","""Є досить побоювань, оскільки, виходячи з Європейського союзу, ми серйозно ризикуємо нашою міжнародною репутацією і стійкістю британської економіки."
3e916bcb908dae328a85,81c59a70ea0a4fcef6b424f89f6c16f5b8bd1bfe,CCMatrix,"And moreover, He was bearing the sin of His people so that the shadow of God’s wrath casting darkness over His soul was lengthening by the minute.","Тоді велів Братові чигати йому ті золоті засади про підчинення Божій волі, що здається радше походять із неба ніж від людини."
7eb30947f4cd3d4ddcc5,2c2755aaa264dbb4ad54e29283924d8224a64133,ParaCrawl,"American Chamber of Commerce in Ukraine (Chamber) is the most active and effective non-government, non-profit business organization operating in Ukraine.",Американська торгівельна палата в Україні – це найактивніша та найефективніша недержавна та неприбуткова бізнес організація в Україні.
b1b4a3865936683330da,b740bc90bd99457768abaef16e2b456e0e65e190,ParaCrawl,Importation of horses into the territory of Ukraine shall be possible after obtaining of the permit of the State Department of veterinary medicine.,Увезення на територію України коней можливе після одержання дозволу Державного департаменту ветеринарної медицини.
fe6adf7f4ababd3c6286,64bd2230a52ced63d3fd93fd8e380176676a68a1,MultiMaCoCu,"During the war, we are implementing a project providing social and psychological rehabilitation and adaptation for children, adolescents, and adults who have been forced to move from their homes.","У час війни ми реалізуємо проект із соціально-психологічної реабілітації та адаптації дітей, підлітків та дорослих, що переживають війну."
4c76af347bbcae831cd6,368ad485fb81c3c05259264b6d0e4c6c0cbc622f,MultiMaCoCu,"Not recommended for people with hypersensitivity to the components of the drug, women during pregnancy and lactation, children under 12 years of age.","Не рекомендується застосовувати людям з підвищеною чутливістю до компонентів препарату, жінкам під час вагітності та лактації, дітям до 12 років."
24b06e38b4d41974b98a,34e3e09160c642243cf4eeeb768971959cb100c8,MultiMaCoCu,"Such components can be produced by anyone and in any way, which makes their purchase a kind of lottery for motorists who are not versed in this matter.","Такі комплектуючі може виробляти будь-хто і як завгодно, що робить їх купівлю своєрідною лотереєю для автолюбителів, що не знаються на цьому питанні."
ad3f37d920583876e324,a8da71452d107137b73359eee726391210bf039f,MultiMaCoCu,"If the book value of individual components of the object is zero, the starting price is set at the level of the book value of the remaining components.","Якщо балансова вартість окремих складових об'єкта дорівнює нулю, стартова ціна встановлюється на рівні балансової вартості решти його складових."
78ac7935a290afad69fc,bd7e415ee7e352b4cfd8bc79a8c31e377b74b319,MultiMaCoCu,"Also welcome to visit the restaurant ""Victoria"", which is the main hall for 40 persons, banquet hall that can accommodate 130 people, and VIP-hall for 12 people.","Також запрошуємо відвідати ресторан ""Вікторія"", де є основний зал на 40 персон, бенкетний зал, де можуть розміститися 130 осіб, і VIP-зал на 12 людей."
4f8abebd1459e60e2845,6f03b347df9e9b98a49209dc577fed5230abac50,MultiMaCoCu,"Delivery of cargo with the service ""Cash on delivery"" and delivery of transfers is carried out 6 days a week according to the working schedule of the Company's representative office.",Видача вантажу з послугою «Післяплата готівкою» та видача переказів здійснюється 6 днів на тиждень за графіком роботи представництва Компанії.
973451aa3f9850da6cad,638797d7f1ee71012507ee3f4ab0134f912829b2,MultiMaCoCu,"A principal accent is done on practical applications of probabilistic-statistical methods, usage of the computing engineering and computer networks.","Основний акцент робиться на практичних застoсуваннях ймовірносно-статистичних методів, використанні обчислювальної техніки та комп'ютерних мереж."
20aabd70812c50756903,83ee8f4896b0c812ffa72bf46edc1cb2023a966a,MultiMaCoCu,"During the meeting were discussed such issues as general principles of NATO, its global tasks and programs, which were realized or planned to be realized in the nearest future.","Під час зустрічі обговорювалися такі питання, як основні принципи НАТО, його масштабні завдання та програми, які було здійснено або реалізація яких запланована на найближче майбутнє."
9195244e21ca0b1cab36,b8facb8d73dcf84e62892aad704ef7e3ab06ad02,MultiMaCoCu,"All documentation, our property including personal belongings of association's members were captured and kept inaccessible for nine long months.","Вся документація, майно, включаючи і особисті речі членів асоціації, були захоплені і недосяжні для використання довгих дев'ять місяців."
d163c27c4f014c08c72b,a7fe9f76a8bfbdcdc8150a3cf5aa0b6cdbe717eb,CCMatrix,"At the conclusion of World Youth Day in Madrid, I blessed a number of young people from the different continents who were going forth on mission.","Завершуючи Всесвітній День Молоді в Мадриді, я благословив декількох молодих людей з різних континентів, які відправлялися на місію."
04251b3924ea245bfb62,ab869a2fcfe9e3102cbe6ac2b599e2d60acdc4c8,CCMatrix,"Logistics is the science of coordinating activities such as delivery, storage or transporting up to the customer’s point of requirement of goods, services and information within an economical plan.","Логістика є наукою про координацію заходів, таких як доставка, зберігання або транспортування до точки клієнта потреби товарів, послуг і інформації в межах економічного плану."
51d91f35452ce3c677c0,4cb90bcd249eba71744306f1018f805403aa193c,CCMatrix,Canada and Mexico were given specific exemptions from the tariffs for an indefinite period while negotiations continue on the North American Free Trade Agreement (NAFTA).,"Канаду і Мексику звільнено від тарифів на неозначений термін, тоді як продовжуються переговори в справі Північноамериканської угоди про зону вільної торгівлі (NAFTA)."
76e0d020da05bacab967,d28d53e0bde21f253f3c48aaf2630fa5a7e2ad11,CCMatrix,The Ukrainian Foreign Ministry called the Russian elections in Crimea and Sevastopol “null and void” and called on the international community to give a “principled assessment” of these elections.,У МЗС України назвали «юридично нікчемними» російські вибори в Криму й Севастополі та закликали міжнародне співтовариство дати «принципову оцінку» проведення цих виборів.
4120dd990cf9b8fc0896,1b019af4572d969af960d6fcbc8361bda1fd8e2d,CCMatrix,"The idea of celebrating a specific date was picked up in other states of the Caribbean, as well as in countries of Asia, Europe, Australia and North America.","Надалі ідею святкування специфічної дати підхопили й в інших державах Карибського басейну, а також у країнах Азії, Європи, Північної Америки, Австралії."
d786995b757d3f89e895,d9eebb96d1bf2656bb93c1b2d2836696a2ea6b8c,CCMatrix,The first titles — “A Journey Through Charms and Defense Against the Dark Arts” and “A Journey Through Potions and Herbology” — will be published on June 27.,Перші видання “Подорож крізь чари і захист від темних мистецтв” і “Подорож крізь зілля і гербологію” опублікують в електронному форматі 27 червня.
43e93145fe547a971eb6,12c623cada05988c3996b357a8d67d50c22568dc,CCMatrix,Background: The Caroline Islands are a widely scattered archipelago in the western Pacific Ocean; they became part of a UN Trust Territory under US administration following World War II.,Каролінські острови являють собою широко розкидані архіпелагу в західній частині Тихого океану; вони увійшли до складу підопічної території ООН під управлінням США після Другої Світової Війни.
2e55aeb59c37596322f7,09caaec5bbd7d341550c606572987cae3cbf25b9,ParaCrawl,Established professional sound equipment made auditorium Engineering and Pedagogical Academy modern professional place that can provide a decent conduction of diverse shows and modern events.,"Інстальоване професійне звукове обладнання зробило актовий зал Інженерно-педагогічної академії сучасним професійним місцем, здатним забезпечити достойне проводення різнопланових шоу та заходів на нормальному сучасному рівні."
d9c5cc85ef33606baf67,0c0d4b587a06c9e957a66a795d0a30dee46c72ae,ParaCrawl,"But it was not a book. In the box was a work of art, an artificial nightingale most like the real one except that it was encrusted with diamonds, rubies and sapphires.","Але це була не книга, а коробка; в ній лежав маленький художній виріб — штучний соловей, схожий на живого, але весь обсипаний діамантами, рубінами та сапфірами."
833029e610c775393a9c,c1c3e00bf51aa75406753f2be1a5896563f7de3e,ParaCrawl,"Thus, after reaching in September basic agreements on the return of Georgian products to the Russian market, in October Russia again used the embargo on Georgian wine products.","Так, після досягнення у вересні ц. р. принципових домовленостей щодо повернення грузинських товарів на російський ринок вже у жовтні Росія знову застосувала ембарго на виноробну продукцію Грузії."
4ed6704787d8113155a4,80ec10defd8ae189a5206560f2973bed32f0fdab,ParaCrawl,"The apartment has 2 LCD TV with USB connector, digital television (more than 120 Russian-speaking channels), WI-FI internet, equipped kitchen with utensils, washing machine, additional heating, 2 fl.","У квартирі: 2 LCD телевізора з USB роз'ємом, цифрове телебачення (понад 120 російськомовних каналів), WI-FI інтернет, обладнана кухня з посудом, пральна машинка; додаткове опалення, 2 пов."
dc467675290fa148a3ed,8b331c3ada24d337456b755b1f241867d482f9f1,ParaCrawl,However I did not believe the words until I came and saw with my own eyes; and indeed the half was not told me. Your wisdom and prosperity exceed the fame of which I heard.,"І не повірила я їхнім словам, аж поки сама не прийшла та не побачили мої очі, і ось не була представлена мені й половина великости твоєї мудрости: ти перевищив славу, про яку я чула!"
9180aed48590846fbea5,aad852d759160f3190cee58f782ce7607be02ad6,ParaCrawl,The purpose of the article is to study the effect of accumulation mechanisms on the dynamics of the construction sector in the post-crisis period.,Мета статті полягає в дослідженні впливу накопичувальних механізмів на динаміку будівельного сектора в посткризовий період.
87501b8a681879912d40,bc24f7d69e4e1faa9f2c18dd89979f5a8690b148,ParaCrawl,"Unfortunately, the M-9 complex was not mass-manufactured, though its design and the successful use of the model demonstrated the powerful creative potential of Kartsev's team.","На жаль, обчислювальний комплекс ""М-9"" промислового освоєння не отримав, але його розробка й успішна експлуатація макету стали наочним свідченням величезного творчого потенціалу колективу, очолюваного М.О.Карцевим."
943a25b206a6894e4359,fd3611be6766353b5eaecb17e6039559a254ecfe,CCAligned,"Charter flights are an ideal choice for those, who desire to make good use of their time and money. Which is exactly why our clients entrust us with their voyages.","Чартерний рейс – це ідеальний вибір для тих, хто прагне ефективно використовувати свій час і гроші. Саме тому клієнти довіряють нам свої поїздки."
977755505845d2b93f13,52b5ea733c7ecb54c43c58b12dc167982f3b6405,MultiMaCoCu,To make a preferential choice for a candidate the voter will need to write the sequence number of this candidate according to the regional party list into the ballot paper.,"Таким чином, виборець насамперед голосуватиме за партію і додатково зможе проголосувати за кандидата в депутати від цієї партії, якого він/вона підтримує."
49d96a5acf9ae390e7fd,05b02f59f1527016f201f68d74b01441740a74d8,MultiMaCoCu,"Which room amenities are available at Unahotels Bologna Centro? Top room amenities at Unahotels Bologna Centro include a private safe, a mini fridge bar and a work desk.","Які зручності в номерах доступні в Unahotels Bologna Centro? Найпопулярніші зручності в номерах Unahotels Bologna Centro: мінібар, особистий сейф і письмовий стіл."
9865a40f74b070e8bcf2,fc2804db541f35c9c786f55f28d838998bf03b88,MultiMaCoCu,"In the building with the address Street Sadova, 4a in in city Boyarka, according to our data, are located and provide services two companies, among which: Road haulage, Courier services and other.","У будинку за адресою вулиця Садова, 4а у Боярці, за нашими даними, знаходяться і надають послуги дві організацій, серед яких: Автомобільні вантажоперевезення, Кур'єрські послуги та інші."
f92b5ebce1d6216cf690,1c62f24856d4e51836d97fa712ea9de650ba41fe,MultiMaCoCu,"Taxi ""Standard"" is ideal for those who are not accustomed to excessively saving on themselves and their needs, however, do not agree to spend more than the average amount for these purposes.","Таксі ""Стандарт"" ідеально підходить тим, хто не звик надмірно економити на собі та своїх потребах, однак, не згоден витрачати суми більше тих, що в середньому покладаються для цих цілей."
444e169b6b705ce5813d,b8660cdcdd9f9da76420ec8c1413dcfa0902859a,MultiMaCoCu,"In 2020 he directed and made the short film The Last Flight, which was a finalist in the 2020 CG Architect award for best non-commissioned film.","У 2020 році він став режисером і зняв короткометражний фільм «Останній політ», який став фіналістом нагороди CG Architect у 2020 році за найкращий незамовний фільм."
4867e694337cacac29f4,2ba626270d600dcfc7f657f85717f9c46791af8d,MultiMaCoCu,"Also, a microwave oven, an electric kettle and a fridge can be found here. This property boasts exceptional location. It has a score 9.5 out of 10 for location according to the visitors' reviews.","Ці апартаменти мають номери з телебаченням, прасувальною дошкою і кам'яним… Цей готель має чудове розташування. Він отримав оцінку 8.7 з 10 за розташування, згідно з оцінками гостей."
22f0325cf1ab9c2ea162,46c2084489ac10ea45122cf54683f55c2daa7709,MultiMaCoCu,"Each brand of our ice-cream – it's an opportunity to be pleasantly surprised with an unusual taste, principally new shape and uncommon composition of ingredients.","Кожний бренд нашого морозива - це можливість приємно здивувати вас незвичайним смаком, принципово новою формою або нетривіальним поєднанням інгредієнтів."
0eda59c7b33c7768c21f,6822706bbd5694b11b66f39eba48dd0a302d352e,MultiMaCoCu,"Our specialists will help you to inspect and make the right decision to replace, and possibly repair, the structures, preventing their premature failure.","Наші фахівці допоможуть оглянути і прийняти вірне рішення щодо заміни, а можливо і ремонту конструкцій, попередивши їх передчасний вихід з ладу."
bf2117ed88856a2a0570,51d24e3ca853a1cd2888b3f540c8fa3086b170e1,MultiMaCoCu,"It's better to figure it out right away and do it right, rather than going through your options and guessing what caused your Google Ads account to be blocked.","Краще одразу розібратися та зробити правильно, ніж перебирати можливі варіанти і здогадуватися, котрий з них спричинив те, що ваш акаунт Google Ads заблоковано."
cda48bced47dc9dd1010,35061fd62a831f839f376b65d3d21055dad073c4,ELRC-5183-SciPar_Ukraine,"Taking into account the results of theoretical analysis of the scientific literature, thecharacteristics, stages, forms and types of voluntary attention of the individual wereestablished.","З урахуванням результатів теоретичного аналізу наукової літератури встановленовластивості, стадії, форми та типи довільної уваги особистості."
cc0ba9739102b728760e,bd0cc622bbe1a19f3e5659d0b38bab1a551c01b5,CCMatrix,"Formation of the Ukrainian diaspora in Spain actually began after World War II, when the difficult postwar years the first small group Ukrainian-students came to Madrid in search of a better life.","Формування української діаспори в Іспанії фактично розпочалося після Другої світової війни, коли у важкі повоєнні роки перша нечисленна група українських студентів прибула до Мадрида в пошуках кращої долі."
930a6c4416cf50d116aa,ea434b6c68e294eb41f3cfb6d67bb49c7047f6c2,CCMatrix,"And for the lovers of the «sweet life» it will be pleasant to know that quite near the Railway Station there are cafes, which offer to taste and buy pastry of the local producers.","А любителям «солодкого життя» буде приємно дізнатися, що зовсім поряд з вокзалом є кафе, які пропонують скуштувати та придбати кондитерські вироби місцевого виробника."
259692276100bcbf885e,662682e615a290f25f08a2cf62fa33f55f4e3606,CCMatrix,"Park Guell is an incredibly beautiful place designed to create a private residential complex that would resemble the popular style of construction in England, which is a garden city.","Парк Гуель - неймовірно красиве місце, спроектоване з метою створити приватний житловий комплекс, який би виглядав популярний стиль будівництва в Англії, являє собою місто-сад."
910c41b65c09e132f3b5,a7da6c4db15865d2f5974d2a6f15aba7891d6a0d,CCMatrix,"Very quickly, gear steel demand in the international market - in London, Brussels and even Moscow, which brought huge profits to owners of the company.","Дуже швидко шестірні стали користуватися попитом на міжнародному ринку - у Лондоні, Брюсселі й навіть Москві, що приносило власникам фірми величезні прибутки."
914cfe4324f28e031210,2eb1d831d8b8ac027a9adf4638c4d989a9e89231,CCMatrix,"Due to the fact that LinkedIn has no official representative office in Russia, the federal watchdog took legal action requesting the court to restrict access to this network.","Оскільки LinkedIn не має офіційного представництва в Росії, Роскомнадзор звернувся за обмеженням доступу до мережі в суд."
a692d136fe3b6168c0b9,401cc2bbd54ac51dc022508979ea986678095f84,CCMatrix,"Copy of a letter of the relevant Latvian higher education institution or research institution, confirming the foreigner’s opportunity to do research work there.","копія листа відповідного латвійського вищого навчального закладу чи науково-дослідної установи, що підтверджує можливість іноземця провести там дослідницьку роботу."
cd469619498fbf11b231,15e28bb2588cce7749216c682eb977f286c4745d,CCMatrix,"Worried about the possibility of an Indian uprising and/or an armed slave rebellion, Governor DuVal requested additional Federal troops for Florida.","Занепокоєний можливістю повстання індіанців чи повстання рабів, губернатор Флориди Дюваль попрохав про додаткові війська."
ca2de7e1aa4cc789754d,dd4b1145fa91e3d2534cffaa018fd3b1cbfd6627,CCMatrix,"Each file or network virus infects files of one particular or several OS - DOS, Windows 3.xx, Windows95/NT, OS/2 etc. Macro viruses infect the Word, Excel, Office97 format files.","Кожен файловий чи мережний вірус заражає файли який-небудь однієї або декількох ОС – DOS, Windows 95/98, Windows NT / 2000 і т. Д. Макро-віруси заражають файли форматів Word, Excel, Microsoft Office."
84d52e6bc62926473ff4,7678798105357bb8223635162a7864deb2b9bfa1,CCMatrix,"""iPad creates and defines an entire new category of devices that will connect users with their apps and content in a much more intimate, intuitive, and fun way than ever before.""","“iPad створює і визначає абсолютно нову категорію пристроїв, які з’єднують користувачів з їх програмами і контентом в набагато більш близькою, інтуїтивно зрозумілою і захоплюючій манері, ніж коли-небудь раніше”, — говорив засновник Apple в 2010 році."
8313085e74a930330454,0ce1e7496675d72aa8eab9c39f0e553f3d712a7e,CCMatrix,"We have been able to reliably serve our clients through the most difficult of times, even when other companies just simply could not get the job done.","Ми досягаємо оптимального вирішення проблем наших клієнтів в будь-яких ситуаціях, навіть тоді, коли інші компанії нічого не можуть зробити."
e8f28f124e719733801e,c936c73efe81928f027d58a75299ec516f0f441d,ParaCrawl,"Six, do not forget – air fares to Valparaiso, Indiana vary significantly depending on the date, so always check the fares for at least several neighboring dates.","По-шосте, не забувайте про те, що ціни на авіаквитки до міста Вальпараісо, Індіана значно варіюються в залежності від конкретної дати, тому обов'язково перевіряйте ціни на квитки на літак як мінімум на кілька сусідніх днів."
0e5e0e44383fabf583ed,34f2176b0b31117c12e7665fdafd24d75eba4e58,CCAligned,"International specialized exhibition «Weapons and Security 2017», that has held in Kiev, became a debut for Association of Ukrainian Defense Manufacturers.","Міжнародна спеціалізована виставка «Зброя та безпека – 2017», яка проходила у Києві, стала дебютною для Асоціації виробників озброєння та військової техніки України (AUDM)."
ce96464f276075898216,7abe645f334c6f1c6287a6c476e9a8bca0c963d2,CCAligned,"Decree on Peace declared an immediate ceasefire at the front ofGermany, negotiations with warring parties, without making peaceannexations and indemnities.",Німеччиною; початок переговорів з воюючими сторонами; укладення миру без
79a9a035d56f7a2d53f9,db82e5b7d9534dea54f92e1e2d616e7e1273e9d7,MultiMaCoCu,"As of August 1, 2022, Mykhailo Miroshnichenko has been temporarily entrusted with the duties of the head of the Odesa customs office,"" the message states.","З 1 серпня 2022 року виконання обов'язків начальника Одеської митниці тимчасово покладено на Мірошніченка Михайла"", — вказано у повідомленні."
1ec6ea1c620d96adf71d,8d3fc1b1c598398a06392fcb0d7e5ddc399023e5,MultiMaCoCu,"For our part, we are making maximum efforts to increase the number of international organizations that can provide financial assistance to Ukrainians affected by the war.","Зі свого боку ми докладаємо максимальних зусиль задля збільшення кількості міжнародних організацій, що можуть надати грошову допомогу українцям, що постраждали від війни."
08b8c66c747251ed62fd,b3c88f0ac864fa799b940fc91509850f96b00554,MultiMaCoCu,"One of the basic meanings of the word e·xa·naʹsta·sis is getting up from bed in the morning; thus it can well represent a resurrection occurring early, otherwise called ""the first resurrection.""","Одне з основних значень слова ексана́стасіс — «вставати зранку з ліжка», тож воно цілком доречно вказує на раннє воскресіння, яке ще названо «першим воскресінням»."
6fd2993ec1cc1ab19464,741e7cbffa3fe3dd372b29da43498b0cdb763d72,MultiMaCoCu,Rate the relevance of the content of the article: whether the level of material contained therein modern achievements of science and technology.,Оцінити актуальність змісту статті: чи відповідає рівень викладеного в ній матеріалу сучасним досягненням науки і техніки.
b5b222ce6c2e8e30e8d3,d03270a6a2079d7c012212689c48ada165b983ae,MultiMaCoCu,"«Social calculator» calculates monthly financial need of project participants for urgent family needs, including the expenditures, income and other indicators of material security.",«Соціальний калькулятор» включає обробку показників матеріальної забезпеченості учасників проекту і знаходиться у відкритому доступі на сайті.
b3ba172ab22e9ba9daaf,7e87d93700100a64e9ec272373adc182697644bb,MultiMaCoCu,"Prior to the holding of elections in Donbass, an international administration needs to be created to manage the process, involving representatives of the UN Security Council's member states.",До проведення виборів на Донбасі необхідно створити міжнародну адміністрацію для управління процесом за участю представників держав-членів Ради Безпеки ООН.
553baa9470f88c421792,a4d99ed3677a36622e960e2152cab534fcb4b837,MultiMaCoCu,In web design studio WebStudio2U you can order a site of corporate type which will represent your organization on the Internet in a proper manner.,"У студії веб-дизайну Webstudio2U Ви зможете замовити сучасний, яскравий корпоративний веб-сайт, який буде запам'ятовуватися відвідувачам і гідно представляти Вашу організацію в мережі Інтернет."
1b36de33d34ce1fc8101,553cf69bbaf749d9177b9b926bccef1efaba1c02,MultiMaCoCu,"Despite the original idea of the role and ideological functions of the institution, the Maria Zankovetska Theatre has adapted well to the cultural life of Lviv and found its niche.","Попри первинний задум щодо ролі та ідеологічних функцій установи, театр імені Марії Заньковецької непогано адаптувався до культурного життя Львова і знайшов свою нішу."
5b54d053b845b4cfa5d7,0b94984673fc167659c809fb8ed351f82929ce6d,MultiMaCoCu,"After analyzing the received information, you will be able to determine in what part of the day you should expect worsening or improvement of weather conditions in the city Ponyri Vtoryye today.","Проаналізувавши отриману інформацію, Ви зможете визначити, в якій половині дня варто чекати погіршення чи покращення погодних умов у місті Вурнарське міське поселення сьогодні."
6fd79b7899ebff6b1c5b,1993ef1727ddd68b73cf738e62c5c018cafe851d,ELRC-5179-acts_Ukrainian,"The time at which the supplier of the service must determine the status, the capacity and the location of the customer, whether a taxable person or not, should also be specified.","(a) державу-член, з якої товари були відправлені або перевезені, а також дату відправлення або перевезення товарів;"
48e5abd9779bc7c3e5c2,5e6ee49fb2e597eb349f394708435fee221025b2,CCMatrix,"Despite the sports loss, in fact no one is defeated, because everyone makes new friends, acquaintances, positive emotions and pleasant memories.","Незважаючи на спортивні програші, фактично ніхто не зазнає поразки, адже кожен набуває нових друзів, знайомих, позитивні емоції та приємні спогади."
64be59b00fed485646db,cd5cb3fbcbd38b4c9cc1e7e6746137d0b5a35476,CCMatrix,"Scientists are also researching vaccines that one day might help to prevent HIV infection, but it's a very tough assignment and no one knows when these vaccines might become available.","Вчені також дослідження вакцин, які можуть в один прекрасний день допоможе запобігти зараженню ВІЛ, але це дуже складним завданням, і ніхто не знає, коли ці вакцини можуть бути отримані."
2ad4f773ddcaeed28fea,caa83daaf2bd7e49ceaf4430d8dfa91471a0deef,CCMatrix,"When necessary, the Center of Urban History will act as a free of charge mediator between the owner of collection and possible publisher or researcher as to the copyright regulation;",При необхідності Центр міської історії безкорисно візьме на себе функції посередника між власником збірки та можливим видавцем або дослідником щодо регуляції права власності;
d930eadd8fa75952b3a6,b65061d28041a1c9328dfc6eca7bb1aa0f53c523,CCMatrix,"Per prior agreement when I joined Arizona State University, I do not do any client-specific work for the firm, nor do I engage in any representational activities.","За попередньою домовленістю з часів мого працевлаштування в Арізонському державному університеті, я не займаюся жодною конкретною роботою для клієнтів фірми, а також не займаюся представницькою діяльністю."
7a94bdb19a68ae11eeac,761297474d7dd9858440a9b742ec42345bb25f49,CCMatrix,"Calculation allowed a temporary difference of the proposed year, compared with the tropical year, amounting to 365, 2422 days, be reduced to nineteen seconds.","Проведений розрахунок дозволив тимчасову різницю пропонованого року в порівнянні з тропічним роком, обчислюється в 365.2422 дня, звести до дев'ятнадцяти секундам."
ba8c80c2d2634f66e0e4,dc4829121fda43c03c71a36807da0b3d1c43a9cf,CCMatrix,"Information on the activities, structure and policy of the Ministry; development strategy, projects; articles on the status and financing of the Chernobyl nuclear power plant.","Інформація про діяльність, структуру та політики Міністерства; стратегія розвитку, проекти; статті про стан і фінансування Чорнобильської АЕС."
9f098ae07286a3030c11,e70fb69c7c4393b4f93ed894a458a1ef69f73965,CCMatrix,"Using transmission electron microscopy, a technique in which electrons are beamed through a specimen to create an image, the researchers have mapped how different elements are distributed in GEMS.","Використовуючи просвічувальну електронну мікроскопію, метод, в якому електрони пропускаються через зразок для створення зображення, дослідники відзначили, як різні елементи розподіляються в GEMS."
c3217862d1c5d2824123,924cd354231f25a7b3d67f1d4efa4d4feae9b524,CCMatrix,"“I focus attention on the importance of combating crimes in the agricultural sector, namely: a raider seizure of the crop or of the land and proper clearance of this land.","""Я акцентую увагу на важливості протидії злочинам в аграрному секторі, а саме, рейдерське захоплення врожаю і господарств, а також належного оформлення цієї землі."
f3bd83d3fcd4f6a8cfb3,c962f66b1e38234d521a162b918d23f59c890f39,ParaCrawl,"In view of the above analysis, we humbly submit that the revoking of Srila Prabhupada's final instruction regarding initiation on November 14th, 1977, was at best an arbitrary and unauthorised act.","Зважаючи на вищенаведений розбір, насміємо стверджати, що скасування останнього наказу Шрилі Прабгупади щодо висвячень у Товаристві після 14-го листопада 1977-го року було, принаймні, спірним та неправосильним вчинком."
1abacae7314599eed602,7167068561c4ce7b50580168a7b87f3c8f3af61d,ParaCrawl,"Its location in one of the main avenues of the Capital of Ukraine Kiev (Victory Avenue) gives ""ARMA"" an advantage of the proximity to the well-developed transport network.",Форма власності - 100 % колективна. Місцезнаходження - одна з центральних магістралей столиці України м.Києва (проспект Перемоги).
b168a4f010885124272d,7ac5295e94ef037345d1d35ea409ccc86c419214,ParaCrawl,"Construction company ""Budivelnik-3"" carries out installation of underground utilities by directional drilling with using the latest building technologies and modern drilling equipment.","Будівельна компанія «БУДІВЕЛЬНИК-3» здійснює монтаж підземних комунікацій методом направленого буріння, із застосуванням новітніх будівельних технологій і сучасного бурового обладнання."
1ae274159a4b148d5acf,422a2ca047f669c0bef67877f35fbad8613563a1,ParaCrawl,"If you've have heard of these terms like REST and API, but don't have a complete understanding of how they work or how to build your own API, this series is...","Якщо ви чули ці терміни або працювали з API, але ще не до кінця зрозуміли принцип їх роботи або як створити свій власний API, то ця серія посібників для вас."
7c5fc2e4a239b28e2ff6,1d30404955ba02895256c7df1f42fa23a784d8bb,ParaCrawl,"Law firm ""Praves"" is actively involved in social projects, our lawyers are members of non-governmental organizations that provide legal assistance to citizens.","Юридична фірма «Правес» бере активну участь в соціальних проектах, юристи нашої компанії є членами громадських організацій, які надають правову допомогу громадянам."
fa862630589a51e86c66,ea2e4b9440065ad8d8829299d8ef1e192171feed,ParaCrawl,"Mrs. Saunders, the caretaker, was about to leave, but she had no hesitation in admitting us, for the door shut with a spring lock, and Holmes promised to see that all was safe before we left.","Місіс Сандерс, покоївка, вже збиралася йти, але, анітрохи не вагаючись, відчинила нам; на дверях був автоматичний замок, і Холмс запевнив, що як слід перевірить його, коли ми виходитимемо."
335585042cf032a65094,d8542aa48b56f2a3d073887dbf7dd35dccf48d60,ParaCrawl,Today Russian occupation of the Crimean peninsula continue to pose direct threats to not only the norms and standards of the international law.,Сьогодні агресія Росії на Донбасі і окупація Кримського півострова продовжують становити пряму загрозу нормам і стандартами міжнародного права.
b8ccd22268ac03f21357,c9e02fb60edf30b9f114744bb083b48a74d9c697,ParaCrawl,"For example, add new sections to the site, remove outdated or irrelevant information, refresh certain design elements, add support of 3rd-party software, and so on.","Наприклад, додати нові розділи на сайт, забрати вже неактуальну інформацію, освіжити ті чи інші елементи дизайну, доробити прив'язку до іншого ПЗ тощо."
7d228efd7f972577bc26,3390df561eeb224295c9403b71f5637503822b6c,CCAligned,"We respect your time and understand your responsibility. That is why we are ready to provide a project report so that you know exactly what is already done, and what is still pending.","Ми поважаємо ваш час та розуміємо, яка відповідальність лягає на ваші плечі. Саме тому в будь-який момент ми готові надати звіт з проекту. Ви знаєте точно, що вже виконано і що має бути виконано."
9a7239c1439262738d39,a9286e182a83966b5777833f7fc4852b5ba34310,CCAligned,"Organizers of the project are asked to treat it as a simple indicator of public and expert opinion, which, however, adds value and is a kind of reference point for the country.","Рейтинг не є репрезентативним. Організатори проекту просять ставитися до нього як до полегшеного індикатору громадського і експертного думки, яке, тим не менш, надає цінність і є своєрідним орієнтиром для країни існує гостра необхідність в залученні масштабних іноземних інвестицій на постійній основі."
2ee2c2bbaf4027ffb607,342e78cffdf199f3783b06119cbbbe5886c89444,MultiMaCoCu,"World practice"" On 9 December, 2016, the seminar of Ukrainian Bar Association (UBA) Branch in Dnipropetrovsk region ""Legal security of IT-business.",9 грудня 2016 року за підтримки ЄПАП Україна у місті Дніпро відбудеться семінар Відділення Асоціації Правників України (АПУ) в Дніпропетровській області «Правова безпека IT-бізнесу.
63afab3bf5d40c6b63e2,327056d064d96b6dde41d3fd1e2cc4510492375f,MultiMaCoCu,The waiver by either party of any provision or condition of this Agreement or any breach thereof shall not invalidate this provision or condition.,"Відмова кожної зі сторін від будь-якого положення або умови даної Угоди, або будь-яке їх порушення не скасовує дію цього положення або умови."
7fe70594542725d1a332,3164d90899102fcb0805f0d909e4a742344dcbbf,MultiMaCoCu,"For example, on our website the customer can see the conditions of the contract, calculate the final price of the policy and pay for it online.","Наприклад, на нашому сайті клієнт може подивитися умови договору, самостійно розрахувати фінальну вартість поліса, заплатити за страховку онлайн."
85783140d274003c75f2,1b006a09838fd3b9153f56a9ede6ebf3020fbb9d,MultiMaCoCu,"If, nevertheless, you are late for some reason, be sure to inform the escort, operator or agency so that they warn MSC Crociere that you will catch up with the ship at the next port.","Якщо все-таки ви з якихось причин спізнюєтеся, обов'язково повідомте про це супроводжуючому, оператору або агенству, щоб вони попередили MSC Crociere, що ви доженете корабель в наступному порту."
da3785def3f6b98fc94d,1c03e2b3c27e03ed081219078dfa86e514bc9837,MultiMaCoCu,The price of Electronic depth gauges (STANDARD GAGE) quickly calculated on the basis of the required customer technical parameters of the product.,"Ціна на Штангенглибиноміри електронні (STANDARD GAGE) оперативно прораховується, виходячи з необхідних Замовнику технічних параметрів виробу."
ca14ee93e23c3b77bbfc,5af496a6789aecd907408d51012a43a74a6a91d6,MultiMaCoCu,"He shaved and decided to go to the store by 7:00 o'clock in the morning, an hour before the opening time, in order to take a place in the queue as close as possible.","І Володя пішов, мій сусід, він поголився і вирішив піти в магазин до 7-ї ранку, за годину до відкриття, щоб зайняти чергу якомога ближче."
67abe2ae0b0df9f52d90,24c942e7f4519999479a9646366ef6bcec2cd479,MultiMaCoCu,"Thus, revenue officers, first of all, will assess the economic component of the outstaffing to determine the reality of the services on the basis of the documentary provision of relevant processes.","Отже, податківці в першу чергу будуть оцінювати господарську складову аутстафінгу для визначення реальності наданих послуг на підставі документального забезпечення відповідних процесів."
18032eb11fdf87aa5490,a94fe2a95c8b1cd6d557b8661210ddfde80fee16,MultiMaCoCu,"All this requires amendment or adoption of a new version of the State Strategy for Regional Development until 2027 (SSRD-2027), which may include the Plan for the Recovery of Regions.","Все це потребує внесення змін чи ухвалення нової редакції Державної стратегії регіонального розвитку на період до 2027 року, складовою частиною якої може бути План відновлення регіонів."
6246a39116b8eb7a13f0,82cb04ef8d6e21c2da6fa775daf7653a843b9c06,MultiMaCoCu,"Earlier, on 8 November, Prime Minister Volodymyr Groysman held a meeting on implementation of the local self-government reform and further steps to implement it.","Раніше, 8 листопада Прем'єр-міністр України Володимир Гройсман провів нараду з питань реалізації реформи місцевого самоврядування та подальших кроків з її виконання."
37488a4dc8df45c22277,b71a97c3cdee3886d676ca8b3723044ab8233288,MultiMaCoCu,"It has been established that in the case of group interaction of students in the classroom and providing feedback to the teacher, JOL's ranking of judgments is at an average level.","Установлено, що в разі групової взаємодії студентів на аудиторному занятті та надання зворотного зв'язку від викладача рейтинг суджень JOL перебуває на середньому рівні."
bc473ca222c4fdce4ddf,f687aa46089e2b45c69494ce660096181dbf95d1,CCMatrix,"The cat had never gave himself to go for a rest, before he personally convinced that all visitors comfortable and they are properly maintained.","Кіт ніколи не дозволяв собі піти відпочивати, доки особисто не переконувався, що усім відвідувачам зручно і вони правильно обслуговуються."
a47d1069cdcd74869688,77878168f110961049485a56afabd12f08970e27,CCMatrix,Evolutionary psychologist Satoshi Kanazawa has argued that an important cause of intergroup conflict may be the relative availability of women of reproductive age.,"Еволюційний психолог Сатосі Канасава стверджує, що однією з важливих причин конфліктів між різними групами може бути відносна доступність жінок репродуктивного віку."
4a83aa81b2769f3e19e5,de1ad87964cdcb6cac1d11e1aa695b6875185610,CCMatrix,"According to a Knight Frank study, by March 2018, Hong Kong was the leader in annual housing price growth, for the first time since the second quarter of 2015.","Згідно з дослідженням Kight Frank, до березня 2018 року лідером за річним зростання цін став Гонконг – вперше після другого кварталу 2015 року."
3a1b106e514a61eb9faa,cf6be31a6f0307ff0fab4c5c4b7411f164202bc0,CCMatrix,"The Rwanda Tribunal in 1998 handed down the first-ever verdict by an international court on the crime of genocide, as well as the first-ever sentence for that crime.","У 1998 році Трибунал по Руанді виніс перший в історії вердикт міжнародної судової інстанції у справі, що стосується злочину геноциду, а також перший в історії вирок за цей злочин."
c2c8c20a36e5335a538a,98af37dcff3b898d099e104362c6174aadb83d11,CCMatrix,"It is worth mentioning such feature of the Ukrainian judicial system as a lack of judges in a number of district courts and, accordingly, non-functioning of 219 courts throughout Ukraine[51].",Окремо можна згадати так само таку особливість української судової системи як відсутність суддів в цілому ряді районних судів і відповідно нефункціонування цих 219 судів по всій Україні.
8b94fe81ea44d2467a38,7b489b2612441a88e7f849ceecbf898d4dab96b4,CCMatrix,In recent years many Orthodox churches and the church media affiliated with the Russian Orthodox Church (ROC) have often used the term “canonical territory.”,В останні роки в багатьох православних церковних і біляцерковних ЗМІ Російської православної церкви (РПЦ) доволі часто вживається термін «Канонічна територія».
88d275767cfc8370b895,a92ac801b9aad05ba5f2fc51a10f707c4c049c43,CCMatrix,"Spain’s deputy prime minister, Carmen Calvo, announced on Friday that talks with Catalan separatist parties are off, and that there will be no more proposals from Madrid.","Віце-прем'єр Іспанії Кармен Кальво заявила, що переговори з каталонськими сепаратистськими партіями припинені, і Мадрид більше не висловлюватиме нових пропозицій."
6d3c9eaff7c1f9ee386b,7ad00d15e85b5aad59388fa0b70428b98f9ab09e,CCMatrix,"The braves thought that in the morning many people would see the flag, since it was the place, where the columns of students and workers were formed for the May demonstration.","Сміливці розраховували, що вранці прапор побачить багато людей, адже саме тут формувалися колони студентів i робітників, щоб іти на першотравневу демонстрацію на Хрещатик."
8df3cce9dde2ae2fea9c,28dd68e2334cac9831b2090d5626c4d103413e7d,CCMatrix,Here the choice of main course lawyers will be the professionalism of teachers and availability of documents about the end of a standard corporate rates.,Тут при виборі курсів юристів основним буде професіоналізм викладачів і наявність документів встановленого зразка про закінчення юридичних курсів.
c25ffe79b4bf991137a9,f8ec8d2577c8d3f21baeddaf1642ee1af7fe5c71,CCMatrix,Neither are we responsible for indirect losses which happen as a side effect of the main loss or damage and which are not foreseeable by you and us.,"Ми не несемо відповідальності за непрямі збитки, що є побічним наслідком основних збитків або шкоди та які ані ви, ані ми не можемо передбачити."
7e566873b74a1fecbad5,f01338661931431c6fc739c83a26ec4d57993273,CCMatrix,"In ultra-conservative Afghanistan, men and women do not usually mingle unless they are related, and parties involving both genders together are rare and highly secretive affairs.","В ультраконсервативному Афганістані чоловіки і жінки зазвичай не спілкуються, тому вечірки за участю обох статей - рідкісне і дуже потайне явище."
3f8b25c6ae46a0de5124,3e15c1b514961f58a784e8f4666eb24161d70280,CCMatrix,"She said banning abortions would not result in fewer take place, but rather it would lead to ""more irresponsible practices in back rooms and more maternal deaths"".","Пані Плоумен зазначила, що заборона абортів не приведе до меншої їх кількості, натомість її ‎наслідком може стати ""більше безвідповідальних практик у підсобних приміщеннях і більше ‎смертей матерів"".‎"
54ccce4d5defeb3df50e,1e3268c24de0f592ce15c4c9ef898761d79c901a,CCMatrix,"Administration is not responsible for the operation of Web sites Users, including, if operation of these sites has been stopped, damaged in connection with the use of the Service.","5.3 Виконавець не несе відповідальності за роботу веб-сайтів Замовників, в тому числі, якщо робота цих сайтів була зупинена, пошкоджена в зв'язку з використанням Послуги."
5e73a96dfc50261b6dc5,6c5f5750ddeab205fbe1364092f57891a9e208aa,CCMatrix,"The US, in turn, cannot understand why China should be so reluctant to allow the yuan to appreciate, as doing so would help to dampen inflationary pressures.","США, у свою чергу, не можуть зрозуміти, чому Пекін так опирається збільшенню вартості юаня, адже це послабило б інфляційний тиск."
350cb3cf1e8194ab8b6a,72214e23ff975fb97df3a41c956ffa242d2ec14b,ParaCrawl,"Usually Apple trees of this species planted in rows, the distance between them should be left about 1 meter 30 centimeters, and the distance between the trees – 70 cm.","Зазвичай яблуні цього виду висаджують рядами, відстань між ними слід залишати близько 1 метри 30 сантиметрів, а відстань між деревами – 70 сантиметрів."
b694f18633906c7e9f0d,46e1d84a0d336d8b8949157f879b58148f6d61d7,ParaCrawl,"It may lead to a condition called cirrhosis (permanent scarring of the liver) or liver cancer, both of which can lead severe illness and death.","Якщо запалення набуває хронічного перебігу, то може розвинутися цироз, і стан печінки стрімко погіршується, розвивається печінкова недостатність, яка може призвести до смерті."
6164560e4c346584a523,3d2c537dfcc27829e310bc596eb1d33a663d2a37,ParaCrawl,"If you have not taken advantage of a SIM-card which is apart of a starting package (did not made a call before the specified date), you cannot take advantage of services with this starting package.","Якщо Ви не скористалися SIM-карткою, що входить до стартового пакета (тобто не зробили дзвінок до вказаної дати), Ви не зможете скористатися послугами із цим cтартовим пакетом."
3dca17ce41d8b40f286d,709c3872fe2a1badfa1de82cbb91a0f60ee7b655,ParaCrawl,"The device is usually equipped with a camera and a microphone, which makes it possible to use video communication with sound through the Internet.","Пристрій, як правило, вже оснащено камерою і мікрофоном, завдяки чому з'являється можливість користуватися відеозв'язком зі звуком через інтернет."
150f74922593e264b1a1,7c985716b7a085719cce380b77f68fb7c0fa057c,MultiMaCoCu,"Those who are interested in the question of how to move to live in Portugal, you need to know that this will have to go through several stages.","Тим, хто цікавиться питанням про те, як переїхати жити в Португалію, необхідно знати, що для цього доведеться пройти кілька етапів."
41dad2d05dc298184931,560f1315a622c52039b41b5eb4a30f1d616e92af,MultiMaCoCu,"We are pleased to announce that we, together with our European partners – company ""Radwag"" significantly reduced prices for weighing, laboratory and comparators.","З радістю повідомляємо, що ми разом із нашими європейськими партнерами — фірмою ""Radwag"" значно зменшили ціни на ваги аналітичні, лабораторні та компаратори."
6db9b7882b6a3feb9515,e5d0399d343bbd05cbd757a92a1dd7795754c79c,MultiMaCoCu,"The city and Kirovohrad region have a good potential to attract tourists, which will contribute to the formation of a positive image of the region and increase the interest of tourists and business.","Місто та Кіровоградська область мають хороший потенціал для залучення туристів, що сприятиме формуванню позитивного іміджу регіону та підвищить інтерес туристів та бізнесу."
1fbfbb8ecc47bd908a07,a46951f2a810c46063b56c91e22f08f4db413784,MultiMaCoCu,The WinCalc 2.0 calculation program for window drives takes over the complex calculations for the system design of windows and outputs all applicable drive solutions.,Програма обчислення WinCalc 2.0 для віконних приводів бере на себе складні обчислення для проектування системи вікон та видає всі застосовні рішення приводів.
01f9be131884dad5f628,b8e546293df11bb0541e3d235ce6a2307779237c,MultiMaCoCu,The work of the Group of Auditors of the Accounting Chamber on the Danube Transnational Program in Ukraine contributed to the creation of a national management system under the Program,Робота Групи аудиторів Рахункової палати за Дунайською транснаціональною програмою в Україні сприяла створенню національної системи управління за Програмою
d7db6ff3975a62589ec4,b4173d2cefdfc074f9e98f78fb452be04376d12a,MultiMaCoCu,"Over the 50-year period of the faculty's activity, more than 30 doctors of sciences, professors and more than 200 candidates of sciences, associate professors have been trained.","За 50-річний період діяльності факультету підготовлено більше 30 докторів наук, професорів та більше 200 кандидатів наук, доцентів."
b597552417ad86eb44a6,88b8cdc007e16ee1b233b4fe51a3512ec91e4888,MultiMaCoCu,"For from the top of the rocks I see him, and from the hills I behold him: lo, the people shall dwell alone, and shall not be reckoned among the nations.","9З вершини скель бачу я його, і з пагорбів дивлюся на нього: ось, народ живе окремо і між народами не числиться."
8444a6cd40faba448724,0af1ec90b1a426a812d68c5c0b1f150df66b1da6,MultiMaCoCu,"I am an entrepreneur and fully maintain my business, and knowledge gained at ConcordiaUA (Wisconsin International University (USA) Ukraine) helps me a lot.","Я приватний підприємець і повністю обслуговую свій бізнес, у чому мені дуже допомагають знання, отримані в ""Вісконсинському Міжнародному Університеті (США) в Україні""."
e753e7dfbe3010dc71e8,f576d37e9eb89ae5801eb5281dc87d63901dec4c,MultiMaCoCu,The Head of the Pontifical Council for Promoting Christian Unity in his turn stressed that it is very important for the ecumenical movement to inform.,"Голова Папської ради сприяння християнській єдності у свою чергу наголосив, що дуже важливо для екуменічного руху це - інформувати."
16ef7d2f7acd72f84df6,2e7c841d9545095ec1a83e83529db80da390bcfb,TED2020,"Because I want schools to be able to see that Monday is the worst day for eating disorders, so that they can plan meals and guidance counselors to be there on Mondays.","Бо я хочу, щоб в школах побачили, що понеділок найгірший день для харчових розладів, щоб вони розпланували своє харчування, щоб шкільні психологи були на місці по понеділках."
d366f89c60f08830775a,fdd28a69ca38335007caa8e89b798cef9bcd994e,CCMatrix,"Lesya, you have been working over a year at the headquarters of Imperial Tobacco, could you please, recall, how did you get a proposal to move to the city of Bristol?","Леся, понад рік ти вже працюєш у головному офісі Imperial Tobacco, пригадай будь-ласка, як ти отримала пропозицію переїхати у місто Бристоль."
77be6e7b91c7909ecadb,71cf7632d3954318e6a0a71aa091adae3bccd037,CCMatrix,"And because we’re against all forms of animal testing, all of our research is carried out on our wonderful volunteer testers, or by using advanced lab techniques like cell culture tests.","Ми проти всіх форм тестувань над тваринами, тому всі наші випробування проводяться на наших чудових добровольцях або за допомогою спеціальних лабораторних технологій, таких як метод клітинних культур."
e6ce701e66d7e9b04022,66cfb66cbcd05f6763feb61094f8ac1d4fd1a75e,CCMatrix,"The absolute notion not only exists - it is not known where - from the century, but also constitutes the true, living soul of the entire existing world.","Абсолютне поняття не тільки існує — невідомо де — споконвіку, воно є також справжня жива душа всього існуючого світу."
b8260c5c7c802e14f115,5a4347a09c6444f623b656add0eaa73b16fab318,CCMatrix,"Particularly, bill №4310a provides police officers with the right to use, without warning, physical force, special tools and weapons in the area of counter-terrorism operations.","Законопроект №4310а надає працівникам міліції право застосовувати без попередження фізичну силу, спеціальні засоби і зброю у районі проведення антитерористичної операції."
b60774ef11b65e9cec7a,2bbec03d3ac71db3fcc1f6f8a43f5827d7091766,CCMatrix,"Selection of apartments is really rich: from stylish one-bedroom studios to 5 bedroom penthouses, elegant, with a diverse, thought-out plan in detail.","Вибір квартир дійсно багатий: від стильних однокімнатних студіо до 5-кімнатних елегантних пентхаусів з різноманітним, детально продуманим плануванням."
0f3d9c88620b8ebf6217,879666b66a6f2bbaf018e3ccef28e218f2e282e1,CCMatrix,"Therefore, according to him, the only solution to the conflict in the Donbas are joint actions of Ukraine and international partners, first and foremost through diplomatic channels.","За його словами, єдиним шляхом вирішення конфлікту на Донбасі є спільні дії України та міжнародних партнерів, в першу чергу дипломатичним шляхом."
1d8a7e5f06fb22dcfc8b,0fbcc40992cfdbe701132e4b230df6a4cc178626,CCMatrix,"That is why we have collected wines from many countries such as France and Italy, small producers like Israel, Hungary and, of course, Ukraine.","Саме тому у нас зібрані вина від класичних країн-виробників, таких як Франція і Італія, до невеликих виробників як Ізраїль, Угорщина і, звичайно ж, Україна."
f194babc7022a0533ecb,b8127c322efc33a83bae697d9281069c66577ba0,CCMatrix,"Against this background, developers are intensifying their activity - they are completing frozen projects or planning to commission new modern facilities.",На тлі цього девелопери підсилюють активність - добудовують заморожені проекти або планують вводити в експлуатацію нові сучасні об'єкти.
4c85f3b1f3c3ac007528,461458766f6f07f11b12a4fcf4b5d4e02883031c,CCMatrix,"""Come Together,"" the title of the opening track on the Beatles' historic Abbey Road album, reflects John Lennon's desire to bring people together.","""Come Together"" – назва першої пісні з легендарного альбому Бітлз ""Abbey Road"" – відображає бажання Леннона об’єднати людей."
0f66baf5193dcffb8a63,ec5da1551063081576d12daa3901607bbe6fb8df,CCMatrix,They also have cautioned that substances such as marijuana and opioids should be used only for medicinal purposes as prescribed by a competent physician.,"Вони також попередили, що такі речовини як марихуана та опіоїди повинні використовуватися лише в лікувальних цілях чітко за схемою лікування, прописаною компетентним терапевтом."
997af2ecbabb887fef89,a6276f0f48a8ade888d3382fb3f4badb0ee74df6,CCMatrix,"BitLocker is a full-disk encryption tool built into Windows Vista and Windows 7 (Ultimate and Enterprise), and into Windows 8 (Pro and Enterprise), as well as Windows Server (2008 and later).","BitLocker - це повний диск для шифрування, вбудований в Windows Vista та Windows 7 (Ultimate і Enterprise), в Windows 8 (Pro і Enterprise), а також Windows Server (2008 і новіші версії)."
06c74e2a085f2fad9284,f7aca526bfcf8ac4bb597a75acbec779829708c0,CCMatrix,"I would like to formulate these new challenges with a phrase from one Protestant theologian, who presented at the theological conference in Kiev during the “Maidan”.","Я хотів би окреслити ці нові виклики висловом одного протестантського богослова, який презентував богословську конференцію в Києві під час Майдану."
2f4ffff573b325282357,88217fac9622ef1fc834c7cfe22579eb9e8dac2f,CCMatrix,"She didn’t realize what everyone knows: namely, that the expression one wears on one’s face is far more important than the clothes one wears on one’s back.","Вона не розуміла того, що відомо будь-якому чоловіку, а саме, що вираз, що жінка ""одягає"" на своє обличчя, залишає більше враження, ніж сукня, яку вона надягає на своє тіло."
284462104a489732b3c1,ab6233703e784e34437a1d22c9344434705b196f,CCMatrix,"The “luminosity” that characterized this extraordinary event symbolized the purpose: to illumine the minds and hearts of the disciples, so that they could understand clearly who their Master was.","Його Святість підкреслив, що «сяйво», яке супроводило цю незвичайну подію, символізує Ісусову мету: просвітити уми й серця учнів, щоб вони могли ясно розуміти, ким є їхній Учитель."
212071c359b1c4dc1567,3bc9cd7ababcdcb35300365111608f72dc97fd6b,CCMatrix,“We need support from the various international agencies which are more knowledgeable and equipped to handle the kind of emergency we face now.”,"""Ми потребуємо підтримки різних міжнародних агентств, які мають великі знання, а також обладнання, щоб впоратися з такою надзвичайною ситуацією, з якою ми зіткнулися зараз"", - сказав міністр."
3ccc67bd4ec3600f302b,9bb1e1daf2e222736ce21eb6258083ad695b9195,ParaCrawl,"Compensation Russians of red tape when considering their claims in the courts, the law which came into force on May 4, could reach 100-120 thousand rubles.","Компенсація росіянам за тяганину при розгляді їх позовів у судах, закон про яку вступив в силу 4 травня, може скласти 100-120 тисяч рублів."
2d24ab990876e11c1623,df455467b2ea86542806ea6199f6556434a2e33f,ParaCrawl,"Transactions between the clients of the same bank are carried out through operations on their accounts, without use of the bank’s correspondent account.","Розрахунки між клієнтами одного й того ж банку здійснюються шляхом здійснення відповідних операцій за їхніми рахунками, обминаючи кореспондентський рахунок банку."
7944d19718851919f2dd,c2b7ce483e2366ce6581e93fb74ce10ecbf518e3,ParaCrawl,"Foreigners living outside of China don’t often get a glimpse into Chinese LGBTQ culture, partially because the government still views queer people and queer activists as enemies of the state.","Іноземці, які живуть за межами Китаю, не часто мають можливість поглянути на китайську ЛГБТК культуру, частково через правління, яке все ще розглядає людей нетрадиційної орієнтації та гей-активістів, як ворогів держави."
0567a193d91dd9350a1f,9aa506df0f546709ce3da9408e8e9b39522f448f,ParaCrawl,"Today within the walls of Verkhovna Rada, the civil activists reminded the MPS about the absurdity of spending budget money on “promotion” of local and central governmental authorities.",Сьогодні у стінах Верховної Ради громадські активісти нагадали депутатам про абсурдність витрачання бюджетних коштів на «піар» місцевої та центральної влади.
99d85c2bace937b9f899,f29f72ec2a5bcdedb9950637505333adec352aec,CCAligned,"Our main principle is to provide the design, construction/reconstruction and commissioning of power facilities as a complete set of activities from one performer with guaranteed result!","Послуга «Full Service» - передбчачає сервісне, оперативне та експлуатаційне обслуговування для забезпечення максимально ефективної працездатності сонячної електричної станції та мінімізації вартості володіння СЕС."
ffe6f1b9758fd2dc5fbd,7181f476d2f0efd1d98273c0a19ec439be0842f7,MultiMaCoCu,"The proposed palliative care competence of medical workers of middle level (degree of bachelor of medicine, nurses, paramedic, midwife) to be considered as an integrative quality of personality.",Запропоновано введення в навчальний план професійної підготовки майбутніх соціальних працівників спеціальної навчальної дисципліни з паліативної та хоспісної допомоги.
be74651eddd908bcce09,a061046392a153c88ca27b8245356f84f514f4ce,MultiMaCoCu,"Annually the delivery desk provides services to about4 thousand readers that visit it about 6,5 thousand times. Every year 8,5 thousand books are borrowed.","Абонемент щороку обслуговує близько 4 тисяч читачів, які відвідують його біля 6,5 тисяч раз, видача протягом року становить 8,5 тис.прим."
db7b23472080b00cea5c,1201893761c31fe1e94c1680c422b02b93e7dead,MultiMaCoCu,"During the night, units of the Kherson anti-aircraft missile brigade shot down a russian attack helicopter (type is being specified) and a Shahed-136 kamikaze drone over the Kherson Oblast.","Протягом ночі над Херсонщиною підрозділами Херсонської зенітної ракетної бригади збито російський ударний вертоліт (тип уточнюється) та дрон-камікадзе ""Shahed-136""."
51d58497b3d192ae9748,e6b8b7cce5f5e43278b8c9e86aa0a23882fce056,MultiMaCoCu,"Construction company services `` Profi Stroy '' in Ukraine will help to create a favorable atmosphere in the premises, where you can always feel cozy and comfortable.","Послуги будівельної компанії «профі Буд» в Україні допоможуть створити сприятливу атмосферу у приміщеннях, де ви завжди можете почуватися затишно та комфортно."
7ef204fe27e1e1ea2fb9,ea8b588235b53976d96a22030d601382ee7e8386,CCMatrix,It’s also something very similar to what Zbigniew Brzeziński used to say about Russia and Ukraine – about the conditions for possible imperial tendencies.,"Це також дуже схоже на те, що Збіґнєв Бжезінський говорив про Росію та Україну – про умови можливих імперських тенденцій."
6517fa05e6223b11f62d,a65ca258cda508f5b84620878867812d421c4b13,CCMatrix,"Once he realizes that his cousin is on the verge of stardom, he desperately seeks to reconnect in order to improve his life and the life of his daughter, Lotti.","Як тільки він усвідомлює, що його двоюрідний брат знаходиться на межі зірки, він відчайдушно прагне до з'єднання, щоб поліпшити своє життя і життя своєї дочки Лотті."
9fc57a02723ad1952cb3,375bf9c84e10144d7a9bbc401b8658219daa1bf5,CCMatrix,"First, while some firms cease to exist after reaching the target for which they were originally created, many seek to prolong their existence as long as possible.","По-перше, хоча деякі організації припиняють існування після досягнення мети, заради якої вони спочатку створювалися, багато хто прагне продовжити існування як можна довше."
355314be5920fbb0715f,a4dbe173d034b67ad833a4289cc3e72481f1abf4,CCMatrix,Do You Know that the prophecies and signs which herald the Second Advent of Christ are more distinct than were the signs which marked his First Advent?,"Що пророцтва та знаки, що звіщають тепер про Другий Прихід Христа, є більш виразні від тих, котрі знаменували Його Перший Прихід?"
921191a93aabc58cd5d4,0a7119b1154a74bc91ce2f8a611482794c09af50,CCMatrix,"Over the last century, discovered a huge number of new facts, but to explain many of these facts and to build on their basis of any coherent theory of science.","За останнє століття виявлено величезну кількість нових фактів, але пояснити багато з цих фактів і побудувати на їх підставі скільки-небудь зв'язкові теорії наука не в змозі."
d2dab6af64281942c771,3e2369efdc0742916a912e113a25053a370524c6,CCMatrix,"Although there is no fixed “standard” in criminal investigation across the 28 member states of the EU, there are certainly best practices that are universal.","Незважаючи на відсутність єдиного «стандарту» здійснення кримінальних розслідувань в країнах ЄС, деякі найкращі практики є універсальними."
361633033340cf32d80f,d89c4f759dcb7ea582c63daf4a538380a9d7ec47,CCMatrix,You may choose not to provide personal information to MasterCard by refraining from conducting a payment card transaction using a payment card.,"Ви маєте право не передавати персональні дані MasterCard, відмовившись від здійснення операцій з використанням платіжної картки."
5015e272d638e2ba8e76,d711c4c4b194c6a377c1a3d0728b3f8c20264905,CCMatrix,"It is also common for people to talk to others in their native language, irrespective of the interlocutor’s one, so a visitor speaking Russian may be responded to in Ukrainian and vice versa.","Крім того, загальні для людей, щоб говорити з іншими на своїй рідній мові, незалежно від співрозмовника один, так що відвідувач говорить по-російськи, може бути дана у відповідь український і навпаки."
cce26c0236d1a73f9dd6,0bd2b118dc44e8544c3db47c7865a806586341aa,ParaCrawl,"To the group of nutritional components were proteins, carbohydrates, fats, vitamins and minerals, in a word, everything that was used in the later life of the organism.","До групи поживних компонентів відносили білки, вуглеводи, жири, вітаміни і мінерали, словом, все, що використовувалося в подальшій життєдіяльності організму."
b3abf3ec22381ba3de3c,df486576e760427e1b22b60f540376a0b32d1a7d,ParaCrawl,Maybe your PC doesn't meet the hardware requirements; maybe you bought a game by mistake; maybe you played the title for an hour and just didn't like it.,"Наприклад: ваш ПК не відповідає системним вимогам, ви придбали гру випадково чи пограли у неї годинку і вона вам не сподобалась."
908eb668efae85cecde8,86efb33ac4b4284131418c44567c8dba2c78de69,CCAligned,The total strength of the People’s Liberation Army of China after the reform will be about 2 million troops. The reform should be completed by 2020.,Загальна ж чисельність Народно-визвольної армії Китаю після реформи складе близько 2 млн військовослужбовців. Реформа повинна завершиться до 2020 року.
3253ab81528a9d45ae98,9dba8728c60adc8da94d9b913cb11334f58a027d,MultiMaCoCu,"We understand that sometimes it looks like scooping up the ocean with a spoon, but this is our job – to search and prove the involvement of each one,"" she said.","Ми розуміємо, що іноді це виглядає, як вичерпати ложкою океан, але це наша робота – шукати і доводити участь кожного"", – розповіла вона."
